-- phpMyAdmin SQL Dump
-- version 5.1.0
-- https://www.phpmyadmin.net/
--
-- Host: 127.0.0.1
-- Generation Time: Oct 11, 2021 at 02:24 PM
-- Server version: 10.4.19-MariaDB
-- PHP Version: 7.4.19


-- --------------------------------------------------------

--
-- Dumping data for table `vendors`
--

INSERT INTO `vendors` (`id`, `name`, `slug`, `desc`, `logo`, `banner`, `address`, `email`, `website`, `phone_no`, `latitude`, `longitude`, `order_min_amount`, `order_pre_time`, `auto_reject_time`, `commission_percent`, `commission_fixed_per_order`, `commission_monthly`, `dine_in`, `takeaway`, `delivery`, `status`, `add_category`, `setting`, `is_show_vendor_details`, `created_at`, `updated_at`, `show_slot`, `vendor_templete_id`, `auto_accept_order`) VALUES
(1, 'Flywheel', 'flywheel', NULL, 'vendor/kMTjc9TATs2qflKon3GZss5j4wANzfBKeSjqH7Nm.jpg', 'vendor/8c2XFWji25iTF4x8usv1NDqNt28FOBv6daYTWe4F.png', 'Sector 40, Chandigarh, India', 'flywheel@support.com', NULL, '9874563456', '30.739443900000', '76.737980800000', '0.00', '0', NULL, 10, '10.00', NULL, 0, 0, 1, 1, 1, 0, 0, NULL, '2021-10-11 10:54:51', 1, 2, 0),
(2, 'Spread Love', 'spread-love', NULL, 'vendor/d95ukJzHoOIQFtVnqs2uQGrcsfEClBHxeMvcw6WD.png', 'vendor/eJ9Uo3Yio8qt3ZD2HTikne5Rq442NDHr3eddYC0J.jpg', 'Sector 26, Chandigarh, India', 'spreadlove@support.com', NULL, '9867845635', '30.729958600000', '76.810103800000', '0.00', '0', NULL, 13, '13.00', NULL, 1, 1, 1, 1, 1, 0, 0, '2021-10-04 19:03:12', '2021-11-15 10:45:31', 1, 5, 0),
(3, 'The Red Cafe', 'the-red-cafe', NULL, 'vendor/9s02B4OdWyXTm2Hb9rXlUOTHJtfiUzVYfNiHXrXd.png', 'vendor/mhEgIxPquCrdqy2fBP0QvF4g1YlQRD0T63o60j9a.jpg', 'Sector 43, Chandigarh, India', 'theredcafe@support.com', NULL, '9865478467', '30.719058600000', '76.748704400000', '0.00', '0', NULL, 10, '10.00', NULL, 1, 1, 1, 1, 1, 0, 0, '2021-10-04 19:05:24', '2021-11-15 10:45:17', 1, 5, 0),
(4, 'Shipmate', 'shipmate', NULL, 'vendor/K8P4SSyKwo33pBlHnqDgrFTRHRDFyJOOKDHxNlbJ.png', 'vendor/hZHrXAPaJbL1APnGfdNvxXsrqfcKPejaML6vrAjr.jpg', 'Chandigarh, India', 'shipmate@support.com', NULL, '9823451123', '30.733314800000', '76.779417900000', '0.00', '0', NULL, 12, '12.00', NULL, 0, 0, 1, 1, 1, 0, 0, '2021-10-04 19:07:18', '2021-10-07 05:48:24', 1, 2, 0),
(5, 'West Zone', 'west-zone', NULL, 'vendor/FhiQAQ7avgPCv1osVsUIztld64HFclWgjAiIsODw.jpg', 'vendor/khKzjIp9ZByYYTEquG9SyLPOY29cli3yYQoXLZZu.jpg', 'Sector 22, Chandigarh, India', 'westzone@support.com', NULL, '9867543123', '30.732038500000', '76.772633400000', '0.00', '0', NULL, 12, '12.00', NULL, 0, 0, 1, 1, 1, 0, 0, '2021-10-04 19:09:13', '2021-11-15 10:45:05', 1, 5, 0),
(6, 'HealthMart', 'healthmart', NULL, 'vendor/4y22qOyXWIwSG2gKhWnpMSLzxFgN65cRbDmOl1a7.png', 'vendor/yGCLI2hGlbNql1R7zBsYmJXmqRnaZXAp2ocrpWNa.jpg', 'Sector 27, Chandigarh, India', 'healthmart@support.com', NULL, '8936453362', '30.723634600000', '76.797631700000', '0.00', '0', NULL, 15, '15.00', NULL, 0, 0, 1, 1, 1, 0, 0, '2021-10-04 19:14:22', '2021-10-11 11:55:30', 1, 5, 0),
(7, 'Plog Electronics', 'plog-electronics', NULL, 'vendor/kJ2PVrwXdJjHVuVN4dw9GADtw3sy4sBDHwmShRRM.jpg', 'vendor/KeMcZT3kUMlduxSrQXCS6jJzQUzy3bUbo19Lf76p.jpg', 'Sector 17, Chandigarh, India', 'plogelectronics@support.com', NULL, '9809545246', '30.741051700000', '76.779015000000', '0.00', '0', NULL, 14, '14.00', NULL, 0, 0, 1, 1, 1, 0, 0, '2021-10-04 19:17:32', '2021-11-15 10:44:42', 1, 5, 0),
(8, 'Dressify', 'dressify', NULL, 'vendor/w3evi2alGLaDHp1MvZ7Caiv7JAAFgZn7zKaVtxB6.jpg', 'vendor/eduHNF09phhpAIUoLnNCyQM5Ltw8gBL0yw8D8VZR.jpg', 'Sector 19, Chandigarh, India', 'retric@support.com', NULL, '9875936245', '30.729363100000', '76.791972800000', '0.00', '0', NULL, 12, '12.00', NULL, 0, 0, 1, 1, 1, 0, 0, '2021-10-04 19:21:24', '2021-11-15 10:44:29', 1, 5, 0),
(9, 'Cinch', 'cinch', NULL, 'vendor/yhA5rN6E0vdXYNwpCNiAZNXMxiQUROGUeJGUDHss.jpg', 'vendor/a1LFdIUqtGOTD6IeFVTw0OJ9phrTgRBFtbufMTUP.png', 'Sector 22, Chandigarh, India', 'cinch@support.com', NULL, '9468393425', '30.732038500000', '76.772633400000', '0.00', '0', NULL, 14, '14.00', NULL, 0, 0, 1, 1, 1, 0, 0, '2021-10-04 20:48:03', '2021-10-11 10:52:45', 1, 2, 0);

--
-- Dumping data for table `addon_sets`
--

INSERT INTO `addon_sets` (`id`, `title`, `min_select`, `max_select`, `position`, `status`, `is_core`, `vendor_id`, `created_at`, `updated_at`) VALUES
(1, 'Small Parcels', 1, 1, 1, 1, 1, NULL, NULL, NULL),
(2, 'Number of bedrooms?', 1, 1, 1, 1, 1, 9, '2021-10-04 20:53:53', '2021-10-04 20:53:53'),
(3, 'What kind of car services you require ?', 1, 1, 1, 1, 1, 9, '2021-10-04 20:54:22', '2021-10-04 20:54:22'),
(4, 'Number of Bathrooms ?', 1, 1, 1, 1, 1, 9, '2021-10-04 20:54:50', '2021-10-04 20:54:50'),
(5, 'Jackets', 1, 1, 1, 1, 1, 8, '2021-10-11 09:21:30', '2021-10-11 09:21:30'),
(6, 'Coats', 1, 1, 1, 1, 1, 8, '2021-10-11 09:21:58', '2021-10-11 09:21:58'),
(7, 'Denim', 1, 1, 1, 1, 1, 8, '2021-10-11 09:22:25', '2021-10-11 09:22:25'),
(8, 'Fluffy jackets', 1, 1, 1, 1, 1, 8, '2021-10-11 09:22:54', '2021-10-11 09:22:54'),
(9, 'partywear', 1, 1, 1, 1, 1, 8, '2021-10-11 09:23:37', '2021-10-11 09:23:37'),
(10, 'Printed dress', 1, 1, 1, 1, 1, 8, '2021-10-11 09:24:23', '2021-10-11 09:24:23'),
(11, 'Shirt', 1, 1, 1, 1, 1, 8, '2021-10-11 09:25:19', '2021-10-11 09:25:19'),
(12, 'causal t shirt', 1, 1, 1, 1, 1, 8, '2021-10-11 09:25:49', '2021-10-11 09:25:49'),
(13, 'caprii', 1, 1, 1, 1, 1, 8, '2021-10-11 09:26:35', '2021-10-11 09:26:35'),
(14, 'short', 1, 1, 1, 1, 1, 8, '2021-10-11 09:27:25', '2021-10-11 09:27:38'),
(15, 'scirt', 1, 1, 1, 1, 1, 8, '2021-10-11 09:27:59', '2021-10-11 09:27:59'),
(16, 'sweaters', 1, 1, 1, 1, 1, 8, '2021-10-11 09:28:29', '2021-10-11 09:28:29'),
(17, 'Asus Zenbook 14', 1, 1, 1, 1, 1, 7, '2021-10-11 09:37:27', '2021-10-11 09:37:27'),
(18, 'HP Pavilion 15', 1, 1, 1, 1, 1, 7, '2021-10-11 09:39:11', '2021-10-11 09:39:11'),
(19, 'Macbook Pro M1 Chip', 1, 1, 1, 1, 1, 7, '2021-10-11 09:41:13', '2021-10-11 09:41:13'),
(20, 'Iphone 12 Pro Max', 1, 1, 1, 1, 1, 7, '2021-10-11 09:43:03', '2021-10-11 09:43:03'),
(21, 'Oneplus 9Pro', 1, 1, 1, 1, 1, 7, '2021-10-11 09:45:03', '2021-10-11 09:45:03'),
(22, 'Samsung Note 20 Ultra', 1, 1, 1, 1, 1, 7, '2021-10-11 09:46:29', '2021-10-11 09:46:29'),
(23, 'Inspiron 14 Laptop', 1, 1, 1, 2, 1, 8, '2021-10-11 09:48:06', '2021-10-11 09:49:06'),
(24, 'Inspiron14Laptop', 1, 1, 1, 1, 1, 7, '2021-10-11 09:50:12', '2021-10-11 09:50:12'),
(25, 'Lenovo IdeaPad Slim', 1, 1, 1, 1, 1, 7, '2021-10-11 09:51:00', '2021-10-11 09:51:00'),
(26, 'Acer Nitro 5 Gaming Laptop', 1, 1, 1, 1, 1, 7, '2021-10-11 09:51:50', '2021-10-11 09:51:50'),
(27, 'OnePlus 9R 5G', 1, 1, 1, 1, 1, 7, '2021-10-11 09:52:22', '2021-10-11 09:52:22'),
(28, 'Samsung Galaxy S20 FE 5G', 1, 1, 1, 1, 1, 7, '2021-10-11 09:52:56', '2021-10-11 09:52:56'),
(29, 'OPPO F19 Pro', 1, 1, 1, 1, 1, 7, '2021-10-11 09:54:07', '2021-10-11 09:54:07'),
(30, 'Vitamin C + Zinc', 1, 1, 1, 1, 1, 6, '2021-10-11 09:57:12', '2021-10-11 09:57:12'),
(31, 'Folic B9', 1, 1, 1, 1, 1, 6, '2021-10-11 09:57:47', '2021-10-11 09:57:47'),
(32, 'Casein Protein', 1, 1, 1, 1, 1, 6, '2021-10-11 09:58:20', '2021-10-11 09:58:20'),
(33, 'Thermometer', 1, 1, 1, 1, 1, 6, '2021-10-11 09:58:47', '2021-10-11 09:58:47'),
(34, 'Pulse Oximeter', 1, 1, 1, 1, 1, 6, '2021-10-11 10:00:14', '2021-10-11 10:00:14'),
(35, 'Breathe Free Vaporizer', 1, 1, 1, 1, 1, 6, '2021-10-11 10:01:42', '2021-10-11 10:01:42'),
(36, 'Vitamin B-12', 1, 1, 1, 1, 1, 6, '2021-10-11 10:02:29', '2021-10-11 10:02:29'),
(37, 'Hemp Protein', 1, 1, 1, 1, 1, 6, '2021-10-11 10:02:55', '2021-10-11 10:02:55'),
(38, 'Brown Rice', 1, 1, 1, 2, 1, 6, '2021-10-11 10:03:31', '2021-10-11 11:35:10'),
(39, 'Blood Glucose Monitors', 1, 1, 1, 1, 1, 6, '2021-10-11 10:04:24', '2021-10-11 10:04:24'),
(40, 'Blood Glucose Monitors', 1, 1, 1, 2, 1, 6, '2021-10-11 10:04:25', '2021-10-11 10:04:50'),
(41, 'Pedometers And Weighing Scales', 1, 1, 1, 1, 1, 6, '2021-10-11 10:05:18', '2021-10-11 10:05:18'),
(42, 'Bananas', 1, 1, 1, 1, 1, 5, '2021-10-11 10:07:30', '2021-10-11 10:07:30'),
(43, 'Raspberries Mexico', 1, 1, 1, 1, 1, 5, '2021-10-11 10:08:04', '2021-10-11 10:08:04'),
(44, 'Pears Forelle', 1, 1, 1, 1, 1, 5, '2021-10-11 10:08:42', '2021-10-11 10:08:42'),
(45, 'Tomato', 1, 1, 1, 1, 1, 5, '2021-10-11 10:09:29', '2021-10-11 10:09:29'),
(46, 'Sweet Potato Australia', 1, 1, 1, 1, 1, 5, '2021-10-11 10:10:34', '2021-10-11 10:10:34'),
(47, 'Cauliflower', 1, 1, 1, 1, 1, 5, '2021-10-11 10:11:10', '2021-10-11 10:11:10'),
(48, 'Choco lava cake', 1, 1, 1, 1, 1, 5, '2021-10-11 10:12:12', '2021-10-11 10:12:12'),
(49, 'Black Forest', 1, 1, 1, 1, 1, 5, '2021-10-11 10:14:24', '2021-10-11 10:14:24'),
(50, 'Brown Eggs', 1, 1, 1, 1, 1, 5, '2021-10-11 10:15:04', '2021-10-11 10:15:04'),
(51, 'Apple', 1, 1, 1, 1, 1, 5, '2021-10-11 10:15:46', '2021-10-11 10:15:46'),
(52, 'Watermelon', 1, 1, 1, 1, 1, 5, '2021-10-11 10:16:50', '2021-10-11 10:16:50'),
(53, 'cabbage', 1, 1, 1, 1, 1, 5, '2021-10-11 10:17:26', '2021-10-11 10:17:26'),
(54, 'broccoli', 1, 1, 1, 1, 1, 5, '2021-10-11 10:18:02', '2021-10-11 10:18:02'),
(55, 'cheese', 1, 1, 1, 1, 1, 5, '2021-10-11 10:18:59', '2021-10-11 10:18:59'),
(56, 'Milk shake', 1, 1, 1, 1, 1, 5, '2021-10-11 10:20:22', '2021-10-11 10:20:22'),
(57, 'Prawn Pie', 1, 1, 1, 1, 1, 3, '2021-10-11 10:23:29', '2021-10-11 10:23:29'),
(58, 'Crispy Calamari Rings', 1, 1, 1, 1, 1, 3, '2021-10-11 10:26:19', '2021-10-11 10:26:19'),
(59, 'Yorkshire Lamb Patties', 1, 1, 1, 1, 1, 3, '2021-10-11 10:26:47', '2021-10-11 10:26:47'),
(60, 'Roesti And Salad', 1, 1, 1, 1, 1, 3, '2021-10-11 10:27:32', '2021-10-11 10:27:32'),
(61, 'Paneer Steak', 1, 1, 1, 1, 1, 3, '2021-10-11 10:28:28', '2021-10-11 10:28:28'),
(62, 'Apple Sausage Plait.', 1, 1, 1, 1, 1, 3, '2021-10-11 10:29:07', '2021-10-11 10:29:07'),
(63, 'Pizza Fritta', 1, 1, 1, 1, 1, 2, '2021-10-11 10:30:10', '2021-10-11 10:30:10'),
(64, 'Tomato Bacon Pasta', 1, 1, 1, 1, 1, 2, '2021-10-11 10:30:42', '2021-10-11 10:30:42'),
(65, 'Pasta Carbonara', 1, 1, 1, 1, 1, 2, '2021-10-11 10:31:25', '2021-10-11 10:31:25'),
(66, 'Focaccia Bread', 1, 1, 1, 1, 1, 2, '2021-10-11 10:32:11', '2021-10-11 10:32:11'),
(67, 'Dim Sums', 1, 1, 1, 1, 1, 2, '2021-10-11 10:32:53', '2021-10-11 10:32:53'),
(68, 'Chicken with Chestnuts', 1, 1, 1, 1, 1, 2, '2021-10-11 10:33:27', '2021-10-11 10:33:27'),
(69, 'Spring Rolls', 1, 1, 1, 1, 1, 2, '2021-10-11 10:34:13', '2021-10-11 10:34:13'),
(70, 'Stir Fried Tofu with Rice', 1, 1, 1, 1, 1, 2, '2021-10-11 10:34:58', '2021-10-11 10:34:58'),
(71, 'Polenta', 1, 1, 1, 1, 1, 2, '2021-10-11 10:35:41', '2021-10-11 10:35:41'),
(72, 'Osso buco', 1, 1, 1, 1, 1, 2, '2021-10-11 10:36:51', '2021-10-11 10:36:51'),
(73, 'Quick Noodles', 1, 1, 1, 1, 1, 2, '2021-10-11 10:37:12', '2021-10-11 10:37:12'),
(74, 'SzechwanChilliChicken', 1, 1, 1, 1, 1, 2, '2021-10-11 10:38:05', '2021-10-11 10:38:05'),
(75, 'Acer Nitro 5 Gaming Laptop', 1, 1, 1, 1, 1, 7, '2021-10-11 10:49:14', '2021-10-11 10:49:14');


--
-- Dumping data for table `categories`
--

INSERT INTO `categories` (`id`, `icon`, `slug`, `type_id`, `image`, `is_visible`, `status`, `position`, `is_core`, `can_add_products`, `parent_id`, `vendor_id`, `client_code`, `display_mode`, `warning_page_id`, `template_type_id`, `warning_page_design`, `created_at`, `updated_at`, `deleted_at`, `show_wishlist`) VALUES
(1, NULL, 'Root', 3, NULL, 0, 1, 1, 1, 0, NULL, NULL, NULL, '1', NULL, NULL, NULL, NULL, NULL, NULL, 1),
(2, '2d98b5/category/icon/76UHKK5eMgdd4VPh84Ejr7raFBVu9zbtNt14gFy0.png', 'Delivery', 7, 'category/image/YCKm5Wg6gOzGLcJzvBWrqFUFAedTO2UyxjpXW2Ji.jpg', 1, 1, 1, 1, 0, 1, NULL, NULL, NULL, NULL, NULL, '0', NULL, '2021-10-04 18:16:21', NULL, 1),
(3, '2d98b5/category/icon/iGwnbDA4ed6Ic7vR6k4qy6HZFWy4g5nrqr9AwqHD.png', 'Restaurant', 6, 'category/image/so6wbch80ReRj6v98nDoAsdQmvWexcr5TBNMKrVh.jpg', 1, 1, 5, 1, 0, 1, NULL, NULL, NULL, NULL, NULL, '0', NULL, '2021-11-15 10:43:09', NULL, 1),
(4, '2d98b5/category/icon/RxBT5KOgHqXoQKazcVSUV6qHEVvMMXBWB4yXVeYe.png', 'Supermarket', 6, 'category/image/MHOXYu4zK3nftnwI4R3wThKEhhg9vYgEau903Y2K.jpg', 1, 1, 6, 1, 0, 1, NULL, NULL, NULL, NULL, NULL, '0', NULL, '2021-11-15 10:43:22', NULL, 1),
(5, '2d98b5/category/icon/LgtTo3PBqJSl0LEnK64OcK3C46hW1CONisjvKKyh.png', 'Pharmacy', 6, 'category/image/YQo8N8MSqBxp8Btv5c5MnGIPCNK8IZGUsMo7kAbL.jpg', 1, 1, 7, 1, 0, 1, NULL, NULL, NULL, NULL, NULL, '0', NULL, '2021-11-15 10:43:35', NULL, 1),
(6, NULL, 'Send something', 1, NULL, 1, 1, 1, 1, 1, 2, NULL, NULL, '1', NULL, NULL, NULL, NULL, '2021-10-04 17:43:24', '2021-10-04 17:43:24', 1),
(7, NULL, 'Buy something', 1, NULL, 1, 1, 1, 1, 1, 2, NULL, NULL, '1', NULL, NULL, NULL, NULL, '2021-10-04 17:43:29', '2021-10-04 17:43:29', 1),
(8, '2d98b5/category/icon/NgyTpiGKWdT4NLqP2AbTBFkSBnoAeYCFSk5HgcTl.png', 'Vegetables', 1, 'category/image/uP3FdUkice6kKhFiNDY8hn9ZxGbyIgKGCIyT5mkn.jpg', 1, 1, 2, 1, 1, 4, NULL, NULL, NULL, NULL, NULL, '0', NULL, '2021-10-04 18:26:40', NULL, 1),
(9, '2d98b5/category/icon/E7No2BIVarnQ1vSnZbnio54wh28FDJJJxmY7UFzP.png', 'Fruits', 1, 'category/image/PBLNwITUYuHil4feqe4eXGoWJRufICuAkmukdfpB.jpg', 1, 1, 1, 1, 1, 4, NULL, NULL, NULL, NULL, NULL, '0', NULL, '2021-10-04 18:25:27', NULL, 1),
(10, '2d98b5/category/icon/hB5xQ1D8eeLSGz6Pj18hNbb6Ld7OtMTii9OhxyF4.png', 'Dairy and Eggs', 1, 'category/image/1bgiM0KT23xGZP7115HI0aoojrnty5ilz2g4MeJU.jpg', 1, 1, 3, 1, 1, 4, NULL, NULL, NULL, NULL, NULL, '0', NULL, '2021-10-04 18:28:47', NULL, 1),
(11, NULL, 'E-Commerce', 1, NULL, 1, 1, 1, 1, 1, 1, NULL, NULL, '1', NULL, NULL, NULL, NULL, '2021-10-04 17:50:55', '2021-10-04 17:50:55', 1),
(12, NULL, 'Cloth', 1, NULL, 1, 1, 1, 1, 1, 1, NULL, NULL, '1', NULL, NULL, NULL, NULL, '2021-10-04 17:50:58', '2021-10-04 17:50:58', 1),
(13, NULL, 'Dispatcher', 1, NULL, 1, 1, 1, 1, 1, 1, NULL, NULL, '1', NULL, NULL, NULL, NULL, '2021-10-04 17:51:01', '2021-10-04 17:51:01', 1),
(14, '2d98b5/category/icon/y2ERsaS6DeB3p22iH2Sgr9diqGEftTIsEmj7dgdo.png', 'italian', 1, 'category/image/G4ePl9eipTDm8huheFJUUEfbyN45bYkavrCs2D49.jpg', 1, 1, 1, 1, 1, 3, NULL, NULL, NULL, NULL, NULL, '0', '2021-10-04 17:58:35', '2021-10-04 18:20:36', NULL, 1),
(15, '2d98b5/category/icon/miMJGZws258XmrdglJdMtiEfE14RRR5uf1MLjWxa.png', 'continental', 1, 'category/image/29q6MhYCSljobFJpmlVfN8niQLJo47kv7ePDiyRc.jpg', 1, 1, 3, 1, 1, 3, NULL, NULL, NULL, NULL, NULL, '0', '2021-10-04 17:58:54', '2021-10-04 18:23:59', NULL, 1),
(16, '2d98b5/category/icon/Fv0XJ4Rl0MNvYOiz1W3bK5Si0bPUlVTKgky7c7A6.png', 'chinese', 1, 'category/image/K4zuQnKlpl9h5C9m29hX9v4PYolArpTugTPFKSNY.jpg', 1, 1, 2, 1, 1, 3, NULL, NULL, NULL, NULL, NULL, '0', '2021-10-04 17:59:17', '2021-10-04 18:21:57', NULL, 1),
(17, '2d98b5/category/icon/Kl9sRgOXjid7ivCGH23351yr6lOAZdlTzm5XRydk.png', 'fitness', 1, 'category/image/QrxrOTqtIsX3PbWP1Lo4Sa7ee5J4XxbFOMX9bYW5.jpg', 1, 1, 1, 1, 1, 5, NULL, NULL, NULL, NULL, NULL, '0', '2021-10-04 18:01:29', '2021-10-04 18:30:06', NULL, 1),
(18, '2d98b5/category/icon/7nT8FtvoTWwBbgpsqax6kscAFNLQ3oXKwRSjdjnI.png', 'healthcare', 1, 'category/image/P83sey2SwBY3t1KjeDTHTy69y7MwlErlRSwKgw8K.png', 1, 1, 2, 1, 1, 5, NULL, NULL, NULL, NULL, NULL, '0', '2021-10-04 18:01:57', '2021-10-04 18:31:38', NULL, 1),
(19, '2d98b5/category/icon/FiOPwUmXOt7eNH8wdpejC5AJIjv4oNwyNlZr0tNg.png', 'electronics', 6, 'category/image/YMb6SgE7KzRMBtT1ZIZU0YWQsraaWg3pyb000Rb7.jpg', 1, 1, 8, 1, 0, 1, NULL, NULL, NULL, NULL, NULL, '0', '2021-10-04 18:04:26', '2021-11-15 10:44:05', NULL, 1),
(20, '2d98b5/category/icon/Izzktj3HtS0tHo8ZIspoRUOwsIwsJQzoyDjVTprE.png', 'mobiles', 1, 'category/image/jbZ84GfGMvMwA4m3Ps3yBwzNverV38W1L2yvVKaH.png', 1, 1, 1, 1, 1, 19, NULL, NULL, NULL, NULL, NULL, '0', '2021-10-04 18:05:16', '2021-10-04 18:33:07', NULL, 1),
(21, '2d98b5/category/icon/IxAr4b5Jm2s9hTD7VQn6epBeXsencKwLl4qNmjqF.png', 'laptops', 1, 'category/image/7VgnbZoJ4kBPK9Rub3Y57GYk44UyQcmqY3IHdfJn.jpg', 1, 1, 2, 1, 1, 19, NULL, NULL, NULL, NULL, NULL, '0', '2021-10-04 18:09:04', '2021-10-11 11:06:10', NULL, 1),
(22, '2d98b5/category/icon/qZfGKbfZIx86QBHnihPF9o3TdcFeD9KakYsszip6.png', 'homecare', 8, 'category/image/u4wvFNI6Gb9S2FsVNwxE7I9dgg0JOSTrJOAboyxa.jpg', 1, 1, 10, 1, 0, 1, NULL, NULL, NULL, NULL, NULL, '0', '2021-10-04 18:09:38', '2021-10-04 18:38:08', NULL, 1),
(23, 'category/icon/iA09rFDNXHtDTbvUoamASX4SsKAWWWwpnkL5hKx9.png', 'acservices', 8, 'category/image/DXOqWWe00Rj7CElolyRe5H59srn0R4CA2b9dgx63.jpg', 1, 1, 1, 1, 0, 22, NULL, NULL, NULL, NULL, NULL, '0', '2021-10-04 18:10:06', '2021-10-04 18:39:18', NULL, 1),
(24, '2d98b5/category/icon/SDkwybs3wziQAjtHullBGhJpBYaoBMPn86g3HRse.png', 'cleaningservice', 8, 'category/image/KT2lsCWZBccTkod06SohnYa3maydEJS6f7ADwlkH.png', 1, 1, 2, 1, 0, 22, NULL, NULL, NULL, NULL, NULL, '0', '2021-10-04 18:10:50', '2021-10-04 18:40:17', NULL, 1),
(25, '2d98b5/category/icon/WtjXJK2r4vJsQuXfQZxe1KkIUIOOlbq1dtDpXqV9.png', 'pest-control', 8, 'category/image/6yUdxG582TyzcAL75ib36jd0x0yvzXj7wLlgj5WB.jpg', 1, 1, 3, 1, 0, 22, NULL, NULL, NULL, NULL, NULL, '0', '2021-10-04 18:11:13', '2021-10-04 18:41:12', NULL, 1),
(26, '2d98b5/category/icon/ShB4avExgtB90f0qrZ9pAa8Ldg7hfi1MH3GQ2T9k.png', 'fashion', 6, 'category/image/e0K99aCMDkWAzkOKCMusDQYsfNjtBhTWQ55Kk8as.jpg', 1, 1, 9, 1, 0, 1, NULL, NULL, NULL, NULL, NULL, '0', '2021-10-04 18:11:50', '2021-11-15 10:44:13', NULL, 1),
(27, '2d98b5/category/icon/iqq8I11SAtGdLWwbH8ep23s5hCFHz6efz2xOw5ox.png', 'men', 1, 'category/image/caikV2y1rYWD0OIg9djkgL3xG00R2l4CIcm2kobx.png', 1, 1, 1, 1, 1, 26, NULL, NULL, NULL, NULL, NULL, '0', '2021-10-04 18:13:09', '2021-10-04 18:36:03', NULL, 1),
(28, '2d98b5/category/icon/7Gm1I24gtbKm3nJJptW9h8UKYK7u9D4naTaWjwyn.png', 'women', 1, 'category/image/A3SPk9e1NfMdgcKIhVtP5z3M2aAVAxCqWdjNaOk5.jpg', 1, 1, 2, 1, 1, 26, NULL, NULL, NULL, NULL, NULL, '0', '2021-10-04 18:13:32', '2021-10-04 18:37:46', NULL, 1),
(29, '2d98b5/category/icon/ncSleTsGD3xvRc1PrljZVOTPa1vOJ72nwA4prqjg.png', 'cabservice', 7, 'category/image/dYZ1Ddb7ctgBsvGkAW04yKltqDAw4lrnvEY8tmZ1.jpg', 1, 1, 2, 1, 0, 1, NULL, NULL, NULL, NULL, NULL, '0', '2021-10-04 18:13:53', '2021-10-04 18:18:23', NULL, 1),
(30, '2d98b5/category/icon/2D2ucGTyaVjdHn0x897a1p2iMefzPKUrv0r5bQHD.png', 'motoservice', 7, 'category/image/cDjiDNDCMM2kd014UA7oDZ5ZRlPmGgNPuWDIsvQM.jpg', 1, 1, 3, 1, 0, 1, NULL, NULL, NULL, NULL, NULL, '0', '2021-10-04 18:14:25', '2021-10-04 18:18:38', NULL, 1),
(31, '2d98b5/category/icon/JmmKLRhhF34anMcbNIW8cQ4fLhULnVLmYQCudnzW.png', 'autoservice', 7, 'category/image/RLHNmawkzB9TlIkMODSSJiasmYG09jk1jAQxnqDE.jpg', 1, 1, 4, 1, 0, 1, NULL, NULL, NULL, NULL, NULL, '0', '2021-10-04 18:15:11', '2021-10-04 18:18:50', NULL, 1);

--
-- Dumping data for table `addon_options`
--

INSERT INTO `addon_options` (`id`, `title`, `addon_id`, `position`, `price`, `created_at`, `updated_at`) VALUES
(1, 'Small parcel', 1, 1, '100.00', NULL, NULL),
(2, '1 Bedroom', 2, 1, '10.00', '2021-10-04 20:53:54', '2021-10-04 20:53:54'),
(3, '2 Bedrooms', 2, 2, '12.00', '2021-10-04 20:53:54', '2021-10-04 20:53:54'),
(4, '3 Bedrooms', 2, 3, '13.00', '2021-10-04 20:53:54', '2021-10-04 20:53:54'),
(5, 'Interior Clean Up', 3, 1, '12.00', '2021-10-04 20:54:22', '2021-10-04 20:54:22'),
(6, 'Exterior Clean up', 3, 2, '14.00', '2021-10-04 20:54:22', '2021-10-04 20:54:22'),
(7, '1 Bathroom', 4, 1, '8.00', '2021-10-04 20:54:50', '2021-10-04 20:54:50'),
(8, '2 Bathrooms', 4, 2, '10.00', '2021-10-04 20:54:50', '2021-10-04 20:54:50'),
(9, 'medium', 5, 1, '7.00', '2021-10-11 09:21:30', '2021-10-11 09:21:30'),
(10, 'large', 5, 2, '14.00', '2021-10-11 09:21:30', '2021-10-11 09:21:30'),
(11, 'Short', 6, 1, '10.00', '2021-10-11 09:21:58', '2021-10-11 09:21:58'),
(12, 'Long', 6, 2, '15.00', '2021-10-11 09:21:58', '2021-10-11 09:21:58'),
(13, 'medium', 7, 1, '8.00', '2021-10-11 09:22:25', '2021-10-11 09:22:25'),
(14, 'large', 7, 2, '16.00', '2021-10-11 09:22:25', '2021-10-11 09:22:25'),
(15, 'medium', 8, 1, '7.00', '2021-10-11 09:22:54', '2021-10-11 09:22:54'),
(16, 'large', 8, 2, '14.00', '2021-10-11 09:22:54', '2021-10-11 09:22:54'),
(17, 'xl', 9, 1, '7.00', '2021-10-11 09:23:37', '2021-10-11 09:23:37'),
(18, 'xxl', 9, 2, '15.00', '2021-10-11 09:23:37', '2021-10-11 09:23:37'),
(19, 'xl', 10, 1, '8.00', '2021-10-11 09:24:23', '2021-10-11 09:24:23'),
(20, 'xxl', 10, 2, '16.00', '2021-10-11 09:24:23', '2021-10-11 09:24:23'),
(21, 'xl', 11, 1, '7.00', '2021-10-11 09:25:19', '2021-10-11 09:25:19'),
(22, 'xxl', 11, 2, '15.00', '2021-10-11 09:25:19', '2021-10-11 09:25:19'),
(23, 'xl', 12, 1, '5.00', '2021-10-11 09:25:49', '2021-10-11 09:25:49'),
(24, 'xxl', 12, 2, '10.00', '2021-10-11 09:25:49', '2021-10-11 09:25:49'),
(25, 'xl', 13, 1, '5.00', '2021-10-11 09:26:35', '2021-10-11 09:26:35'),
(26, 'xxl', 13, 2, '10.00', '2021-10-11 09:26:35', '2021-10-11 09:26:35'),
(27, 'xl', 14, 1, '7.00', '2021-10-11 09:27:25', '2021-10-11 09:27:25'),
(28, 'xxl', 14, 2, '14.00', '2021-10-11 09:27:25', '2021-10-11 09:27:25'),
(29, 'Half', 15, 1, '7.00', '2021-10-11 09:27:59', '2021-10-11 09:27:59'),
(30, 'full', 15, 2, '10.00', '2021-10-11 09:27:59', '2021-10-11 09:27:59'),
(31, 'xl', 16, 1, '7.00', '2021-10-11 09:28:29', '2021-10-11 09:28:29'),
(32, 'xxl', 16, 2, '14.00', '2021-10-11 09:28:29', '2021-10-11 09:28:29'),
(33, '8 gb', 17, 1, '40.00', '2021-10-11 09:37:27', '2021-10-11 09:41:43'),
(34, '12 gb', 17, 2, '45.00', '2021-10-11 09:37:27', '2021-10-11 09:41:43'),
(35, '16 inch screen', 18, 1, '45.00', '2021-10-11 09:39:11', '2021-10-11 09:41:58'),
(36, '14 inch screen', 18, 2, '50.00', '2021-10-11 09:39:11', '2021-10-11 09:41:58'),
(37, '8 GB RAM', 19, 1, '50.00', '2021-10-11 09:41:13', '2021-10-11 09:41:13'),
(38, '16 GB RAM', 19, 2, '55.00', '2021-10-11 09:41:13', '2021-10-11 09:41:13'),
(39, '12gb RAM', 20, 1, '52.00', '2021-10-11 09:43:03', '2021-10-11 09:43:03'),
(40, '16gb RAM', 20, 2, '55.00', '2021-10-11 09:43:03', '2021-10-11 09:43:03'),
(41, '8gb', 21, 1, '45.00', '2021-10-11 09:45:03', '2021-10-11 09:45:03'),
(42, '16gb', 21, 2, '50.00', '2021-10-11 09:45:03', '2021-10-11 09:45:03'),
(43, '8gb', 22, 1, '46.00', '2021-10-11 09:46:29', '2021-10-11 09:46:47'),
(44, '16gb', 22, 2, '50.00', '2021-10-11 09:46:29', '2021-10-11 09:46:47'),
(45, '8 GB', 23, 1, '20.00', '2021-10-11 09:48:06', '2021-10-11 09:48:06'),
(46, '16 GB', 23, 2, '25.00', '2021-10-11 09:48:06', '2021-10-11 09:48:06'),
(47, '8gb', 24, 1, '20.00', '2021-10-11 09:50:12', '2021-10-11 09:50:12'),
(48, '16gb', 24, 2, '23.00', '2021-10-11 09:50:12', '2021-10-11 09:50:12'),
(49, '8gb', 25, 1, '19.00', '2021-10-11 09:51:00', '2021-10-11 09:51:00'),
(50, '16gb', 25, 2, '23.00', '2021-10-11 09:51:00', '2021-10-11 09:51:00'),
(51, '8gb', 26, 1, '23.00', '2021-10-11 09:51:50', '2021-10-11 09:51:50'),
(52, '16gb', 26, 2, '25.00', '2021-10-11 09:51:50', '2021-10-11 09:51:50'),
(53, '8gb', 27, 1, '16.00', '2021-10-11 09:52:22', '2021-10-11 09:52:22'),
(54, '16gb', 27, 2, '20.00', '2021-10-11 09:52:22', '2021-10-11 09:52:22'),
(55, '8gb', 28, 1, '18.00', '2021-10-11 09:52:56', '2021-10-11 09:52:56'),
(56, '16gb', 28, 2, '20.00', '2021-10-11 09:52:56', '2021-10-11 09:52:56'),
(57, '8gb', 29, 1, '12.00', '2021-10-11 09:54:07', '2021-10-11 09:54:07'),
(58, '16gb', 29, 2, '20.00', '2021-10-11 09:54:07', '2021-10-11 09:54:07'),
(59, '1', 30, 1, '10.00', '2021-10-11 09:57:12', '2021-10-11 09:57:12'),
(60, '2', 30, 2, '20.00', '2021-10-11 09:57:12', '2021-10-11 09:57:12'),
(61, '1', 31, 1, '11.00', '2021-10-11 09:57:47', '2021-10-11 09:57:47'),
(62, '2', 31, 2, '21.00', '2021-10-11 09:57:47', '2021-10-11 09:57:47'),
(63, '1', 32, 1, '16.00', '2021-10-11 09:58:20', '2021-10-11 09:58:20'),
(64, '2', 32, 2, '32.00', '2021-10-11 09:58:20', '2021-10-11 09:58:20'),
(65, '1', 33, 1, '15.00', '2021-10-11 09:58:47', '2021-10-11 09:58:47'),
(66, '2', 33, 2, '30.00', '2021-10-11 09:58:47', '2021-10-11 09:58:47'),
(67, '1', 34, 1, '14.00', '2021-10-11 10:00:14', '2021-10-11 10:00:52'),
(68, '2', 34, 2, '28.00', '2021-10-11 10:00:14', '2021-10-11 10:00:52'),
(69, '1', 35, 1, '18.00', '2021-10-11 10:01:42', '2021-10-11 10:01:42'),
(70, '2', 35, 2, '36.00', '2021-10-11 10:01:42', '2021-10-11 10:01:42'),
(71, '1', 36, 1, '16.00', '2021-10-11 10:02:29', '2021-10-11 10:02:29'),
(72, '2', 36, 2, '32.00', '2021-10-11 10:02:29', '2021-10-11 10:02:29'),
(73, '1', 37, 1, '14.00', '2021-10-11 10:02:55', '2021-10-11 10:02:55'),
(74, '2', 37, 2, '28.00', '2021-10-11 10:02:55', '2021-10-11 10:02:55'),
(75, '1', 38, 1, '13.00', '2021-10-11 10:03:31', '2021-10-11 10:03:31'),
(76, '2', 38, 2, '26.00', '2021-10-11 10:03:31', '2021-10-11 10:03:31'),
(77, '1', 39, 1, '12.00', '2021-10-11 10:04:24', '2021-10-11 10:04:24'),
(78, '2', 39, 2, '24.00', '2021-10-11 10:04:24', '2021-10-11 10:04:24'),
(79, '1', 40, 1, '12.00', '2021-10-11 10:04:25', '2021-10-11 10:04:25'),
(80, '2', 40, 2, '24.00', '2021-10-11 10:04:25', '2021-10-11 10:04:25'),
(81, '1', 41, 1, '12.00', '2021-10-11 10:05:18', '2021-10-11 10:05:18'),
(82, '2', 41, 2, '24.00', '2021-10-11 10:05:18', '2021-10-11 10:05:18'),
(83, '2Kg', 42, 1, '12.00', '2021-10-11 10:07:30', '2021-10-11 10:07:30'),
(84, '3Kg', 42, 2, '18.00', '2021-10-11 10:07:30', '2021-10-11 10:07:30'),
(85, '2Kg', 43, 1, '16.00', '2021-10-11 10:08:04', '2021-10-11 10:08:04'),
(86, '3Kg', 43, 2, '24.00', '2021-10-11 10:08:04', '2021-10-11 10:08:04'),
(87, '1Kg', 44, 1, '14.00', '2021-10-11 10:08:42', '2021-10-11 10:08:42'),
(88, '2Kg', 44, 2, '21.00', '2021-10-11 10:08:42', '2021-10-11 10:08:42'),
(89, '2Kg', 45, 1, '20.00', '2021-10-11 10:09:29', '2021-10-11 10:09:29'),
(90, '3Kg', 45, 2, '30.00', '2021-10-11 10:09:30', '2021-10-11 10:09:30'),
(91, '2Kg', 46, 1, '24.00', '2021-10-11 10:10:35', '2021-10-11 10:10:35'),
(92, '3Kg', 46, 2, '36.00', '2021-10-11 10:10:35', '2021-10-11 10:10:35'),
(93, '2Kg', 47, 1, '18.00', '2021-10-11 10:11:10', '2021-10-11 10:11:10'),
(94, '3Kg', 47, 2, '27.00', '2021-10-11 10:11:10', '2021-10-11 10:11:10'),
(95, '1kg', 48, 1, '14.00', '2021-10-11 10:12:12', '2021-10-11 10:13:20'),
(96, '2kg', 48, 2, '21.00', '2021-10-11 10:12:12', '2021-10-11 10:13:20'),
(97, '1Kg', 49, 1, '32.00', '2021-10-11 10:14:24', '2021-10-11 10:14:24'),
(98, '2Kg', 49, 2, '40.00', '2021-10-11 10:14:24', '2021-10-11 10:14:24'),
(99, '12', 50, 1, '11.00', '2021-10-11 10:15:04', '2021-10-11 10:15:04'),
(100, '24', 50, 2, '21.00', '2021-10-11 10:15:04', '2021-10-11 10:15:04'),
(101, '2Kg', 51, 1, '24.00', '2021-10-11 10:15:46', '2021-10-11 10:15:46'),
(102, '3Kg', 51, 2, '36.00', '2021-10-11 10:15:46', '2021-10-11 10:15:46'),
(103, '2Kg', 52, 1, '24.00', '2021-10-11 10:16:50', '2021-10-11 10:16:50'),
(104, '3Kg', 52, 2, '36.00', '2021-10-11 10:16:50', '2021-10-11 10:16:50'),
(105, '2Kg', 53, 1, '24.00', '2021-10-11 10:17:26', '2021-10-11 10:17:26'),
(106, '3Kg', 53, 2, '30.00', '2021-10-11 10:17:26', '2021-10-11 10:17:26'),
(107, '2Kg', 54, 1, '30.00', '2021-10-11 10:18:02', '2021-10-11 10:18:02'),
(108, '3Kg', 54, 2, '35.00', '2021-10-11 10:18:02', '2021-10-11 10:18:02'),
(109, '2', 55, 1, '28.00', '2021-10-11 10:18:59', '2021-10-11 10:19:22'),
(110, '3', 55, 2, '31.00', '2021-10-11 10:18:59', '2021-10-11 10:19:22'),
(111, '2', 56, 1, '25.00', '2021-10-11 10:20:22', '2021-10-11 10:20:22'),
(112, '3', 56, 2, '30.00', '2021-10-11 10:20:22', '2021-10-11 10:20:22'),
(113, 'Half', 57, 1, '9.00', '2021-10-11 10:23:29', '2021-10-11 10:23:29'),
(114, 'Full', 57, 2, '18.00', '2021-10-11 10:23:29', '2021-10-11 10:23:29'),
(115, 'Half', 58, 1, '10.00', '2021-10-11 10:26:19', '2021-10-11 10:26:19'),
(116, 'Full', 58, 2, '20.00', '2021-10-11 10:26:19', '2021-10-11 10:26:19'),
(117, 'Half', 59, 1, '14.00', '2021-10-11 10:26:47', '2021-10-11 10:26:47'),
(118, 'Full', 59, 2, '28.00', '2021-10-11 10:26:47', '2021-10-11 10:26:47'),
(119, 'Half', 60, 1, '13.00', '2021-10-11 10:27:32', '2021-10-11 10:27:32'),
(120, 'Full', 60, 2, '26.00', '2021-10-11 10:27:32', '2021-10-11 10:27:32'),
(121, 'Half', 61, 1, '12.00', '2021-10-11 10:28:28', '2021-10-11 10:28:28'),
(122, 'Full', 61, 2, '24.00', '2021-10-11 10:28:28', '2021-10-11 10:28:28'),
(123, 'Half', 62, 1, '12.00', '2021-10-11 10:29:07', '2021-10-11 10:29:07'),
(124, 'Full', 62, 2, '24.00', '2021-10-11 10:29:07', '2021-10-11 10:29:07'),
(125, 'medium', 63, 1, '9.00', '2021-10-11 10:30:10', '2021-10-11 10:30:10'),
(126, 'Large', 63, 2, '18.00', '2021-10-11 10:30:10', '2021-10-11 10:30:10'),
(127, 'Half', 64, 1, '8.00', '2021-10-11 10:30:42', '2021-10-11 10:30:42'),
(128, 'Full', 64, 2, '16.00', '2021-10-11 10:30:42', '2021-10-11 10:30:42'),
(129, 'Half', 65, 1, '12.00', '2021-10-11 10:31:25', '2021-10-11 10:31:25'),
(130, 'Full', 65, 2, '24.00', '2021-10-11 10:31:25', '2021-10-11 10:31:25'),
(131, 'Half', 66, 1, '11.00', '2021-10-11 10:32:11', '2021-10-11 10:32:11'),
(132, 'Full', 66, 2, '21.00', '2021-10-11 10:32:11', '2021-10-11 10:32:11'),
(133, 'Half', 67, 1, '8.00', '2021-10-11 10:32:53', '2021-10-11 10:32:53'),
(134, 'Full', 67, 2, '16.00', '2021-10-11 10:32:53', '2021-10-11 10:32:53'),
(135, 'Half', 68, 1, '10.00', '2021-10-11 10:33:27', '2021-10-11 10:33:27'),
(136, 'Full', 68, 2, '20.00', '2021-10-11 10:33:27', '2021-10-11 10:33:27'),
(137, 'Half', 69, 1, '7.00', '2021-10-11 10:34:13', '2021-10-11 10:34:13'),
(138, 'Full', 69, 2, '14.00', '2021-10-11 10:34:13', '2021-10-11 10:34:13'),
(139, 'Half', 70, 1, '12.00', '2021-10-11 10:34:58', '2021-10-11 10:34:58'),
(140, 'Full', 70, 2, '24.00', '2021-10-11 10:34:58', '2021-10-11 10:34:58'),
(141, 'Half', 71, 1, '17.00', '2021-10-11 10:35:41', '2021-10-11 10:35:41'),
(142, 'Full', 71, 2, '24.00', '2021-10-11 10:35:41', '2021-10-11 10:35:41'),
(143, 'Half', 72, 1, '15.00', '2021-10-11 10:36:51', '2021-10-11 10:36:51'),
(144, 'Full', 72, 2, '30.00', '2021-10-11 10:36:51', '2021-10-11 10:36:51'),
(145, 'Half', 73, 1, '12.00', '2021-10-11 10:37:12', '2021-10-11 10:37:12'),
(146, 'Full', 73, 2, '24.00', '2021-10-11 10:37:12', '2021-10-11 10:37:12'),
(147, 'Half', 74, 1, '17.00', '2021-10-11 10:38:05', '2021-10-11 10:38:05'),
(148, 'Full', 74, 2, '25.00', '2021-10-11 10:38:05', '2021-10-11 10:38:05'),
(149, '8gb', 75, 1, '23.00', '2021-10-11 10:49:14', '2021-10-11 10:49:14'),
(150, '16gb', 75, 2, '30.00', '2021-10-11 10:49:14', '2021-10-11 10:49:14');



-- --------------------------------------------------------


--
-- Dumping data for table `addon_option_translations`
--

INSERT INTO `addon_option_translations` (`id`, `title`, `addon_opt_id`, `language_id`, `created_at`, `updated_at`) VALUES
(1, 'Small parcel', 1, 1, NULL, '2021-10-06 09:46:51'),
(2, '1 Bedroom', 2, 1, NULL, '2021-10-06 09:46:51'),
(3, '2 Bedrooms', 3, 1, NULL, '2021-10-06 09:46:51'),
(4, '3 Bedrooms', 4, 1, NULL, '2021-10-06 09:46:51'),
(5, 'Interior Clean Up', 5, 1, NULL, '2021-10-06 09:46:51'),
(6, 'Exterior Clean up', 6, 1, NULL, '2021-10-06 09:46:51'),
(7, '1 Bathroom', 7, 1, NULL, '2021-10-06 09:46:51'),
(8, '2 Bathrooms', 8, 1, NULL, '2021-10-06 09:46:51'),
(9, 'medium', 9, 1, NULL, NULL),
(10, 'large', 10, 1, NULL, NULL),
(11, 'Short', 11, 1, NULL, NULL),
(12, 'Long', 12, 1, NULL, NULL),
(13, 'medium', 13, 1, NULL, NULL),
(14, 'large', 14, 1, NULL, NULL),
(15, 'medium', 15, 1, NULL, NULL),
(16, 'large', 16, 1, NULL, NULL),
(17, 'xl', 17, 1, NULL, NULL),
(18, 'xxl', 18, 1, NULL, NULL),
(19, 'xl', 19, 1, NULL, NULL),
(20, 'xxl', 20, 1, NULL, NULL),
(21, 'xl', 21, 1, NULL, NULL),
(22, 'xxl', 22, 1, NULL, NULL),
(23, 'xl', 23, 1, NULL, NULL),
(24, 'xxl', 24, 1, NULL, NULL),
(25, 'xl', 25, 1, NULL, NULL),
(26, 'xxl', 26, 1, NULL, NULL),
(27, 'xl', 27, 1, NULL, NULL),
(28, 'xxl', 28, 1, NULL, NULL),
(29, 'Half', 29, 1, NULL, NULL),
(30, 'full', 30, 1, NULL, NULL),
(31, 'xl', 31, 1, NULL, NULL),
(32, 'xxl', 32, 1, NULL, NULL),
(33, '8 gb', 33, 1, NULL, NULL),
(34, '12 gb', 34, 1, NULL, NULL),
(35, '16 inch screen', 35, 1, NULL, NULL),
(36, '14 inch screen', 36, 1, NULL, NULL),
(37, '8 GB RAM', 37, 1, NULL, NULL),
(38, '16 GB RAM', 38, 1, NULL, NULL),
(39, '12gb RAM', 39, 1, NULL, NULL),
(40, '16gb RAM', 40, 1, NULL, NULL),
(41, '8gb', 41, 1, NULL, NULL),
(42, '16gb', 42, 1, NULL, NULL),
(43, '8gb', 43, 1, NULL, NULL),
(44, '16gb', 44, 1, NULL, NULL),
(45, '8 GB', 45, 1, NULL, NULL),
(46, '16 GB', 46, 1, NULL, NULL),
(47, '8gb', 47, 1, NULL, NULL),
(48, '16gb', 48, 1, NULL, NULL),
(49, '8gb', 49, 1, NULL, NULL),
(50, '16gb', 50, 1, NULL, NULL),
(51, '8gb', 51, 1, NULL, NULL),
(52, '16gb', 52, 1, NULL, NULL),
(53, '8gb', 53, 1, NULL, NULL),
(54, '16gb', 54, 1, NULL, NULL),
(55, '8gb', 55, 1, NULL, NULL),
(56, '16gb', 56, 1, NULL, NULL),
(57, '8gb', 57, 1, NULL, NULL),
(58, '16gb', 58, 1, NULL, NULL),
(59, '1', 59, 1, NULL, NULL),
(60, '2', 60, 1, NULL, NULL),
(61, '1', 61, 1, NULL, NULL),
(62, '2', 62, 1, NULL, NULL),
(63, '1', 63, 1, NULL, NULL),
(64, '2', 64, 1, NULL, NULL),
(65, '1', 65, 1, NULL, NULL),
(66, '2', 66, 1, NULL, NULL),
(67, '1', 67, 1, NULL, NULL),
(68, '2', 68, 1, NULL, NULL),
(69, '1', 69, 1, NULL, NULL),
(70, '2', 70, 1, NULL, NULL),
(71, '1', 71, 1, NULL, NULL),
(72, '2', 72, 1, NULL, NULL),
(73, '1', 73, 1, NULL, NULL),
(74, '2', 74, 1, NULL, NULL),
(75, '1', 75, 1, NULL, NULL),
(76, '2', 76, 1, NULL, NULL),
(77, '1', 77, 1, NULL, NULL),
(78, '2', 78, 1, NULL, NULL),
(79, '1', 79, 1, NULL, NULL),
(80, '2', 80, 1, NULL, NULL),
(81, '1', 81, 1, NULL, NULL),
(82, '2', 82, 1, NULL, NULL),
(83, '2Kg', 83, 1, NULL, NULL),
(84, '3Kg', 84, 1, NULL, NULL),
(85, '2Kg', 85, 1, NULL, NULL),
(86, '3Kg', 86, 1, NULL, NULL),
(87, '1Kg', 87, 1, NULL, NULL),
(88, '2Kg', 88, 1, NULL, NULL),
(89, '2Kg', 89, 1, NULL, NULL),
(90, '3Kg', 90, 1, NULL, NULL),
(91, '2Kg', 91, 1, NULL, NULL),
(92, '3Kg', 92, 1, NULL, NULL),
(93, '2Kg', 93, 1, NULL, NULL),
(94, '3Kg', 94, 1, NULL, NULL),
(95, '1kg', 95, 1, NULL, '2021-10-11 10:13:20'),
(96, '2kg', 96, 1, NULL, '2021-10-11 10:13:20'),
(97, '1Kg', 97, 1, NULL, NULL),
(98, '2Kg', 98, 1, NULL, NULL),
(99, '12', 99, 1, NULL, NULL),
(100, '24', 100, 1, NULL, NULL),
(101, '2Kg', 101, 1, NULL, NULL),
(102, '3Kg', 102, 1, NULL, NULL),
(103, '2Kg', 103, 1, NULL, NULL),
(104, '3Kg', 104, 1, NULL, NULL),
(105, '2Kg', 105, 1, NULL, NULL),
(106, '3Kg', 106, 1, NULL, NULL),
(107, '2Kg', 107, 1, NULL, NULL),
(108, '3Kg', 108, 1, NULL, NULL),
(109, '2', 109, 1, NULL, '2021-10-11 10:19:22'),
(110, '3', 110, 1, NULL, '2021-10-11 10:19:22'),
(111, '2', 111, 1, NULL, NULL),
(112, '3', 112, 1, NULL, NULL),
(113, 'Half', 113, 1, NULL, NULL),
(114, 'Full', 114, 1, NULL, NULL),
(115, 'Half', 115, 1, NULL, NULL),
(116, 'Full', 116, 1, NULL, NULL),
(117, 'Half', 117, 1, NULL, NULL),
(118, 'Full', 118, 1, NULL, NULL),
(119, 'Half', 119, 1, NULL, NULL),
(120, 'Full', 120, 1, NULL, NULL),
(121, 'Half', 121, 1, NULL, NULL),
(122, 'Full', 122, 1, NULL, NULL),
(123, 'Half', 123, 1, NULL, NULL),
(124, 'Full', 124, 1, NULL, NULL),
(125, 'medium', 125, 1, NULL, NULL),
(126, 'Large', 126, 1, NULL, NULL),
(127, 'Half', 127, 1, NULL, NULL),
(128, 'Full', 128, 1, NULL, NULL),
(129, 'Half', 129, 1, NULL, NULL),
(130, 'Full', 130, 1, NULL, NULL),
(131, 'Half', 131, 1, NULL, NULL),
(132, 'Full', 132, 1, NULL, NULL),
(133, 'Half', 133, 1, NULL, NULL),
(134, 'Full', 134, 1, NULL, NULL),
(135, 'Half', 135, 1, NULL, NULL),
(136, 'Full', 136, 1, NULL, NULL),
(137, 'Half', 137, 1, NULL, NULL),
(138, 'Full', 138, 1, NULL, NULL),
(139, 'Half', 139, 1, NULL, NULL),
(140, 'Full', 140, 1, NULL, NULL),
(141, 'Half', 141, 1, NULL, NULL),
(142, 'Full', 142, 1, NULL, NULL),
(143, 'Half', 143, 1, NULL, NULL),
(144, 'Full', 144, 1, NULL, NULL),
(145, 'Half', 145, 1, NULL, NULL),
(146, 'Full', 146, 1, NULL, NULL),
(147, 'Half', 147, 1, NULL, NULL),
(148, 'Full', 148, 1, NULL, NULL),
(149, '8gb', 149, 1, NULL, NULL),
(150, '16gb', 150, 1, NULL, NULL);

-- --------------------------------------------------------


-- --------------------------------------------------------


--
-- Dumping data for table `addon_set_translations`
--

INSERT INTO `addon_set_translations` (`id`, `title`, `addon_id`, `language_id`, `created_at`, `updated_at`) VALUES
(1, 'Small Parcels', 1, 1, NULL, NULL),
(2, 'Number of bedrooms?', 2, 1, NULL, NULL),
(3, 'What kind of car services you require ?', 3, 1, NULL, NULL),
(4, 'Number of Bathrooms ?', 4, 1, NULL, NULL),
(5, 'Jackets', 5, 1, NULL, NULL),
(6, 'Coats', 6, 1, NULL, NULL),
(7, 'Denim', 7, 1, NULL, NULL),
(8, 'Fluffy jackets', 8, 1, NULL, NULL),
(9, 'partywear', 9, 1, NULL, NULL),
(10, 'Printed dress', 10, 1, NULL, NULL),
(11, 'Shirt', 11, 1, NULL, NULL),
(12, 'causal t shirt', 12, 1, NULL, NULL),
(13, 'caprii', 13, 1, NULL, NULL),
(14, 'short', 14, 1, NULL, '2021-10-11 09:27:38'),
(15, 'scirt', 15, 1, NULL, NULL),
(16, 'sweaters', 16, 1, NULL, NULL),
(17, 'Asus Zenbook 14', 17, 1, NULL, NULL),
(18, 'HP Pavilion 15', 18, 1, NULL, NULL),
(19, 'Macbook Pro M1 Chip', 19, 1, NULL, NULL),
(20, 'Iphone 12 Pro Max', 20, 1, NULL, NULL),
(21, 'Oneplus 9Pro', 21, 1, NULL, NULL),
(22, 'Samsung Note 20 Ultra', 22, 1, NULL, NULL),
(23, 'Inspiron 14 Laptop', 23, 1, NULL, NULL),
(24, 'Inspiron14Laptop', 24, 1, NULL, NULL),
(25, 'Lenovo IdeaPad Slim', 25, 1, NULL, NULL),
(26, 'Acer Nitro 5 Gaming Laptop', 26, 1, NULL, NULL),
(27, 'OnePlus 9R 5G', 27, 1, NULL, NULL),
(28, 'Samsung Galaxy S20 FE 5G', 28, 1, NULL, NULL),
(29, 'OPPO F19 Pro', 29, 1, NULL, NULL),
(30, 'Vitamin C + Zinc', 30, 1, NULL, NULL),
(31, 'Folic B9', 31, 1, NULL, NULL),
(32, 'Casein Protein', 32, 1, NULL, NULL),
(33, 'Thermometer', 33, 1, NULL, NULL),
(34, 'Pulse Oximeter', 34, 1, NULL, NULL),
(35, 'Breathe Free Vaporizer', 35, 1, NULL, NULL),
(36, 'Vitamin B-12', 36, 1, NULL, NULL),
(37, 'Hemp Protein', 37, 1, NULL, NULL),
(38, 'Brown Rice', 38, 1, NULL, NULL),
(39, 'Blood Glucose Monitors', 39, 1, NULL, NULL),
(40, 'Blood Glucose Monitors', 40, 1, NULL, NULL),
(41, 'Pedometers And Weighing Scales', 41, 1, NULL, NULL),
(42, 'Bananas', 42, 1, NULL, NULL),
(43, 'Raspberries Mexico', 43, 1, NULL, NULL),
(44, 'Pears Forelle', 44, 1, NULL, NULL),
(45, 'Tomato', 45, 1, NULL, NULL),
(46, 'Sweet Potato Australia', 46, 1, NULL, NULL),
(47, 'Cauliflower', 47, 1, NULL, NULL),
(48, 'Choco lava cake', 48, 1, NULL, NULL),
(49, 'Black Forest', 49, 1, NULL, NULL),
(50, 'Brown Eggs', 50, 1, NULL, NULL),
(51, 'Apple', 51, 1, NULL, NULL),
(52, 'Watermelon', 52, 1, NULL, NULL),
(53, 'cabbage', 53, 1, NULL, NULL),
(54, 'broccoli', 54, 1, NULL, NULL),
(55, 'cheese', 55, 1, NULL, NULL),
(56, 'Milk shake', 56, 1, NULL, NULL),
(57, 'Prawn Pie', 57, 1, NULL, NULL),
(58, 'Crispy Calamari Rings', 58, 1, NULL, NULL),
(59, 'Yorkshire Lamb Patties', 59, 1, NULL, NULL),
(60, 'Roesti And Salad', 60, 1, NULL, NULL),
(61, 'Paneer Steak', 61, 1, NULL, NULL),
(62, 'Apple Sausage Plait.', 62, 1, NULL, NULL),
(63, 'Pizza Fritta', 63, 1, NULL, NULL),
(64, 'Tomato Bacon Pasta', 64, 1, NULL, NULL),
(65, 'Pasta Carbonara', 65, 1, NULL, NULL),
(66, 'Focaccia Bread', 66, 1, NULL, NULL),
(67, 'Dim Sums', 67, 1, NULL, NULL),
(68, 'Chicken with Chestnuts', 68, 1, NULL, NULL),
(69, 'Spring Rolls', 69, 1, NULL, NULL),
(70, 'Stir Fried Tofu with Rice', 70, 1, NULL, NULL),
(71, 'Polenta', 71, 1, NULL, NULL),
(72, 'Osso buco', 72, 1, NULL, NULL),
(73, 'Quick Noodles', 73, 1, NULL, NULL),
(74, 'SzechwanChilliChicken', 74, 1, NULL, NULL),
(75, 'Acer Nitro 5 Gaming Laptop', 75, 1, NULL, NULL);


-- --------------------------------------------------------


--
-- Dumping data for table `brands`
--
INSERT INTO `brands` (`id`, `title`, `image`, `image_banner`, `position`, `status`, `created_at`, `updated_at`) VALUES
(1, 'Dia\'s Secret', 'brand/9aQWMpFc5Gw5jjs3pPutTs90ig6Y8HqPFvWeobSs.jpg', NULL, 4, 1, NULL, '2021-10-05 04:52:26'),
(2, 'Lahela jane', 'brand/9jMdTBAiPUjq7b4ffuKFtL3PRkAhe7ZQTZHAjXZV.png', NULL, 3, 1, NULL, '2021-10-05 04:52:26'),
(3, 'Horsewaver', 'brand/Pf1X9NWjYKCgNTCUhyb0SY3mbhGlPbiPAQLz7zre.jpg', NULL, 2, 1, NULL, '2021-10-05 04:52:26'),
(4, 'Foodeer', 'brand/DKv8wbdhBbYN8Sqd0riEOvZqrHbRxhsRiHpOpZT3.png', NULL, 1, 1, NULL, '2021-10-05 04:49:10');

-- --------------------------------------------------------
INSERT INTO `variants` (`id`, `title`, `type`, `position`, `status`, `created_at`, `updated_at`) VALUES
(1, 'Size', 1, 1, 1, NULL, NULL),
(2, 'Color', 2, 2, 1, NULL, NULL),
(3, 'Phones', 1, 3, 1, NULL, NULL);
--
-- Dumping data for table `variant_options`
--
INSERT INTO `variant_options` (`id`, `title`, `variant_id`, `hexacode`, `position`, `created_at`, `updated_at`) VALUES
(1, 'Small', 1, '', 1, NULL, NULL),
(2, 'White', 2, '#ffffff', 1, NULL, NULL),
(3, 'Black', 2, '#000000', 1, NULL, NULL),
(4, 'Grey', 2, '#808080', 1, NULL, NULL),
(5, 'Medium', 1, '', 1, NULL, NULL),
(6, 'Large', 1, '', 1, NULL, NULL),
(7, 'IPhone', 3, '', 1, NULL, NULL),
(8, 'Samsung', 3, '', 1, NULL, NULL),
(9, 'Xiaomi', 3, '', 1, NULL, NULL);

--
-- Dumping data for table `brand_categories`
--

INSERT INTO `brand_categories` (`id`, `brand_id`, `category_id`, `created_at`, `updated_at`) VALUES
(9, 4, 16, NULL, NULL),
(10, 4, 14, NULL, NULL),
(11, 4, 15, NULL, NULL),
(12, 3, 26, NULL, NULL),
(13, 3, 27, NULL, NULL),
(14, 3, 28, NULL, NULL),
(15, 2, 26, NULL, NULL),
(16, 2, 16, NULL, NULL),
(17, 2, 9, NULL, NULL),
(18, 2, 8, NULL, NULL),
(19, 2, 10, NULL, NULL),
(20, 1, 26, NULL, NULL),
(21, 1, 17, NULL, NULL),
(22, 1, 18, NULL, NULL);



-- --------------------------------------------------------

-- --------------------------------------------------------

--
-- Dumping data for table `category_translations`
--

INSERT INTO `category_translations` (`id`, `name`, `trans-slug`, `meta_title`, `meta_description`, `meta_keywords`, `category_id`, `language_id`, `created_at`, `updated_at`) VALUES
(1, 'root', '', 'root', '', '', 1, 1, NULL, '2021-10-06 09:46:51'),
(2, 'Delivery', '', 'Delivery', NULL, NULL, 2, 1, NULL, '2021-10-06 09:46:51'),
(3, 'Restaurant', '', 'Restaurant', NULL, NULL, 3, 1, NULL, '2021-10-06 09:46:51'),
(4, 'Supermarket', '', 'Supermarket', NULL, NULL, 4, 1, NULL, '2021-10-06 09:46:51'),
(5, 'Pharmacy', '', 'Pharmacy', NULL, NULL, 5, 1, NULL, '2021-10-06 09:46:51'),
(6, 'Send something', '', 'Send something', '', '', 6, 1, NULL, '2021-10-06 09:46:51'),
(7, 'Buy something', '', 'Buy something', '', '', 7, 1, NULL, '2021-10-06 09:46:51'),
(8, 'Vegetables', '', 'Vegetables', NULL, NULL, 8, 1, NULL, '2021-10-06 09:46:51'),
(9, 'Fruits', '', 'Fruits', NULL, NULL, 9, 1, NULL, '2021-10-06 09:46:51'),
(10, 'Dairy and Eggs', '', 'Dairy and Eggs', NULL, NULL, 10, 1, NULL, '2021-10-06 09:46:51'),
(11, 'E-Commerce', '', 'E-Commerce', '', '', 11, 1, NULL, '2021-10-06 09:46:51'),
(12, 'Cloth', '', 'Cloth', '', '', 12, 1, NULL, '2021-10-06 09:46:51'),
(13, 'Dispatcher', '', 'Dispatcher', '', '', 13, 1, NULL, '2021-10-06 09:46:51'),
(14, 'Italian', NULL, 'Italian', NULL, NULL, 14, 1, '2021-10-04 17:58:35', '2021-10-06 09:46:51'),
(15, 'Continental', NULL, 'Continental', NULL, NULL, 15, 1, '2021-10-04 17:58:54', '2021-10-06 09:46:51'),
(16, 'Chinese', NULL, 'Chinese', NULL, NULL, 16, 1, '2021-10-04 17:59:17', '2021-10-06 09:46:51'),
(17, 'Fitness & Supplement', NULL, 'Fitness & Supplement', NULL, NULL, 17, 1, '2021-10-04 18:01:29', '2021-10-06 09:46:51'),
(18, 'Healthcare Device', NULL, 'Healthcare Device', NULL, NULL, 18, 1, '2021-10-04 18:01:57', '2021-10-06 09:46:51'),
(19, 'Electronics', NULL, 'Electronics', NULL, NULL, 19, 1, '2021-10-04 18:04:26', '2021-10-06 09:46:51'),
(20, 'Mobiles Phones', NULL, 'Mobiles Phones', NULL, NULL, 20, 1, '2021-10-04 18:05:16', '2021-10-06 09:46:51'),
(21, 'Laptops', NULL, 'Laptops', NULL, NULL, 21, 1, '2021-10-04 18:09:04', '2021-10-06 09:46:51'),
(22, 'Home Care', NULL, 'Home Care', NULL, NULL, 22, 1, '2021-10-04 18:09:38', '2021-10-06 09:46:51'),
(23, 'AC Service & Repair', NULL, 'AC Service & Repair', NULL, NULL, 23, 1, '2021-10-04 18:10:06', '2021-10-06 09:46:51'),
(24, 'Cleaning Service', NULL, 'Cleaning Service', NULL, NULL, 24, 1, '2021-10-04 18:10:50', '2021-10-06 09:46:51'),
(25, 'Pest Control', NULL, 'Pest Control', NULL, NULL, 25, 1, '2021-10-04 18:11:13', '2021-10-06 09:46:51'),
(26, 'Fashion', NULL, 'Fashion', NULL, NULL, 26, 1, '2021-10-04 18:11:50', '2021-10-06 09:46:51'),
(27, 'Men', NULL, 'Men', NULL, NULL, 27, 1, '2021-10-04 18:13:09', '2021-10-06 09:46:51'),
(28, 'Women', NULL, 'Women', NULL, NULL, 28, 1, '2021-10-04 18:13:32', '2021-10-06 09:46:51'),
(29, 'Cab Service', NULL, 'Cab Service', NULL, NULL, 29, 1, '2021-10-04 18:13:53', '2021-10-06 09:46:51'),
(30, 'Moto Service', NULL, 'Moto Service', NULL, NULL, 30, 1, '2021-10-04 18:14:25', '2021-10-06 09:46:51'),
(31, 'Auto Service', NULL, 'Auto Service', NULL, NULL, 31, 1, '2021-10-04 18:15:11', '2021-10-06 09:46:51');


-- --------------------------------------------------------

--
-- Dumping data for table `products`
--

INSERT INTO `products` (`id`, `sku`, `title`, `url_slug`, `description`, `body_html`, `vendor_id`, `category_id`, `type_id`, `country_origin_id`, `is_new`, `is_featured`, `is_live`, `is_physical`, `weight`, `weight_unit`, `has_inventory`, `has_variant`, `sell_when_out_of_stock`, `requires_shipping`, `Requires_last_mile`, `averageRating`, `inquiry_only`, `publish_at`, `created_at`, `updated_at`, `brand_id`, `tax_category_id`, `deleted_at`, `pharmacy_check`, `tags`, `need_price_from_dispatcher`, `mode_of_service`) VALUES
(1, 'sku-id1633375333', '1', 'sku-id1633375333', NULL, NULL, 1, NULL, 1, NULL, 1, 1, 1, 1, NULL, NULL, 0, 0, 0, 0, 0, '4.00', 0, NULL, NULL, '2021-10-04 19:22:13', NULL, NULL, '2021-10-04 19:22:13', 0, NULL, NULL, NULL),
(2, 'TS001', 'Royo XL', 'TS001', NULL, '', 1, 29, 1, NULL, 1, 1, 1, 0, NULL, NULL, 0, 0, 0, 0, 0, '4.00', 0, '2021-10-04 19:24:08', NULL, '2021-10-04 19:24:08', NULL, NULL, NULL, 0, 'foodservice', '0', NULL),
(3, 'TS002', 'Royo Platinum', 'TS002', NULL, '', 1, 29, 1, NULL, 1, 1, 1, 0, NULL, NULL, 0, 0, 0, 0, 0, '4.00', 0, '2021-10-04 19:25:32', NULL, '2021-10-04 19:25:32', NULL, NULL, NULL, 0, 'foodservice', '0', NULL),
(4, 'TS003', 'Royo Pool', 'TS003', NULL, '', 1, 29, 1, NULL, 1, 1, 1, 0, NULL, NULL, 0, 0, 0, 0, 0, '4.00', 0, '2021-10-04 19:26:53', NULL, '2021-10-04 19:26:53', NULL, NULL, NULL, 0, 'foodservice', '0', NULL),
(5, 'TS004', 'Royo Moto', 'TS004', NULL, '', 1, 30, 1, NULL, 1, 1, 1, 0, NULL, NULL, 0, 0, 0, 0, 0, '4.00', 0, '2021-10-04 19:27:36', NULL, '2021-10-04 19:27:36', NULL, NULL, NULL, 0, 'foodservice', '0', NULL),
(6, 'TS005', 'Royo Auto', 'TS005', NULL, '', 1, 31, 1, NULL, 1, 1, 1, 0, NULL, NULL, 0, 0, 0, 0, 0, '4.00', 0, '2021-10-04 19:28:16', NULL, '2021-10-04 19:28:16', NULL, NULL, NULL, 0, 'foodservice', '0', NULL),
(7, 'DEL001', NULL, 'del001', NULL, NULL, 4, 2, 1, NULL, 1, 1, 1, 0, NULL, NULL, 0, 0, 0, 0, 0, '4.00', 0, '2021-10-04 19:31:03', '2021-10-04 19:29:59', '2021-10-04 19:31:03', NULL, NULL, NULL, 0, 'foodservice', '0', NULL),
(8, 'DEL002', NULL, 'del002', NULL, NULL, 4, 2, 1, NULL, 1, 1, 1, 0, NULL, NULL, 0, 0, 0, 0, 0, '4.00', 0, '2021-10-04 19:31:58', '2021-10-04 19:31:14', '2021-10-04 19:31:58', NULL, NULL, NULL, 0, 'foodservice', '0', NULL),
(9, 'DEL003', NULL, 'del003', NULL, NULL, 4, 2, 1, NULL, 1, 1, 1, 0, NULL, NULL, 0, 0, 0, 0, 0, '4.00', 0, '2021-10-04 19:32:48', '2021-10-04 19:32:09', '2021-10-04 19:32:48', NULL, NULL, NULL, 0, 'foodservice', '0', NULL),
(10, 'IT100', 'Pizza Fritta', 'IT100', NULL, '', 2, 14, 1, NULL, 1, 1, 1, 0, NULL, NULL, 1, 0, 0, 0, 1, '4.00', 0, '2021-10-04 19:41:45', NULL, '2021-10-11 11:16:19', NULL, NULL, NULL, 0, NULL, '0', NULL),
(11, 'IT1011633376398', 'Pizza Napoletana', 'IT1011633376398', NULL, '', 2, 14, 1, NULL, 1, 0, 1, 0, NULL, NULL, 0, 0, 0, 0, 0, '4.00', 0, NULL, NULL, '2021-10-04 19:39:58', NULL, NULL, '2021-10-04 19:39:58', 0, NULL, NULL, NULL),
(12, 'IT102', 'Tomato Bacon Pasta', 'IT102', NULL, '', 2, 14, 1, NULL, 1, 1, 1, 0, NULL, NULL, 1, 0, 0, 0, 1, '4.00', 0, '2021-10-04 19:42:52', NULL, '2021-10-11 11:15:50', NULL, NULL, NULL, 0, NULL, '0', NULL),
(13, 'IT103', 'Pasta Carbonara', 'IT103', NULL, '', 2, 14, 1, NULL, 1, 1, 1, 0, NULL, NULL, 1, 0, 0, 0, 1, '4.00', 0, '2021-10-04 19:43:49', NULL, '2021-10-04 19:43:49', NULL, NULL, NULL, 0, NULL, '0', NULL),
(14, 'IT1041633376365', 'Margherita pizza', 'IT1041633376365', NULL, '', 2, 14, 1, NULL, 1, 0, 1, 0, NULL, NULL, 0, 0, 0, 0, 0, '4.00', 0, NULL, NULL, '2021-10-04 19:39:25', NULL, NULL, '2021-10-04 19:39:25', 0, NULL, NULL, NULL),
(15, 'IT1051633376381', 'Mushroom Risotto', 'IT1051633376381', NULL, '', 2, 14, 1, NULL, 1, 0, 1, 0, NULL, NULL, 0, 0, 0, 0, 0, '4.00', 0, NULL, NULL, '2021-10-04 19:39:41', NULL, NULL, '2021-10-04 19:39:41', 0, NULL, NULL, NULL),
(16, 'IT106', 'Focaccia Bread ', 'IT106', NULL, '', 2, 14, 1, NULL, 1, 1, 1, 0, NULL, NULL, 1, 0, 0, 0, 1, '4.00', 0, '2021-10-04 19:44:36', NULL, '2021-10-04 19:44:36', NULL, NULL, NULL, 0, NULL, '0', NULL),
(17, 'IT1071633376406', 'Lasagna ', 'IT1071633376406', NULL, '', 2, 14, 1, NULL, 1, 0, 1, 0, NULL, NULL, 0, 0, 0, 0, 0, '4.00', 0, NULL, NULL, '2021-10-04 19:40:06', NULL, NULL, '2021-10-04 19:40:06', 0, NULL, NULL, NULL),
(18, 'IT1081633376415', 'Panzanella', 'IT1081633376415', NULL, '', 2, 14, 1, NULL, 1, 0, 1, 0, NULL, NULL, 0, 0, 0, 0, 0, '4.00', 0, NULL, NULL, '2021-10-04 19:40:15', NULL, NULL, '2021-10-04 19:40:15', 0, NULL, NULL, NULL),
(19, 'IT1091633376371', 'Burrata ', 'IT1091633376371', NULL, '', 2, 14, 1, NULL, 1, 0, 1, 0, NULL, NULL, 0, 0, 0, 0, 0, '4.00', 0, NULL, NULL, '2021-10-04 19:39:31', NULL, NULL, '2021-10-04 19:39:31', 0, NULL, NULL, NULL),
(20, 'CH200', 'Dim Sums', 'CH200', NULL, '', 2, 16, 1, NULL, 1, 1, 1, 0, NULL, NULL, 1, 0, 0, 0, 1, '4.00', 0, '2021-10-04 19:46:56', NULL, '2021-10-04 19:46:56', NULL, NULL, NULL, 0, NULL, '0', NULL),
(21, 'CH202', 'Chicken with Chestnuts', 'CH202', NULL, '', 2, 16, 1, NULL, 1, 1, 1, 0, NULL, NULL, 1, 0, 0, 0, 1, '4.00', 0, '2021-10-04 19:47:53', NULL, '2021-10-04 19:47:53', NULL, NULL, NULL, 0, NULL, '0', NULL),
(22, 'CH203', 'Spring Rolls', 'CH203', NULL, '', 2, 16, 1, NULL, 1, 1, 1, 0, NULL, NULL, 1, 0, 0, 0, 1, '4.00', 0, '2021-10-04 19:48:54', NULL, '2021-10-04 19:48:54', NULL, NULL, NULL, 0, NULL, '0', NULL),
(23, 'CH204', 'Stir Fried Tofu with Rice', 'CH204', NULL, '', 2, 16, 1, NULL, 1, 1, 1, 0, NULL, NULL, 1, 0, 0, 0, 1, '4.00', 0, '2021-10-04 19:49:46', NULL, '2021-10-04 19:49:46', NULL, NULL, NULL, 0, NULL, '0', NULL),
(24, 'CH2051633376730', 'Hot Sour Soup', 'CH2051633376730', NULL, '', 2, 16, 1, NULL, 1, 0, 1, 0, NULL, NULL, 0, 0, 0, 0, 0, '4.00', 0, NULL, NULL, '2021-10-04 19:45:30', NULL, NULL, '2021-10-04 19:45:30', 0, NULL, NULL, NULL),
(25, 'CH2061633376737', 'Sichuan Pork', 'CH2061633376737', NULL, '', 2, 16, 1, NULL, 1, 0, 1, 0, NULL, NULL, 0, 0, 0, 0, 0, '4.00', 0, NULL, NULL, '2021-10-04 19:45:37', NULL, NULL, '2021-10-04 19:45:37', 0, NULL, NULL, NULL),
(26, 'CH2071633376743', 'Shrimp with Vermicelli and Garlic', 'CH2071633376743', NULL, '', 2, 16, 1, NULL, 1, 0, 1, 0, NULL, NULL, 0, 0, 0, 0, 0, '4.00', 0, NULL, NULL, '2021-10-04 19:45:43', NULL, NULL, '2021-10-04 19:45:43', 0, NULL, NULL, NULL),
(27, 'CH2081633376749', 'Peking Roasted Duck', 'CH2081633376749', NULL, '', 2, 16, 1, NULL, 1, 0, 1, 0, NULL, NULL, 0, 0, 0, 0, 0, '4.00', 0, NULL, NULL, '2021-10-04 19:45:49', NULL, NULL, '2021-10-04 19:45:49', 0, NULL, NULL, NULL),
(28, 'CH2091633376755', 'Steamed Vermicelli Rolls', 'CH2091633376755', NULL, '', 2, 16, 1, NULL, 1, 0, 1, 0, NULL, NULL, 0, 0, 0, 0, 0, '4.00', 0, NULL, NULL, '2021-10-04 19:45:55', NULL, NULL, '2021-10-04 19:45:55', 0, NULL, NULL, NULL),
(29, 'CH2101633376762', 'Fried Shrimp with Cashew Nuts', 'CH2101633376762', NULL, '', 2, 16, 1, NULL, 1, 0, 1, 0, NULL, NULL, 0, 0, 0, 0, 0, '4.00', 0, NULL, NULL, '2021-10-04 19:46:02', NULL, NULL, '2021-10-04 19:46:02', 0, NULL, NULL, NULL),
(30, 'CN500', 'Prawn Pie', 'CN500', NULL, '', 3, 15, 1, NULL, 1, 1, 1, 0, NULL, NULL, 1, 0, 0, 0, 1, '4.00', 0, '2021-10-04 19:53:32', NULL, '2021-10-11 10:59:35', NULL, NULL, NULL, 0, NULL, '0', NULL),
(31, 'CN502', 'Crispy Calamari Rings', 'CN502', NULL, '', 3, 15, 1, NULL, 1, 1, 1, 0, NULL, NULL, 0, 0, 0, 0, 1, '4.00', 0, '2021-10-04 19:54:13', NULL, '2021-10-11 10:59:57', NULL, NULL, NULL, 0, NULL, '0', NULL),
(32, 'CN503', 'Yorkshire Lamb Patties', 'CN503', NULL, '', 3, 15, 1, NULL, 1, 1, 1, 0, NULL, NULL, 1, 0, 0, 0, 1, '4.00', 0, '2021-10-04 19:56:13', NULL, '2021-10-11 11:01:11', NULL, NULL, NULL, 0, NULL, '0', NULL),
(33, 'FR600', 'Yellow Bananas ', 'FR600', NULL, '', 5, 9, 1, NULL, 1, 1, 1, 0, NULL, NULL, 1, 0, 0, 0, 1, '4.00', 0, '2021-10-04 19:59:52', NULL, '2021-10-08 12:53:16', 2, NULL, NULL, 0, NULL, '0', NULL),
(34, 'FR601', 'Raspberries Mexico ', 'FR601', NULL, '', 5, 9, 1, NULL, 1, 1, 1, 0, NULL, NULL, 1, 0, 0, 0, 1, '4.00', 0, '2021-10-04 20:00:10', NULL, '2021-10-08 12:53:05', 2, NULL, NULL, 0, NULL, '0', NULL),
(35, 'FR602', 'Pears Forelle ', 'FR602', NULL, '', 5, 9, 1, NULL, 1, 1, 1, 0, NULL, NULL, 1, 0, 0, 0, 1, '4.00', 0, '2021-10-04 20:00:31', NULL, '2021-10-08 12:53:29', 2, NULL, NULL, 0, NULL, '0', NULL),
(36, 'FR603', 'Tomato Bunch ', 'FR603', NULL, '', 5, 8, 1, NULL, 1, 1, 1, 0, NULL, NULL, 1, 0, 0, 0, 1, '4.00', 0, '2021-10-04 20:00:50', NULL, '2021-10-08 12:53:42', 2, NULL, NULL, 0, NULL, '0', NULL),
(37, 'FR604', 'Sweet Potato Australia', 'FR604', NULL, '', 5, 8, 1, NULL, 1, 1, 1, 0, NULL, NULL, 1, 0, 0, 0, 1, '4.00', 0, '2021-10-04 20:01:09', NULL, '2021-10-11 11:06:22', NULL, NULL, NULL, 0, NULL, '0', NULL),
(38, 'FR605', 'Cauliflower ', 'FR605', NULL, '', 5, 8, 1, NULL, 1, 1, 1, 0, NULL, NULL, 1, 0, 0, 0, 1, '4.00', 0, '2021-10-04 20:01:26', NULL, '2021-10-11 11:05:58', NULL, NULL, NULL, 0, NULL, '0', NULL),
(39, 'DE110', 'Choco lava cake', 'DE110', NULL, '', 5, 10, 1, NULL, 1, 1, 1, 0, NULL, NULL, 1, 0, 0, 0, 1, '4.00', 0, '2021-10-04 20:02:42', NULL, '2021-10-08 12:51:45', 2, NULL, NULL, 0, NULL, '0', NULL),
(40, 'DE111', 'Black Forest', 'DE111', NULL, '', 5, 10, 1, NULL, 1, 1, 1, 0, NULL, NULL, 1, 0, 0, 0, 1, '4.00', 0, '2021-10-04 20:03:30', NULL, '2021-10-08 12:52:32', 2, NULL, NULL, 0, NULL, '0', NULL),
(41, 'D202', NULL, 'd202', NULL, NULL, 5, 10, 1, NULL, 1, 1, 1, 0, NULL, NULL, 1, 0, 0, 0, 1, '4.00', 0, '2021-10-04 20:04:26', '2021-10-04 20:03:55', '2021-10-08 12:52:46', 2, NULL, NULL, 0, NULL, '0', NULL),
(42, 'PH200', 'Vitamin C + Zinc', 'PH200', NULL, '', 6, 17, 1, NULL, 1, 1, 1, 0, NULL, NULL, 1, 0, 0, 0, 1, '4.00', 0, '2021-10-04 20:07:37', NULL, '2021-10-08 12:49:53', 1, NULL, NULL, 0, NULL, '0', NULL),
(43, 'PH201', 'Folic B9', 'PH201', NULL, '', 6, 17, 1, NULL, 1, 1, 1, 0, NULL, NULL, 1, 0, 0, 0, 1, '4.00', 0, '2021-10-04 20:08:36', NULL, '2021-10-08 12:50:03', 1, NULL, NULL, 0, NULL, '0', NULL),
(44, 'PH202', 'Casein Protein', 'PH202', NULL, '', 6, 17, 1, NULL, 1, 1, 1, 0, NULL, NULL, 1, 0, 0, 0, 1, '4.00', 0, '2021-10-04 20:09:11', NULL, '2021-10-08 12:50:22', 1, NULL, NULL, 0, NULL, '0', NULL),
(45, 'PH206', 'Thermometer', 'PH206', NULL, '', 6, 18, 1, NULL, 1, 1, 1, 0, NULL, NULL, 1, 0, 0, 0, 1, '4.00', 0, '2021-10-04 20:12:04', NULL, '2021-10-08 12:50:34', 1, NULL, NULL, 0, NULL, '0', NULL),
(46, 'PH207', 'Pulse Oximeter', 'PH207', NULL, '', 6, 18, 1, NULL, 1, 1, 1, 0, NULL, NULL, 1, 0, 0, 0, 1, '4.00', 0, '2021-10-04 20:15:15', NULL, '2021-10-08 12:50:45', 1, NULL, NULL, 0, NULL, '0', NULL),
(47, 'PH208', 'Breathe Free Vaporizer', 'PH208', NULL, '', 6, 18, 1, NULL, 1, 1, 1, 0, NULL, NULL, 1, 0, 0, 0, 1, '4.00', 0, '2021-10-04 20:15:36', NULL, '2021-10-08 12:49:30', 1, NULL, NULL, 0, NULL, '0', NULL),
(48, 'EL806', 'Asus Zenbook 14', 'EL806', NULL, '', 7, 21, 1, NULL, 1, 1, 1, 0, NULL, NULL, 1, 0, 0, 0, 1, '4.00', 0, '2021-10-04 20:20:54', NULL, '2021-10-11 10:43:56', NULL, NULL, NULL, 0, NULL, '0', NULL),
(49, 'EL807', 'HP Pavilion 14', 'EL807', NULL, '', 7, 21, 1, NULL, 1, 1, 1, 0, NULL, NULL, 1, 0, 0, 0, 1, '4.00', 0, '2021-10-04 20:23:04', NULL, '2021-10-11 10:44:03', NULL, NULL, NULL, 0, NULL, '0', NULL),
(50, 'EL808', 'Macbook Pro M1 Chip', 'EL808', NULL, '', 7, 21, 1, NULL, 1, 1, 1, 0, NULL, NULL, 1, 0, 0, 0, 1, '4.00', 0, '2021-10-04 20:21:30', NULL, '2021-10-11 10:43:28', NULL, NULL, NULL, 0, NULL, '0', NULL),
(51, 'MB900', NULL, 'mb900', NULL, NULL, 7, 20, 1, NULL, 1, 1, 1, 0, NULL, NULL, 1, 0, 0, 0, 1, '4.00', 0, '2021-10-04 20:25:26', '2021-10-04 20:24:03', '2021-10-11 10:45:46', NULL, NULL, NULL, 0, NULL, '0', NULL),
(52, 'MB901', NULL, 'mb901', NULL, NULL, 7, 20, 1, NULL, 1, 1, 1, 0, NULL, NULL, 1, 0, 0, 0, 1, '4.00', 0, '2021-10-04 20:27:36', '2021-10-04 20:25:57', '2021-10-11 10:46:30', NULL, NULL, NULL, 0, NULL, '0', NULL),
(53, 'MB902', NULL, 'mb902', NULL, NULL, 7, 20, 1, NULL, 1, 1, 1, 0, NULL, NULL, 1, 0, 0, 0, 1, '4.00', 0, '2021-10-04 20:29:46', '2021-10-04 20:27:53', '2021-10-11 10:47:10', NULL, NULL, NULL, 0, NULL, '0', NULL),
(54, 'MEN301', NULL, 'men301', NULL, NULL, 8, 27, 1, NULL, 1, 1, 1, 0, NULL, NULL, 1, 0, 0, 0, 1, '4.00', 0, '2021-10-04 20:33:12', '2021-10-04 20:32:42', '2021-10-08 12:47:07', 3, NULL, NULL, 0, NULL, '0', NULL),
(55, 'MEN302', NULL, 'men302', NULL, NULL, 8, 27, 1, NULL, 1, 1, 1, 0, NULL, NULL, 1, 0, 0, 0, 1, '4.00', 0, '2021-10-04 20:33:58', '2021-10-04 20:33:28', '2021-10-08 12:47:18', 3, NULL, NULL, 0, NULL, '0', NULL),
(56, 'MEN303', NULL, 'men303', NULL, NULL, 8, 27, 1, NULL, 1, 1, 1, 0, NULL, NULL, 1, 0, 0, 0, 1, '4.00', 0, '2021-10-04 20:34:39', '2021-10-04 20:34:10', '2021-10-08 12:47:29', 3, NULL, NULL, 0, NULL, '0', NULL),
(57, 'WOMEN304', NULL, 'women304', NULL, NULL, 8, 28, 1, NULL, 1, 1, 1, 0, NULL, NULL, 1, 0, 0, 0, 1, '4.00', 0, '2021-10-04 20:38:53', '2021-10-04 20:35:45', '2021-10-08 12:47:42', 3, NULL, NULL, 0, NULL, '0', NULL),
(58, 'WOMEN305', NULL, 'women305', NULL, NULL, 8, 28, 1, NULL, 1, 1, 1, 0, NULL, NULL, 1, 0, 0, 0, 1, '4.00', 0, '2021-10-04 20:37:30', '2021-10-04 20:36:48', '2021-10-08 12:48:26', 3, NULL, NULL, 0, NULL, '0', NULL),
(59, 'WOMEN306', NULL, 'women306', NULL, NULL, 8, 28, 1, NULL, 1, 1, 1, 0, NULL, NULL, 1, 0, 0, 0, 1, '4.00', 0, '2021-10-04 20:38:05', '2021-10-04 20:37:43', '2021-10-08 12:48:36', 3, NULL, NULL, 0, NULL, '0', NULL),
(60, 'AC100', 'Split Ac Service', 'AC100', NULL, '', 9, 23, 1, NULL, 1, 1, 1, 0, NULL, NULL, 0, 0, 0, 0, 0, '4.00', 0, '2021-10-04 20:51:29', NULL, '2021-10-05 05:47:31', NULL, NULL, NULL, 0, NULL, '0', NULL),
(61, 'AC101', 'Window Ac Service', 'AC101', NULL, '', 9, 23, 1, NULL, 1, 1, 1, 0, NULL, NULL, 0, 0, 0, 0, 1, '4.00', 0, '2021-10-04 20:52:29', NULL, '2021-10-04 20:52:29', NULL, NULL, NULL, 0, 'foodservice', '0', 'schedule'),
(62, 'AC1021633380563', 'Split Ac Installation', 'AC1021633380563', NULL, '', 9, 23, 1, NULL, 1, 0, 1, 0, NULL, NULL, 0, 0, 0, 0, 0, '4.00', 0, NULL, NULL, '2021-10-04 20:49:23', NULL, NULL, '2021-10-04 20:49:23', 0, NULL, NULL, NULL),
(63, 'AC1031633380570', 'Window Ac Installation', 'AC1031633380570', NULL, '', 9, 23, 1, NULL, 1, 0, 1, 0, NULL, NULL, 0, 0, 0, 0, 0, '4.00', 0, NULL, NULL, '2021-10-04 20:49:30', NULL, NULL, '2021-10-04 20:49:30', 0, NULL, NULL, NULL),
(64, 'CL111', 'Full Home Cleaning', 'CL111', NULL, '', 9, 24, 1, NULL, 1, 1, 1, 0, NULL, NULL, 0, 0, 0, 0, 1, '4.00', 0, '2021-10-04 20:53:02', NULL, '2021-10-04 20:53:02', NULL, NULL, NULL, 0, 'foodservice', '0', 'schedule'),
(65, 'CL112', 'Bathroom Cleaning', 'CL112', NULL, '', 9, 24, 1, NULL, 1, 1, 1, 0, NULL, NULL, 0, 0, 0, 0, 1, '4.00', 0, '2021-10-04 20:55:31', NULL, '2021-10-04 20:55:31', NULL, NULL, NULL, 0, 'foodservice', '0', 'schedule'),
(66, 'CL113', 'Car Cleaning', 'CL113', NULL, '', 9, 24, 1, NULL, 1, 1, 1, 0, NULL, NULL, 0, 0, 0, 0, 1, '4.00', 0, '2021-10-04 20:56:03', NULL, '2021-10-04 20:56:03', NULL, NULL, NULL, 0, 'foodservice', '0', 'schedule'),
(67, 'CL1141633380586', 'Sofa & Carpet Cleaning', 'CL1141633380586', NULL, '', 9, 24, 1, NULL, 1, 0, 1, 0, NULL, NULL, 0, 0, 0, 0, 0, '4.00', 0, NULL, NULL, '2021-10-04 20:49:46', NULL, NULL, '2021-10-04 20:49:46', 0, NULL, NULL, NULL),
(68, 'PC280', 'Bed bugs control', 'PC280', NULL, '', 9, 25, 1, NULL, 1, 1, 1, 0, NULL, NULL, 0, 0, 0, 0, 1, '4.00', 0, '2021-10-04 20:56:38', NULL, '2021-10-04 20:56:38', NULL, NULL, NULL, 0, 'foodservice', '0', 'schedule'),
(69, 'PC281', 'Cockroaches pest control', 'PC281', NULL, '', 9, 25, 1, NULL, 1, 1, 1, 0, NULL, NULL, 0, 0, 0, 0, 1, '4.00', 0, '2021-10-04 20:57:05', NULL, '2021-10-04 20:57:05', NULL, NULL, NULL, 0, 'foodservice', '0', 'schedule'),
(70, 'PC282', 'Termite control', 'PC282', NULL, '', 9, 25, 1, NULL, 1, 1, 1, 0, NULL, NULL, 0, 0, 0, 0, 1, '4.00', 0, '2021-10-04 20:57:31', NULL, '2021-10-04 20:57:31', NULL, NULL, NULL, 0, 'foodservice', '0', 'schedule'),
(71, 'Shirt', NULL, 'Shirt', NULL, NULL, 8, 27, 1, NULL, 1, 1, 1, 0, NULL, NULL, 1, 0, 0, 0, 1, NULL, 0, '2021-10-11 06:19:05', '2021-10-11 05:39:06', '2021-10-11 06:23:14', 3, NULL, NULL, 0, NULL, '0', NULL),
(72, 'CasualT-shirts', NULL, 'casualt-shirts', NULL, NULL, 8, 27, 1, NULL, 1, 1, 1, 0, NULL, NULL, 1, 0, 0, 0, 1, NULL, 0, '2021-10-11 06:19:36', '2021-10-11 05:45:30', '2021-10-11 06:23:35', 3, NULL, NULL, 0, NULL, '0', NULL),
(73, 'Capri', NULL, 'capris', NULL, NULL, 8, 27, 1, NULL, 1, 1, 1, 0, NULL, NULL, 1, 0, 0, 0, 1, NULL, 0, '2021-10-11 05:54:17', '2021-10-11 05:49:45', '2021-10-11 05:54:17', NULL, NULL, NULL, 0, NULL, '0', NULL),
(74, 'WomenCapri1633932140', NULL, 'womencapri1633932140', NULL, NULL, 8, 28, 1, NULL, 0, 0, 0, 0, NULL, NULL, 0, 0, 0, 0, 0, NULL, 0, NULL, '2021-10-11 06:01:33', '2021-10-11 06:02:20', NULL, NULL, '2021-10-11 06:02:20', 0, NULL, NULL, NULL),
(75, 'Shorts', NULL, 'shorts', NULL, NULL, 8, 28, 1, NULL, 1, 1, 1, 0, NULL, NULL, 1, 0, 0, 0, 1, NULL, 0, '2021-10-11 06:15:07', '2021-10-11 06:03:22', '2021-10-11 06:15:07', NULL, NULL, NULL, 0, NULL, '0', NULL),
(76, 'Scirt', NULL, 'scirt', NULL, NULL, 8, 28, 1, NULL, 1, 1, 1, 0, NULL, NULL, 1, 0, 0, 0, 1, NULL, 0, '2021-10-11 06:18:24', '2021-10-11 06:16:53', '2021-10-11 06:18:24', NULL, NULL, NULL, 0, NULL, '0', NULL),
(77, 'Sweaters', NULL, 'sweaters', NULL, NULL, 8, 28, 1, NULL, 1, 1, 1, 0, NULL, NULL, 1, 0, 0, 0, 1, NULL, 0, '2021-10-11 06:22:36', '2021-10-11 06:20:16', '2021-10-11 06:22:36', NULL, NULL, NULL, 0, NULL, '0', NULL),
(78, 'Inspiron14Laptop', NULL, 'inspiron14laptop', NULL, NULL, 7, 21, 1, NULL, 1, 1, 1, 0, NULL, NULL, 1, 0, 0, 0, 1, NULL, 0, '2021-10-11 06:31:29', '2021-10-11 06:29:40', '2021-10-11 06:31:29', NULL, NULL, NULL, 0, NULL, '0', NULL),
(79, 'LenovoIdeaPadSlim310thGen', NULL, 'lenovoideapadslim310thgen', NULL, NULL, 7, 21, 1, NULL, 1, 1, 1, 0, NULL, NULL, 1, 0, 0, 0, 1, NULL, 0, '2021-10-11 06:37:39', '2021-10-11 06:34:21', '2021-10-11 06:37:39', NULL, NULL, NULL, 0, NULL, '0', NULL),
(80, 'AcerNitro5GamingLaptopAMD', NULL, 'acernitro5gaminglaptopamd', NULL, NULL, 7, 21, 1, NULL, 1, 1, 1, 0, NULL, NULL, 1, 0, 0, 0, 1, NULL, 0, '2021-10-11 06:41:34', '2021-10-11 06:39:03', '2021-10-11 06:41:34', NULL, NULL, NULL, 0, NULL, '0', NULL),
(81, 'OnePlus9R5G', NULL, 'oneplus9r5g', NULL, NULL, 7, 20, 1, NULL, 1, 1, 1, 0, NULL, NULL, 1, 0, 0, 0, 1, NULL, 0, '2021-10-11 06:45:28', '2021-10-11 06:42:44', '2021-10-11 06:45:28', NULL, NULL, NULL, 0, NULL, '0', NULL),
(82, 'Samsung Galaxy S20 FE 5G', NULL, 'Samsung Galaxy S20 FE 5G', NULL, NULL, 7, 20, 1, NULL, 1, 1, 1, 0, NULL, NULL, 1, 0, 0, 0, 1, NULL, 0, '2021-10-11 06:57:57', '2021-10-11 06:48:14', '2021-10-11 06:57:57', NULL, NULL, NULL, 0, NULL, '0', NULL),
(83, 'OPPOF19Pro', NULL, 'OPPO F19 Prooppof19pro', NULL, NULL, 7, 20, 1, NULL, 1, 1, 1, 0, NULL, NULL, 1, 0, 0, 0, 1, NULL, 0, '2021-10-11 07:03:04', '2021-10-11 07:00:01', '2021-10-11 07:03:04', NULL, NULL, NULL, 0, NULL, '0', NULL),
(84, 'VitaminB-12', NULL, 'vitaminb-12', NULL, NULL, 6, 17, 1, NULL, 1, 1, 1, 0, NULL, NULL, 1, 0, 0, 0, 1, NULL, 0, '2021-10-11 07:08:23', '2021-10-11 07:05:53', '2021-10-11 07:08:23', NULL, NULL, NULL, 0, NULL, '0', NULL),
(85, 'HempProtein', NULL, 'hempprotein', NULL, NULL, 6, 17, 1, NULL, 1, 1, 1, 0, NULL, NULL, 1, 0, 0, 0, 1, NULL, 0, '2021-10-11 07:12:09', '2021-10-11 07:09:53', '2021-10-11 07:12:09', NULL, NULL, NULL, 0, NULL, '0', NULL),
(86, 'BrownRiceProtein1633951999', NULL, 'Brown Rice Protein1633951999', NULL, NULL, 6, 17, 1, NULL, 1, 1, 1, 0, NULL, NULL, 1, 0, 0, 0, 1, NULL, 0, '2021-10-11 07:16:51', '2021-10-11 07:13:17', '2021-10-11 11:33:19', NULL, NULL, '2021-10-11 11:33:19', 0, NULL, '0', NULL),
(87, 'BloodGlucoseMonitors', NULL, 'Blood Glucose Monitors:', NULL, NULL, 6, 18, 1, NULL, 1, 1, 1, 0, NULL, NULL, 1, 0, 0, 0, 1, NULL, 0, '2021-10-11 07:21:32', '2021-10-11 07:19:10', '2021-10-11 07:21:32', NULL, NULL, NULL, 0, NULL, '0', NULL),
(88, 'PedometersAndWeighingScales', NULL, 'Pedometers And Weighing Scales', NULL, NULL, 6, 18, 1, NULL, 1, 1, 1, 0, NULL, NULL, 1, 0, 0, 0, 1, NULL, 0, '2021-10-11 07:26:27', '2021-10-11 07:22:15', '2021-10-11 07:26:27', NULL, NULL, NULL, 0, NULL, '0', NULL),
(89, 'Apples', NULL, 'apples', NULL, NULL, 5, 9, 1, NULL, 1, 1, 1, 0, NULL, NULL, 1, 0, 0, 0, 1, NULL, 0, '2021-10-11 07:32:36', '2021-10-11 07:29:40', '2021-10-11 07:32:36', NULL, NULL, NULL, 0, NULL, '0', NULL),
(90, 'watermelon', NULL, 'watermelon', NULL, NULL, 5, 9, 1, NULL, 1, 1, 1, 0, NULL, NULL, 1, 0, 0, 0, 1, NULL, 0, '2021-10-11 07:36:35', '2021-10-11 07:33:24', '2021-10-11 07:36:35', NULL, NULL, NULL, 0, NULL, '0', NULL),
(91, 'cabbage', NULL, 'cabbage', NULL, NULL, 5, 8, 1, NULL, 1, 1, 1, 0, NULL, NULL, 1, 0, 0, 0, 1, NULL, 0, '2021-10-11 07:41:27', '2021-10-11 07:38:46', '2021-10-11 07:41:27', NULL, NULL, NULL, 0, NULL, '0', NULL),
(92, 'broccoli', NULL, 'broccoli', NULL, NULL, 5, 8, 1, NULL, 1, 1, 1, 0, NULL, NULL, 1, 0, 0, 0, 1, NULL, 0, '2021-10-11 07:44:39', '2021-10-11 07:42:27', '2021-10-11 07:44:39', NULL, NULL, NULL, 0, NULL, '0', NULL),
(93, 'cheese', NULL, 'cheese', NULL, NULL, 5, 10, 1, NULL, 1, 1, 1, 0, NULL, NULL, 1, 0, 0, 0, 1, NULL, 0, '2021-10-11 07:49:31', '2021-10-11 07:48:03', '2021-10-11 07:49:31', NULL, NULL, NULL, 0, NULL, '0', NULL),
(94, 'milkshake', NULL, 'milk shake', NULL, NULL, 5, 10, 1, NULL, 1, 1, 1, 0, NULL, NULL, 1, 0, 0, 0, 1, NULL, 0, '2021-10-11 07:54:04', '2021-10-11 07:52:05', '2021-10-11 07:54:04', NULL, NULL, NULL, 0, NULL, '0', NULL),
(95, 'RoestiAndSalad', NULL, 'Roesti And Salad', NULL, NULL, 3, 15, 1, NULL, 1, 1, 1, 0, NULL, NULL, 1, 0, 0, 0, 1, NULL, 0, '2021-10-11 08:44:42', '2021-10-11 08:42:31', '2021-10-11 08:44:42', NULL, NULL, NULL, 0, NULL, '0', NULL),
(96, 'PaneerSteak', NULL, 'Paneer Steak', NULL, NULL, 3, 15, 1, NULL, 1, 1, 1, 0, NULL, NULL, 1, 0, 0, 0, 1, NULL, 0, '2021-10-11 08:50:55', '2021-10-11 08:45:11', '2021-10-11 08:50:55', NULL, NULL, NULL, 0, NULL, '0', NULL),
(97, 'AppleSausagePlait.', NULL, 'Apple Sausage Plait.', NULL, NULL, 3, 15, 1, NULL, 1, 1, 1, 0, NULL, NULL, 1, 0, 0, 0, 1, NULL, 0, '2021-10-11 08:56:22', '2021-10-11 08:52:12', '2021-10-11 08:56:22', NULL, NULL, NULL, 0, NULL, '0', NULL),
(98, 'Polenta', NULL, 'Polenta.', NULL, NULL, 2, 14, 1, NULL, 1, 1, 1, 0, NULL, NULL, 1, 0, 0, 0, 1, NULL, 0, '2021-10-11 09:01:57', '2021-10-11 08:59:48', '2021-10-11 09:01:57', NULL, NULL, NULL, 0, NULL, '0', NULL),
(99, 'Ossobuco', NULL, 'Osso buco', NULL, NULL, 2, 14, 1, NULL, 1, 1, 1, 0, NULL, NULL, 1, 0, 0, 0, 1, NULL, 0, '2021-10-11 09:06:37', '2021-10-11 09:02:33', '2021-10-11 09:06:37', NULL, NULL, NULL, 0, NULL, '0', NULL),
(100, 'QuickNoodles', NULL, 'quicknoodles', NULL, NULL, 2, 16, 1, NULL, 1, 1, 1, 0, NULL, NULL, 1, 0, 0, 0, 1, NULL, 0, '2021-10-11 09:10:06', '2021-10-11 09:07:23', '2021-10-11 09:10:06', NULL, NULL, NULL, 0, NULL, '0', NULL),
(101, 'SzechwanChilliChicken', NULL, 'szechwanchillichicken', NULL, NULL, 2, 16, 1, NULL, 1, 1, 1, 0, NULL, NULL, 1, 0, 0, 0, 1, NULL, 0, '2021-10-11 09:14:13', '2021-10-11 09:11:13', '2021-10-11 09:14:13', NULL, NULL, NULL, 0, NULL, '0', NULL);

-- --------------------------------------------------------

--
-- Dumping data for table `product_addons`
--

INSERT INTO `product_addons` (`product_id`, `addon_id`, `created_at`, `updated_at`) VALUES
(64, 2, NULL, NULL),
(65, 4, NULL, NULL),
(66, 3, NULL, NULL),
(54, 5, NULL, NULL),
(55, 6, NULL, NULL),
(56, 7, NULL, NULL),
(57, 8, NULL, NULL),
(58, 9, NULL, NULL),
(59, 10, NULL, NULL),
(77, 16, NULL, NULL),
(76, 15, NULL, NULL),
(75, 14, NULL, NULL),
(73, 13, NULL, NULL),
(72, 12, NULL, NULL),
(71, 11, NULL, NULL),
(50, 19, NULL, NULL),
(48, 17, NULL, NULL),
(49, 18, NULL, NULL),
(51, 20, NULL, NULL),
(52, 21, NULL, NULL),
(53, 22, NULL, NULL),
(81, 27, NULL, NULL),
(82, 28, NULL, NULL),
(83, 29, NULL, NULL),
(42, 30, NULL, NULL),
(43, 31, NULL, NULL),
(44, 32, NULL, NULL),
(45, 33, NULL, NULL),
(46, 34, NULL, NULL),
(47, 35, NULL, NULL),
(85, 37, NULL, NULL),
(86, 38, NULL, NULL),
(87, 39, NULL, NULL),
(88, 41, NULL, NULL),
(30, 57, NULL, NULL),
(78, 24, NULL, NULL),
(31, 58, NULL, NULL),
(32, 59, NULL, NULL),
(94, 56, NULL, NULL),
(93, 55, NULL, NULL),
(92, 54, NULL, NULL),
(79, 25, NULL, NULL),
(91, 53, NULL, NULL),
(90, 52, NULL, NULL),
(89, 51, NULL, NULL),
(41, 50, NULL, NULL),
(40, 49, NULL, NULL),
(39, 48, NULL, NULL),
(38, 47, NULL, NULL),
(37, 46, NULL, NULL),
(36, 45, NULL, NULL),
(35, 44, NULL, NULL),
(34, 43, NULL, NULL),
(33, 42, NULL, NULL),
(95, 60, NULL, NULL),
(96, 61, NULL, NULL),
(97, 62, NULL, NULL),
(101, 74, NULL, NULL),
(100, 73, NULL, NULL),
(99, 72, NULL, NULL),
(98, 71, NULL, NULL),
(80, 26, NULL, NULL),
(23, 70, NULL, NULL),
(22, 69, NULL, NULL),
(21, 68, NULL, NULL),
(20, 67, NULL, NULL),
(16, 66, NULL, NULL),
(13, 65, NULL, NULL),
(12, 64, NULL, NULL),
(10, 63, NULL, NULL);
-- --------------------------------------------------------

--
-- Dumping data for table `product_categories`
--

INSERT INTO `product_categories` (`product_id`, `category_id`, `created_at`, `updated_at`) VALUES
(1, 11, NULL, NULL),
(2, 29, NULL, NULL),
(2, 29, NULL, NULL),
(3, 29, NULL, NULL),
(2, 29, NULL, NULL),
(3, 29, NULL, NULL),
(4, 29, NULL, NULL),
(2, 29, NULL, NULL),
(3, 29, NULL, NULL),
(4, 29, NULL, NULL),
(5, 30, NULL, NULL),
(2, 29, NULL, NULL),
(3, 29, NULL, NULL),
(4, 29, NULL, NULL),
(5, 30, NULL, NULL),
(6, 31, NULL, NULL),
(7, 2, '2021-10-04 19:29:59', '2021-10-04 19:29:59'),
(8, 2, '2021-10-04 19:31:14', '2021-10-04 19:31:14'),
(9, 2, '2021-10-04 19:32:09', '2021-10-04 19:32:09'),
(10, 14, NULL, NULL),
(10, 14, NULL, NULL),
(11, 14, NULL, NULL),
(10, 14, NULL, NULL),
(11, 14, NULL, NULL),
(12, 14, NULL, NULL),
(10, 14, NULL, NULL),
(11, 14, NULL, NULL),
(12, 14, NULL, NULL),
(13, 14, NULL, NULL),
(10, 14, NULL, NULL),
(11, 14, NULL, NULL),
(12, 14, NULL, NULL),
(13, 14, NULL, NULL),
(14, 14, NULL, NULL),
(10, 14, NULL, NULL),
(11, 14, NULL, NULL),
(12, 14, NULL, NULL),
(13, 14, NULL, NULL),
(14, 14, NULL, NULL),
(15, 14, NULL, NULL),
(10, 14, NULL, NULL),
(11, 14, NULL, NULL),
(12, 14, NULL, NULL),
(13, 14, NULL, NULL),
(14, 14, NULL, NULL),
(15, 14, NULL, NULL),
(16, 14, NULL, NULL),
(10, 14, NULL, NULL),
(11, 14, NULL, NULL),
(12, 14, NULL, NULL),
(13, 14, NULL, NULL),
(14, 14, NULL, NULL),
(15, 14, NULL, NULL),
(16, 14, NULL, NULL),
(17, 14, NULL, NULL),
(10, 14, NULL, NULL),
(11, 14, NULL, NULL),
(12, 14, NULL, NULL),
(13, 14, NULL, NULL),
(14, 14, NULL, NULL),
(15, 14, NULL, NULL),
(16, 14, NULL, NULL),
(17, 14, NULL, NULL),
(18, 14, NULL, NULL),
(10, 14, NULL, NULL),
(11, 14, NULL, NULL),
(12, 14, NULL, NULL),
(13, 14, NULL, NULL),
(14, 14, NULL, NULL),
(15, 14, NULL, NULL),
(16, 14, NULL, NULL),
(17, 14, NULL, NULL),
(18, 14, NULL, NULL),
(19, 14, NULL, NULL),
(20, 16, NULL, NULL),
(20, 16, NULL, NULL),
(21, 16, NULL, NULL),
(20, 16, NULL, NULL),
(21, 16, NULL, NULL),
(22, 16, NULL, NULL),
(20, 16, NULL, NULL),
(21, 16, NULL, NULL),
(22, 16, NULL, NULL),
(23, 16, NULL, NULL),
(20, 16, NULL, NULL),
(21, 16, NULL, NULL),
(22, 16, NULL, NULL),
(23, 16, NULL, NULL),
(24, 16, NULL, NULL),
(20, 16, NULL, NULL),
(21, 16, NULL, NULL),
(22, 16, NULL, NULL),
(23, 16, NULL, NULL),
(24, 16, NULL, NULL),
(25, 16, NULL, NULL),
(20, 16, NULL, NULL),
(21, 16, NULL, NULL),
(22, 16, NULL, NULL),
(23, 16, NULL, NULL),
(24, 16, NULL, NULL),
(25, 16, NULL, NULL),
(26, 16, NULL, NULL),
(20, 16, NULL, NULL),
(21, 16, NULL, NULL),
(22, 16, NULL, NULL),
(23, 16, NULL, NULL),
(24, 16, NULL, NULL),
(25, 16, NULL, NULL),
(26, 16, NULL, NULL),
(27, 16, NULL, NULL),
(20, 16, NULL, NULL),
(21, 16, NULL, NULL),
(22, 16, NULL, NULL),
(23, 16, NULL, NULL),
(24, 16, NULL, NULL),
(25, 16, NULL, NULL),
(26, 16, NULL, NULL),
(27, 16, NULL, NULL),
(28, 16, NULL, NULL),
(20, 16, NULL, NULL),
(21, 16, NULL, NULL),
(22, 16, NULL, NULL),
(23, 16, NULL, NULL),
(24, 16, NULL, NULL),
(25, 16, NULL, NULL),
(26, 16, NULL, NULL),
(27, 16, NULL, NULL),
(28, 16, NULL, NULL),
(29, 16, NULL, NULL),
(30, 15, NULL, NULL),
(30, 15, NULL, NULL),
(31, 15, NULL, NULL),
(30, 15, NULL, NULL),
(31, 15, NULL, NULL),
(32, 15, NULL, NULL),
(33, 9, NULL, NULL),
(33, 9, NULL, NULL),
(34, 9, NULL, NULL),
(33, 9, NULL, NULL),
(34, 9, NULL, NULL),
(35, 9, NULL, NULL),
(33, 9, NULL, NULL),
(34, 9, NULL, NULL),
(35, 9, NULL, NULL),
(36, 8, NULL, NULL),
(33, 9, NULL, NULL),
(34, 9, NULL, NULL),
(35, 9, NULL, NULL),
(36, 8, NULL, NULL),
(37, 8, NULL, NULL),
(33, 9, NULL, NULL),
(34, 9, NULL, NULL),
(35, 9, NULL, NULL),
(36, 8, NULL, NULL),
(37, 8, NULL, NULL),
(38, 8, NULL, NULL),
(39, 10, NULL, NULL),
(39, 10, NULL, NULL),
(40, 10, NULL, NULL),
(41, 10, '2021-10-04 20:03:55', '2021-10-04 20:03:55'),
(42, 17, NULL, NULL),
(42, 17, NULL, NULL),
(43, 17, NULL, NULL),
(42, 17, NULL, NULL),
(43, 17, NULL, NULL),
(44, 17, NULL, NULL),
(42, 17, NULL, NULL),
(43, 17, NULL, NULL),
(44, 17, NULL, NULL),
(45, 18, NULL, NULL),
(42, 17, NULL, NULL),
(43, 17, NULL, NULL),
(44, 17, NULL, NULL),
(45, 18, NULL, NULL),
(46, 18, NULL, NULL),
(42, 17, NULL, NULL),
(43, 17, NULL, NULL),
(44, 17, NULL, NULL),
(45, 18, NULL, NULL),
(46, 18, NULL, NULL),
(47, 18, NULL, NULL),
(48, 21, NULL, NULL),
(48, 21, NULL, NULL),
(49, 21, NULL, NULL),
(48, 21, NULL, NULL),
(49, 21, NULL, NULL),
(50, 21, NULL, NULL),
(51, 20, '2021-10-04 20:24:03', '2021-10-04 20:24:03'),
(52, 20, '2021-10-04 20:25:57', '2021-10-04 20:25:57'),
(53, 20, '2021-10-04 20:27:53', '2021-10-04 20:27:53'),
(54, 27, '2021-10-04 20:32:42', '2021-10-04 20:32:42'),
(55, 27, '2021-10-04 20:33:28', '2021-10-04 20:33:28'),
(56, 27, '2021-10-04 20:34:10', '2021-10-04 20:34:10'),
(57, 28, '2021-10-04 20:35:45', '2021-10-04 20:35:45'),
(58, 28, '2021-10-04 20:36:48', '2021-10-04 20:36:48'),
(59, 28, '2021-10-04 20:37:43', '2021-10-04 20:37:43'),
(60, 23, NULL, NULL),
(60, 23, NULL, NULL),
(61, 23, NULL, NULL),
(60, 23, NULL, NULL),
(61, 23, NULL, NULL),
(62, 23, NULL, NULL),
(60, 23, NULL, NULL),
(61, 23, NULL, NULL),
(62, 23, NULL, NULL),
(63, 23, NULL, NULL),
(64, 24, NULL, NULL),
(64, 24, NULL, NULL),
(65, 24, NULL, NULL),
(64, 24, NULL, NULL),
(65, 24, NULL, NULL),
(66, 24, NULL, NULL),
(64, 24, NULL, NULL),
(65, 24, NULL, NULL),
(66, 24, NULL, NULL),
(67, 24, NULL, NULL),
(68, 25, NULL, NULL),
(68, 25, NULL, NULL),
(69, 25, NULL, NULL),
(68, 25, NULL, NULL),
(69, 25, NULL, NULL),
(70, 25, NULL, NULL),
(71, 27, '2021-10-11 05:39:06', '2021-10-11 05:39:06'),
(72, 27, '2021-10-11 05:45:30', '2021-10-11 05:45:30'),
(73, 27, '2021-10-11 05:49:45', '2021-10-11 05:49:45'),
(74, 28, '2021-10-11 06:01:33', '2021-10-11 06:01:33'),
(75, 28, '2021-10-11 06:03:22', '2021-10-11 06:03:22'),
(76, 28, '2021-10-11 06:16:53', '2021-10-11 06:16:53'),
(77, 28, '2021-10-11 06:20:16', '2021-10-11 06:20:16'),
(78, 21, '2021-10-11 06:29:40', '2021-10-11 06:29:40'),
(79, 21, '2021-10-11 06:34:21', '2021-10-11 06:34:21'),
(80, 21, '2021-10-11 06:39:03', '2021-10-11 06:39:03'),
(81, 20, '2021-10-11 06:42:44', '2021-10-11 06:42:44'),
(82, 20, '2021-10-11 06:48:14', '2021-10-11 06:48:14'),
(83, 20, '2021-10-11 07:00:01', '2021-10-11 07:00:01'),
(84, 17, '2021-10-11 07:05:53', '2021-10-11 07:05:53'),
(85, 17, '2021-10-11 07:09:53', '2021-10-11 07:09:53'),
(86, 17, '2021-10-11 07:13:17', '2021-10-11 07:13:17'),
(87, 18, '2021-10-11 07:19:10', '2021-10-11 07:19:10'),
(88, 18, '2021-10-11 07:22:15', '2021-10-11 07:22:15'),
(89, 9, '2021-10-11 07:29:40', '2021-10-11 07:29:40'),
(90, 9, '2021-10-11 07:33:24', '2021-10-11 07:33:24'),
(91, 8, '2021-10-11 07:38:46', '2021-10-11 07:38:46'),
(92, 8, '2021-10-11 07:42:27', '2021-10-11 07:42:27'),
(93, 10, '2021-10-11 07:48:03', '2021-10-11 07:48:03'),
(94, 10, '2021-10-11 07:52:05', '2021-10-11 07:52:05'),
(95, 15, '2021-10-11 08:42:31', '2021-10-11 08:42:31'),
(96, 15, '2021-10-11 08:45:11', '2021-10-11 08:45:11'),
(97, 15, '2021-10-11 08:52:12', '2021-10-11 08:52:12'),
(98, 14, '2021-10-11 08:59:48', '2021-10-11 08:59:48'),
(99, 14, '2021-10-11 09:02:33', '2021-10-11 09:02:33'),
(100, 16, '2021-10-11 09:07:23', '2021-10-11 09:07:23'),
(101, 16, '2021-10-11 09:11:13', '2021-10-11 09:11:13');

-- --------------------------------------------------------

--
-- Dumping data for table `vendor_media`
--

INSERT INTO `vendor_media` (`id`, `media_type`, `vendor_id`, `path`, `created_at`, `updated_at`) VALUES
(1, 1, 1, 'prods/0f2SsduEoi4TwUYVCQDymSTazMlvEH3JRLDxf5tk.jpg', '2021-10-04 19:24:05', '2021-10-04 19:24:05'),
(2, 1, 1, 'prods/7EpEtpmg8p3ELvgrA102IfO61P4HntsPF9Scsn4p.jpg', '2021-10-04 19:25:29', '2021-10-04 19:25:29'),
(3, 1, 1, 'prods/qxREUVET35jyDXi3ja32g3bYJEm3iOkryTbiDsKc.jpg', '2021-10-04 19:26:50', '2021-10-04 19:26:50'),
(4, 1, 1, 'prods/bycySSo01DIRyWPx3q4NqcYBCRk76jWs4C5TUu3r.jpg', '2021-10-04 19:27:34', '2021-10-04 19:27:34'),
(5, 1, 1, 'prods/gYjYtNaQgtNn2Xl3fLemBsEXIk8PfyqzqwsqYVWa.jpg', '2021-10-04 19:28:14', '2021-10-04 19:28:14'),
(6, 1, 4, 'prods/CqEwe4PSlQEptRhK1ObO4TzTvkkPkJaAo8qEsd2o.jpg', '2021-10-04 19:30:59', '2021-10-04 19:30:59'),
(7, 1, 4, 'prods/zdOb1N0wTvNovRriCtfYHmUq22oa8ueUAnW7RQ3V.jpg', '2021-10-04 19:31:54', '2021-10-04 19:31:54'),
(8, 1, 4, 'prods/ycXeXh7vR5Ex8qnqvRMmcWsI77WY1TadZauqpf8R.jpg', '2021-10-04 19:32:45', '2021-10-04 19:32:45'),
(10, 1, 2, 'https://i.postimg.cc/tJdS5HKP/pizza-napoletana-1-1.jpg', '2021-10-04 19:39:10', '2021-10-04 19:39:10'),
(13, 1, 2, 'https://i.postimg.cc/9FWJhs38/Margherita-Pizza-018.jpg', '2021-10-04 19:39:10', '2021-10-04 19:39:10'),
(14, 1, 2, 'https://i.postimg.cc/2jx72Tq4/vegan-mushroom-risotto-close-1000x1500.jpg', '2021-10-04 19:39:10', '2021-10-04 19:39:10'),
(16, 1, 2, 'https://i.postimg.cc/dVcdFyTq/55369113.jpg', '2021-10-04 19:39:10', '2021-10-04 19:39:10'),
(17, 1, 2, 'https://i.postimg.cc/Bv627GKD/layered-panzanella-salad-recipe-3.jpg', '2021-10-04 19:39:10', '2021-10-04 19:39:10'),
(18, 1, 2, 'https://i.postimg.cc/KYw393FS/IMG-9109-2.jpg', '2021-10-04 19:39:10', '2021-10-04 19:39:10'),
(19, 1, 2, 'prods/FHjKPoTVguQIqj1w3923pvuGWNm4hhHLL2Zs0u2R.jpg', '2021-10-04 19:41:42', '2021-10-04 19:41:42'),
(20, 1, 2, 'prods/cJ7sJAhMfZVB3aRqHU00bo9KLNV9hsM9u4Qi30M6.jpg', '2021-10-04 19:42:48', '2021-10-04 19:42:48'),
(21, 1, 2, 'prods/tk5cDdxj33aGrpzq2N0gEIJLwpsl7qhoCoJkkhj4.jpg', '2021-10-04 19:43:44', '2021-10-04 19:43:44'),
(22, 1, 2, 'prods/wMo6xlHqaGTsROGB5LKP9bnOsOV9eoFwWf4Of60S.jpg', '2021-10-04 19:44:34', '2021-10-04 19:44:34'),
(27, 1, 2, 'https://i.postimg.cc/kMRMFMT8/hot-and-sour-soup-1.jpg', '2021-10-04 19:45:11', '2021-10-04 19:45:11'),
(28, 1, 2, 'https://i.postimg.cc/zfP5K4W0/sichuan-pork-105860-1.jpg', '2021-10-04 19:45:11', '2021-10-04 19:45:11'),
(29, 1, 2, 'https://i.postimg.cc/dtnfhrG9/20160905-TDP0382.jpg', '2021-10-04 19:45:11', '2021-10-04 19:45:11'),
(30, 1, 2, 'https://i.postimg.cc/pTZfsYWG/Peking-Duck-7206-450-450x375.jpg', '2021-10-04 19:45:11', '2021-10-04 19:45:11'),
(31, 1, 2, 'https://i.postimg.cc/4NKccT9F/8d8be8b0ee63cf8ab7f58a867e9d9f9c.jpg', '2021-10-04 19:45:11', '2021-10-04 19:45:11'),
(32, 1, 2, 'https://i.postimg.cc/vTxm4bNr/c263b384881937647b0442bbf20a616a.jpg', '2021-10-04 19:45:11', '2021-10-04 19:45:11'),
(33, 1, 2, 'prods/78WX98VB4H18bknWYwr7NADRlxm7hxYuzpxEPdWg.jpg', '2021-10-04 19:46:53', '2021-10-04 19:46:53'),
(34, 1, 2, 'prods/V1PiyKpoJa7C29ZtzMyTThv1YPLNsl8fSK2zn43O.jpg', '2021-10-04 19:47:49', '2021-10-04 19:47:49'),
(35, 1, 2, 'prods/kHlB44k8onT0trHrGNfk1fZ9vkDl3peNHoPAlYTQ.jpg', '2021-10-04 19:48:50', '2021-10-04 19:48:50'),
(36, 1, 2, 'prods/rZu1L8nkTDMfOytmSkeoDymyZVPnyi6eMpMevwxI.jpg', '2021-10-04 19:49:43', '2021-10-04 19:49:43'),
(37, 1, 3, 'prods/KOI3UpUyvfRHVLadmZIHGzbMt8pUFu0V5eRZATqD.jpg', '2021-10-04 19:53:29', '2021-10-04 19:53:29'),
(38, 1, 3, 'prods/koAJQxGZ3teJeglHSsdDZqnaXwlgnJZcP8UXZfFP.jpg', '2021-10-04 19:54:10', '2021-10-04 19:54:10'),
(39, 1, 3, 'prods/V5wZ12IsYPnM7ZbqJB5WlToYJBEmxfi7oZxBNuN2.jpg', '2021-10-04 19:56:09', '2021-10-04 19:56:09'),
(42, 1, 5, 'prods/9Oro83aQ6GRxHUdumrE2g6rYDRqVoJMbau8r1twv.jpg', '2021-10-04 19:59:48', '2021-10-04 19:59:48'),
(43, 1, 5, 'prods/YK5ybuiGgaOOgMXl7UllxTvugADaqy4J3WX0U1eK.jpg', '2021-10-04 20:00:08', '2021-10-04 20:00:08'),
(44, 1, 5, 'prods/uCnXPTjPOUWnlnJznetRdPuFBt3zrXZRAnLGJ4KV.jpg', '2021-10-04 20:00:27', '2021-10-04 20:00:27'),
(45, 1, 5, 'prods/huMCO4SpP2zaUB89tT10Rw2HkyLXdHhAxKOW3rna.jpg', '2021-10-04 20:00:47', '2021-10-04 20:00:47'),
(46, 1, 5, 'prods/G2hrs5D4zn1Y1saWyctCppdOyJ2VGyuhgnovxX6S.jpg', '2021-10-04 20:01:05', '2021-10-04 20:01:05'),
(47, 1, 5, 'prods/xnwL8B1gBZy3YrBFgTHJrO9bFpsBHN9ul1NV3j5X.jpg', '2021-10-04 20:01:22', '2021-10-04 20:01:22'),
(48, 1, 5, 'prods/vW8HwonJ9dCra4W4KG4ekaxqUZNHBDALOMaIbFmh.jpg', '2021-10-04 20:02:38', '2021-10-04 20:02:38'),
(49, 1, 5, 'prods/2y1Z2c1fM53aSUME2quT1Ysj3GcrDqaRtGZk0fma.jpg', '2021-10-04 20:03:27', '2021-10-04 20:03:27'),
(50, 1, 5, 'prods/ZpDfeyO3fzQmG8ZOiyeOez8X1AJJf852rJhUfZal.jpg', '2021-10-04 20:04:17', '2021-10-04 20:04:17'),
(56, 1, 7, 'prods/Veo0KtjlIHBmJ9EpNswy6v8ETwmSGhmJ5WSTO1zs.jpg', '2021-10-04 20:20:51', '2021-10-04 20:20:51'),
(57, 1, 7, 'prods/KUlWTWuLH7A94gTou8ROZoETgbMrGSJAODkcScE5.jpg', '2021-10-04 20:21:27', '2021-10-04 20:21:27'),
(58, 1, 7, 'prods/57JqcxZHyM87sORTvBWNZYpovzSouIP3jWZg0kq0.jpg', '2021-10-04 20:23:01', '2021-10-04 20:23:01'),
(59, 1, 7, 'prods/Rwj8MjPmo77lRF89I2OcEuGV2wSCWk7eqO9F9Rvu.jpg', '2021-10-04 20:25:15', '2021-10-04 20:25:15'),
(60, 1, 7, 'prods/CxjDFV2OTyGKT3R05yCotDJjsRoAlERa31S9K5yH.jpg', '2021-10-04 20:27:26', '2021-10-04 20:27:26'),
(61, 1, 7, 'prods/G62PMVeLsatBVYc7ZhqeibE6OPTAI3Nbzl9jeXH3.jpg', '2021-10-04 20:29:36', '2021-10-04 20:29:36'),
(62, 1, 9, 'prods/nD0GARCrh5jMrOybasw7zYAbNFqXJeg5RJjuXgRM.jpg', '2021-10-04 20:51:22', '2021-10-04 20:51:22'),
(63, 1, 9, 'prods/hOFxGasprLLNn8zZrq4gkzARSRq0CuCtqEXlrniJ.jpg', '2021-10-04 20:52:19', '2021-10-04 20:52:19'),
(64, 1, 9, 'prods/yc1J3ea2uNQne8rKTc6t0c2ruD2slNhYaJXIUhkB.jpg', '2021-10-04 20:52:52', '2021-10-04 20:52:52'),
(65, 1, 9, 'prods/mi6KXGb2dSkiaRIiFKYj6hDJDiiSsvujJbkWAcET.jpg', '2021-10-04 20:55:21', '2021-10-04 20:55:21'),
(66, 1, 9, 'prods/mnE00o38TnIcOeNvRMYbuVBerr5C5rwOEyTrIAQq.jpg', '2021-10-04 20:55:50', '2021-10-04 20:55:50'),
(67, 1, 9, 'prods/2mVFAh7S5YBjlQVLfpnHQ2v0LuejDGDDeacn1w9P.jpg', '2021-10-04 20:56:33', '2021-10-04 20:56:33'),
(68, 1, 9, 'prods/QOM6i59AXgoTkkOFhMGmXVWSCv7kdk5fstQGr7rg.jpg', '2021-10-04 20:56:56', '2021-10-04 20:56:56'),
(69, 1, 9, 'prods/9QzfyLDk4sD9rcnpHkyczEwXLEMhQuVa1bIMWqTC.jpg', '2021-10-04 20:57:24', '2021-10-04 20:57:24'),
(70, 1, 8, 'prods/tUKa24xRBXijC6NpS1nAhDTTP6Xcx1USXLa1iOic.jpg', '2021-10-05 04:02:54', '2021-10-05 04:02:54'),
(71, 1, 8, 'prods/dPpZpnnzEskrQY37TgNcwRWSHPKsnGkK7xu1OI2j.jpg', '2021-10-05 04:06:05', '2021-10-05 04:06:05'),
(72, 1, 8, 'prods/BZh2XAon8wjnq6OjDFzSYskhlSyU5GgFNRf3CpQb.jpg', '2021-10-05 04:09:39', '2021-10-05 04:09:39'),
(73, 1, 8, 'prods/IFflxqkyykPvN2rpM5lH3YqG7YglI5ioqxyHiYZZ.jpg', '2021-10-05 04:11:48', '2021-10-05 04:11:48'),
(74, 1, 8, 'prods/RTW9mhnllYpoBLLU8CGBvpJSWAlqLbYIoDpbHiY9.jpg', '2021-10-05 04:17:28', '2021-10-05 04:17:28'),
(75, 1, 8, 'prods/kA6NjDO0TOOK6LHRaFGsYvvngIE5hMVFpBTW6GWi.jpg', '2021-10-05 04:19:35', '2021-10-05 04:19:35'),
(77, 1, 6, 'prods/vg0Y0uZmZKG2YWTwitQCgOSkFuDQ8jcTZuzSa0CU.jpg', '2021-10-05 04:26:29', '2021-10-05 04:26:29'),
(79, 1, 6, 'prods/FVWKTlGr3yLCjodAbEmn8NpnV5xhOqfD5DMQsoJd.jpg', '2021-10-05 04:30:43', '2021-10-05 04:30:43'),
(80, 1, 6, 'prods/dslZcB2Dsxd0I2ePJ6SjWiLrj0ldyvjEAwlvLM80.jpg', '2021-10-05 04:32:17', '2021-10-05 04:32:17'),
(81, 1, 6, 'prods/XIONBl2agAeh6M87Ea0ZTSRUQbk954uWNnyQA5nF.jpg', '2021-10-05 04:35:04', '2021-10-05 04:35:04'),
(82, 1, 6, 'prods/H2DfvQ9PZxVETbeM3GBPIeXRw2bYDH6GonUomQki.jpg', '2021-10-05 04:39:47', '2021-10-05 04:39:47'),
(83, 1, 6, 'prods/UOFFE3QahMkyGYOqs4Y9ZJ1tHgWYXGCrHlIf7UyC.jpg', '2021-10-05 04:41:08', '2021-10-05 04:41:08'),
(84, 1, 8, 'prods/ugpQSzf2cpbuCJ6OLqJXbRFOeIffgPacqw2oalH9.jpg', '2021-10-11 05:43:29', '2021-10-11 05:43:29'),
(85, 1, 8, 'prods/5LQTjQW7AqICSlXi779tOzn3afVC1Vmud7VkMAcC.jpg', '2021-10-11 05:47:28', '2021-10-11 05:47:28'),
(86, 1, 8, 'prods/OEIIrWxC7Lx1rAspI5TcF4HTARUfJm4YZr5JCQg7.jpg', '2021-10-11 05:53:06', '2021-10-11 05:53:06'),
(87, 1, 8, 'prods/4MpPyPeykMc9hk36lL5d7rqAZAgJD5GivzSLTfYK.jpg', '2021-10-11 06:14:44', '2021-10-11 06:14:44'),
(88, 1, 8, 'prods/TrozrhN16F03P9wP1CclSwLYW0MiMyYGYQjrpUg9.jpg', '2021-10-11 06:18:19', '2021-10-11 06:18:19'),
(89, 1, 8, 'prods/Tb2LJ8iogoBXXd7H8sNTk1PaXeRcteX24J5cFlJP.jpg', '2021-10-11 06:20:57', '2021-10-11 06:20:57'),
(93, 1, 7, 'prods/9O6do3A5oiFS1PQKBbPxivL1jSCszCvOvKzfyLvw.jpg', '2021-10-11 06:44:36', '2021-10-11 06:44:36'),
(94, 1, 7, 'prods/ik4fDQG3JxZokFQRWKg33HrAIE9jeAs1eaHzLn3g.jpg', '2021-10-11 06:57:50', '2021-10-11 06:57:50'),
(95, 1, 7, 'prods/qRBNab8l8OETMlFctXpre3orlHvFEJmU4pojahQK.jpg', '2021-10-11 07:02:57', '2021-10-11 07:02:57'),
(96, 1, 6, 'prods/kJX2JpVZBacmSzM9HoC2L3Ca45AqpVsfCrXKdbG1.jpg', '2021-10-11 07:08:15', '2021-10-11 07:08:15'),
(97, 1, 6, 'prods/omtRhU9JtGfY9SfF3qF1tujvORqgcp4kuu7ilmWm.jpg', '2021-10-11 07:11:50', '2021-10-11 07:11:50'),
(98, 1, 6, 'prods/zsB27RP9ya73O6bmCivEMZEoZK0WwonK8rWVI44i.jpg', '2021-10-11 07:16:21', '2021-10-11 07:16:21'),
(99, 1, 6, 'prods/TLRonqV2PxKJHQkJZSewUAwfkLPUw1dN9svc1BpF.jpg', '2021-10-11 07:21:23', '2021-10-11 07:21:23'),
(100, 1, 6, 'prods/aHG2T4yzTV6uM3TJ0uXYOKGkAB8mfPKfeqEzBKVs.png', '2021-10-11 07:26:24', '2021-10-11 07:26:24'),
(101, 1, 5, 'prods/1ix1Ru5KP9lXOf7nSbaqTiNmD2imcDUgyVOk0GDM.jpg', '2021-10-11 07:31:24', '2021-10-11 07:31:24'),
(102, 1, 5, 'prods/5rstRPcdVveNe7KOBKwLooBN0ufAq3DNvfD5z3Os.jpg', '2021-10-11 07:36:31', '2021-10-11 07:36:31'),
(103, 1, 5, 'prods/u2hLqKOjhwWMWi3fc8UmndP1hApwNdr1Lu7VjtiT.jpg', '2021-10-11 07:41:22', '2021-10-11 07:41:22'),
(104, 1, 5, 'prods/hYO66PHqwL1apGnS1D4eMcyoSB2LkmfHMTGjhnyU.jpg', '2021-10-11 07:43:19', '2021-10-11 07:43:19'),
(105, 1, 5, 'prods/5KgGeGT3XpcqBe145CpWPCJszllTYxTpBrZp2jdn.jpg', '2021-10-11 07:49:24', '2021-10-11 07:49:24'),
(106, 1, 5, 'prods/GGqzR97OSaLRy8lFa4yKwruYWIwTIfWT1qgaxNWF.jpg', '2021-10-11 07:52:40', '2021-10-11 07:52:40'),
(107, 1, 3, 'prods/mCQ3omLTIJQ5Q2kwfPYLhqSMkW6wuYDqPWYwzjFb.jpg', '2021-10-11 08:43:44', '2021-10-11 08:43:44'),
(108, 1, 3, 'prods/MOxmeajOKrWMICd5M06jw3jYewWUY6oStAG0OaPu.jpg', '2021-10-11 08:47:10', '2021-10-11 08:47:10'),
(109, 1, 3, 'prods/Xe8rEp6gtAROCovOtONOcqUH6TKhE6lQ6uLWToDu.jpg', '2021-10-11 08:53:26', '2021-10-11 08:53:26'),
(110, 1, 2, 'prods/oq2YB7XwrfarWv6Lv7lmMWPeUMwaoRXv98Kp54cC.jpg', '2021-10-11 09:00:29', '2021-10-11 09:00:29'),
(111, 1, 2, 'prods/IRJb6Rv9ZDlAZmsORxTwCy5jU8KK7jzuMNjzfbRO.jpg', '2021-10-11 09:04:22', '2021-10-11 09:04:22'),
(112, 1, 2, 'prods/eQKXCOxauzclzWGJIDGYh9qUxl0MZQwfC6kNsIZ5.jpg', '2021-10-11 09:08:08', '2021-10-11 09:08:08'),
(113, 1, 2, 'prods/c4l199c7SmvGFh9pv7WL6ZoCuiVFiY6ivWM4WD3h.jpg', '2021-10-11 09:14:06', '2021-10-11 09:14:06'),
(114, 1, 7, 'prods/gN0JKzY1QIvX8VsHEDGxx0VeGKeHCJSBBVuDdq5V.jpg', '2021-10-11 10:59:39', '2021-10-11 10:59:39'),
(115, 1, 7, 'prods/DvVWcVxd0iND2OT3gGm27HgKikThZTtG1cYafJ34.jpg', '2021-10-11 10:59:41', '2021-10-11 10:59:41'),
(117, 1, 7, 'prods/saWoLQeQ8j3rQ6nEa1oQ2YNnlRb26dWITjfAmv9s.jpg', '2021-10-11 11:00:59', '2021-10-11 11:00:59'),
(118, 1, 7, 'prods/6XBwJPAHo3sEIQGXNDAmmXZyKzKZQZH1lmAEDUvp.jpg', '2021-10-11 11:11:03', '2021-10-11 11:11:03'),
(119, 1, 7, 'prods/3ZCZ6tOMxviMx7sU4vBmG2NFzwAS2ZzRhTS6ptMm.jpg', '2021-10-11 11:11:06', '2021-10-11 11:11:06');

-- --------------------------------------------------------
--
-- Dumping data for table `product_images`
--

INSERT INTO `product_images` (`id`, `product_id`, `media_id`, `is_default`, `created_at`, `updated_at`) VALUES
(1, 2, 1, 1, NULL, NULL),
(2, 3, 2, 1, NULL, NULL),
(3, 4, 3, 1, NULL, NULL),
(4, 5, 4, 1, NULL, NULL),
(5, 6, 5, 1, NULL, NULL),
(6, 7, 6, 1, NULL, NULL),
(7, 8, 7, 1, NULL, NULL),
(8, 9, 8, 1, NULL, NULL),
(10, 11, 10, 1, '2021-10-04 19:39:10', '2021-10-04 19:39:10'),
(13, 14, 13, 1, '2021-10-04 19:39:10', '2021-10-04 19:39:10'),
(14, 15, 14, 1, '2021-10-04 19:39:10', '2021-10-04 19:39:10'),
(16, 17, 16, 1, '2021-10-04 19:39:10', '2021-10-04 19:39:10'),
(17, 18, 17, 1, '2021-10-04 19:39:10', '2021-10-04 19:39:10'),
(18, 19, 18, 1, '2021-10-04 19:39:10', '2021-10-04 19:39:10'),
(19, 10, 19, 1, NULL, NULL),
(20, 12, 20, 1, NULL, NULL),
(21, 13, 21, 1, NULL, NULL),
(22, 16, 22, 1, NULL, NULL),
(27, 24, 27, 1, '2021-10-04 19:45:11', '2021-10-04 19:45:11'),
(28, 25, 28, 1, '2021-10-04 19:45:11', '2021-10-04 19:45:11'),
(29, 26, 29, 1, '2021-10-04 19:45:11', '2021-10-04 19:45:11'),
(30, 27, 30, 1, '2021-10-04 19:45:11', '2021-10-04 19:45:11'),
(31, 28, 31, 1, '2021-10-04 19:45:11', '2021-10-04 19:45:11'),
(32, 29, 32, 1, '2021-10-04 19:45:11', '2021-10-04 19:45:11'),
(33, 20, 33, 1, NULL, NULL),
(34, 21, 34, 1, NULL, NULL),
(35, 22, 35, 1, NULL, NULL),
(36, 23, 36, 1, NULL, NULL),
(37, 30, 37, 1, NULL, NULL),
(38, 31, 38, 1, NULL, NULL),
(39, 32, 39, 1, NULL, NULL),
(42, 33, 42, 1, NULL, NULL),
(43, 34, 43, 1, NULL, NULL),
(44, 35, 44, 1, NULL, NULL),
(45, 36, 45, 1, NULL, NULL),
(46, 37, 46, 1, NULL, NULL),
(47, 38, 47, 1, NULL, NULL),
(48, 39, 48, 1, NULL, NULL),
(49, 40, 49, 1, NULL, NULL),
(50, 41, 50, 1, NULL, NULL),
(56, 48, 56, 1, NULL, NULL),
(57, 50, 57, 1, NULL, NULL),
(58, 49, 58, 1, NULL, NULL),
(59, 51, 59, 1, NULL, NULL),
(60, 52, 60, 1, NULL, NULL),
(61, 53, 61, 1, NULL, NULL),
(62, 60, 62, 1, NULL, NULL),
(63, 61, 63, 1, NULL, NULL),
(64, 64, 64, 1, NULL, NULL),
(65, 65, 65, 1, NULL, NULL),
(66, 66, 66, 1, NULL, NULL),
(67, 68, 67, 1, NULL, NULL),
(68, 69, 68, 1, NULL, NULL),
(69, 70, 69, 1, NULL, NULL),
(70, 54, 70, 1, NULL, NULL),
(71, 55, 71, 1, NULL, NULL),
(72, 56, 72, 1, NULL, NULL),
(73, 57, 73, 1, NULL, NULL),
(74, 58, 74, 1, NULL, NULL),
(75, 59, 75, 1, NULL, NULL),
(77, 43, 77, 1, NULL, NULL),
(79, 45, 79, 1, NULL, NULL),
(80, 46, 80, 1, NULL, NULL),
(81, 47, 81, 1, NULL, NULL),
(82, 44, 82, 1, NULL, NULL),
(83, 42, 83, 1, NULL, NULL),
(84, 71, 84, 1, NULL, NULL),
(85, 72, 85, 1, NULL, NULL),
(86, 73, 86, 1, NULL, NULL),
(87, 75, 87, 1, NULL, NULL),
(88, 76, 88, 1, NULL, NULL),
(89, 77, 89, 1, NULL, NULL),
(93, 81, 93, 1, NULL, NULL),
(94, 82, 94, 1, NULL, NULL),
(95, 83, 95, 1, NULL, NULL),
(96, 84, 96, 1, NULL, NULL),
(97, 85, 97, 1, NULL, NULL),
(98, 86, 98, 1, NULL, NULL),
(99, 87, 99, 1, NULL, NULL),
(100, 88, 100, 1, NULL, NULL),
(101, 89, 101, 1, NULL, NULL),
(102, 90, 102, 1, NULL, NULL),
(103, 91, 103, 1, NULL, NULL),
(104, 92, 104, 1, NULL, NULL),
(105, 93, 105, 1, NULL, NULL),
(106, 94, 106, 1, NULL, NULL),
(107, 95, 107, 1, NULL, NULL),
(108, 96, 108, 1, NULL, NULL),
(109, 97, 109, 1, NULL, NULL),
(110, 98, 110, 1, NULL, NULL),
(111, 99, 111, 1, NULL, NULL),
(112, 100, 112, 1, NULL, NULL),
(113, 101, 113, 1, NULL, NULL),
(114, 78, 114, 1, NULL, NULL),
(115, 78, 115, 1, NULL, NULL),
(117, 79, 117, 1, NULL, NULL),
(118, 80, 118, 1, NULL, NULL),
(119, 80, 119, 1, NULL, NULL);

-- --------------------------------------------------------

--
-- Dumping data for table `product_translations`
--

INSERT INTO `product_translations` (`id`, `title`, `body_html`, `meta_title`, `meta_keyword`, `meta_description`, `product_id`, `language_id`, `created_at`, `updated_at`) VALUES
(1, 'Xiaomi', NULL, 'Xiaomi', 'Xiaomi', NULL, 1, 1, NULL, '2021-10-06 09:46:51'),
(2, 'Royo XL', NULL, NULL, NULL, NULL, 2, 1, NULL, '2021-10-07 06:26:47'),
(3, 'Royo XL', '', '', '', '', 2, 1, NULL, '2021-10-06 09:46:51'),
(4, 'Royo Platinum', NULL, NULL, NULL, NULL, 3, 1, NULL, '2021-10-06 09:46:51'),
(5, 'Royo XL', '', '', '', '', 2, 1, NULL, '2021-10-06 09:46:51'),
(6, 'Royo Platinum', '', '', '', '', 3, 1, NULL, '2021-10-06 09:46:51'),
(7, 'Royo Pool', NULL, NULL, NULL, NULL, 4, 1, NULL, '2021-10-06 09:46:51'),
(8, 'Royo XL', '', '', '', '', 2, 1, NULL, '2021-10-06 09:46:51'),
(9, 'Royo Platinum', '', '', '', '', 3, 1, NULL, '2021-10-06 09:46:51'),
(10, 'Royo Pool', '', '', '', '', 4, 1, NULL, '2021-10-06 09:46:51'),
(11, 'Royo Moto', NULL, NULL, NULL, NULL, 5, 1, NULL, '2021-10-06 09:46:51'),
(12, 'Royo XL', '', '', '', '', 2, 1, NULL, '2021-10-06 09:46:51'),
(13, 'Royo Platinum', '', '', '', '', 3, 1, NULL, '2021-10-06 09:46:51'),
(14, 'Royo Pool', '', '', '', '', 4, 1, NULL, '2021-10-06 09:46:51'),
(15, 'Royo Moto', '', '', '', '', 5, 1, NULL, '2021-10-06 09:46:51'),
(16, 'Royo Auto', NULL, NULL, NULL, NULL, 6, 1, NULL, '2021-10-06 09:46:51'),
(17, 'Small Box', NULL, NULL, NULL, NULL, 7, 1, NULL, '2021-10-06 09:46:51'),
(18, 'Medium Box', NULL, NULL, NULL, NULL, 8, 1, NULL, '2021-10-06 09:46:51'),
(19, 'Large Box', NULL, NULL, NULL, NULL, 9, 1, NULL, '2021-10-06 09:46:51'),
(20, 'Pizza Fritta', '<p>Fritta Pizza&nbsp;starts and ends with an Italian crust that&#39;s been fried to a light caramel color, giving the dough an incredible flavor.</p>', NULL, NULL, NULL, 10, 1, NULL, '2021-10-06 14:58:41'),
(21, 'Pizza Fritta', '', '', '', '', 10, 1, NULL, '2021-10-06 09:46:51'),
(22, 'Pizza Napoletana', '', '', '', '', 11, 1, NULL, '2021-10-06 09:46:51'),
(23, 'Pizza Fritta', '', '', '', '', 10, 1, NULL, '2021-10-06 09:46:51'),
(24, 'Pizza Napoletana', '', '', '', '', 11, 1, NULL, '2021-10-06 09:46:51'),
(25, 'Tomato Bacon Pasta', '<p>Tomato Bacon Pasta is a quintessential example of how to make a quick pasta dish that&rsquo;s totally slurp-worthy with just a few ingredients.</p>', NULL, NULL, NULL, 12, 1, NULL, '2021-10-07 06:08:50'),
(26, 'Pizza Fritta', '', '', '', '', 10, 1, NULL, '2021-10-06 09:46:51'),
(27, 'Pizza Napoletana', '', '', '', '', 11, 1, NULL, '2021-10-06 09:46:51'),
(28, 'Tomato Bacon Pasta', '', '', '', '', 12, 1, NULL, '2021-10-06 09:46:51'),
(29, 'Pasta Carbonara', '<p>Carbonara is an Italian pasta dish from Rome made with eggs, hard cheese, cured pork, and black pepper.</p>', NULL, NULL, NULL, 13, 1, NULL, '2021-10-07 06:10:05'),
(30, 'Pizza Fritta', '', '', '', '', 10, 1, NULL, '2021-10-06 09:46:51'),
(31, 'Pizza Napoletana', '', '', '', '', 11, 1, NULL, '2021-10-06 09:46:51'),
(32, 'Tomato Bacon Pasta', '', '', '', '', 12, 1, NULL, '2021-10-06 09:46:51'),
(33, 'Pasta Carbonara', '', '', '', '', 13, 1, NULL, '2021-10-06 09:46:51'),
(34, 'Margherita pizza', '', '', '', '', 14, 1, NULL, '2021-10-06 09:46:51'),
(35, 'Pizza Fritta', '', '', '', '', 10, 1, NULL, '2021-10-06 09:46:51'),
(36, 'Pizza Napoletana', '', '', '', '', 11, 1, NULL, '2021-10-06 09:46:51'),
(37, 'Tomato Bacon Pasta', '', '', '', '', 12, 1, NULL, '2021-10-06 09:46:51'),
(38, 'Pasta Carbonara', '', '', '', '', 13, 1, NULL, '2021-10-06 09:46:51'),
(39, 'Margherita pizza', '', '', '', '', 14, 1, NULL, '2021-10-06 09:46:51'),
(40, 'Mushroom Risotto', '', '', '', '', 15, 1, NULL, '2021-10-06 09:46:51'),
(41, 'Pizza Fritta', '', '', '', '', 10, 1, NULL, '2021-10-06 09:46:51'),
(42, 'Pizza Napoletana', '', '', '', '', 11, 1, NULL, '2021-10-06 09:46:51'),
(43, 'Tomato Bacon Pasta', '', '', '', '', 12, 1, NULL, '2021-10-06 09:46:51'),
(44, 'Pasta Carbonara', '', '', '', '', 13, 1, NULL, '2021-10-06 09:46:51'),
(45, 'Margherita pizza', '', '', '', '', 14, 1, NULL, '2021-10-06 09:46:51'),
(46, 'Mushroom Risotto', '', '', '', '', 15, 1, NULL, '2021-10-06 09:46:51'),
(47, 'Focaccia Bread', '<p>Focaccia is a flat leavened oven-baked Italian bread similar in style and texture to pizza. In some places, it is called pizza bianca.</p>', NULL, NULL, NULL, 16, 1, NULL, '2021-10-07 06:11:15'),
(48, 'Pizza Fritta', '', '', '', '', 10, 1, NULL, '2021-10-06 09:46:51'),
(49, 'Pizza Napoletana', '', '', '', '', 11, 1, NULL, '2021-10-06 09:46:51'),
(50, 'Tomato Bacon Pasta', '', '', '', '', 12, 1, NULL, '2021-10-06 09:46:51'),
(51, 'Pasta Carbonara', '', '', '', '', 13, 1, NULL, '2021-10-06 09:46:51'),
(52, 'Margherita pizza', '', '', '', '', 14, 1, NULL, '2021-10-06 09:46:51'),
(53, 'Mushroom Risotto', '', '', '', '', 15, 1, NULL, '2021-10-06 09:46:51'),
(54, 'Focaccia Bread ', '', '', '', '', 16, 1, NULL, '2021-10-06 09:46:51'),
(55, 'Lasagna ', '', '', '', '', 17, 1, NULL, '2021-10-06 09:46:51'),
(56, 'Pizza Fritta', '', '', '', '', 10, 1, NULL, '2021-10-06 09:46:51'),
(57, 'Pizza Napoletana', '', '', '', '', 11, 1, NULL, '2021-10-06 09:46:51'),
(58, 'Tomato Bacon Pasta', '', '', '', '', 12, 1, NULL, '2021-10-06 09:46:51'),
(59, 'Pasta Carbonara', '', '', '', '', 13, 1, NULL, '2021-10-06 09:46:51'),
(60, 'Margherita pizza', '', '', '', '', 14, 1, NULL, '2021-10-06 09:46:51'),
(61, 'Mushroom Risotto', '', '', '', '', 15, 1, NULL, '2021-10-06 09:46:51'),
(62, 'Focaccia Bread ', '', '', '', '', 16, 1, NULL, '2021-10-06 09:46:51'),
(63, 'Lasagna ', '', '', '', '', 17, 1, NULL, '2021-10-06 09:46:51'),
(64, 'Panzanella', '', '', '', '', 18, 1, NULL, '2021-10-06 09:46:51'),
(65, 'Pizza Fritta', '', '', '', '', 10, 1, NULL, '2021-10-06 09:46:51'),
(66, 'Pizza Napoletana', '', '', '', '', 11, 1, NULL, '2021-10-06 09:46:51'),
(67, 'Tomato Bacon Pasta', '', '', '', '', 12, 1, NULL, '2021-10-06 09:46:51'),
(68, 'Pasta Carbonara', '', '', '', '', 13, 1, NULL, '2021-10-06 09:46:51'),
(69, 'Margherita pizza', '', '', '', '', 14, 1, NULL, '2021-10-06 09:46:51'),
(70, 'Mushroom Risotto', '', '', '', '', 15, 1, NULL, '2021-10-06 09:46:51'),
(71, 'Focaccia Bread ', '', '', '', '', 16, 1, NULL, '2021-10-06 09:46:51'),
(72, 'Lasagna ', '', '', '', '', 17, 1, NULL, '2021-10-06 09:46:51'),
(73, 'Panzanella', '', '', '', '', 18, 1, NULL, '2021-10-06 09:46:51'),
(74, 'Burrata ', '', '', '', '', 19, 1, NULL, '2021-10-06 09:46:51'),
(75, 'Dim Sums', '<p>Dim sum is a&nbsp;traditional Chinese meal made up of small plates of dumplings and other snack dishes&nbsp;and is usually accompanied by tea.</p>', NULL, NULL, NULL, 20, 1, NULL, '2021-10-07 06:11:52'),
(76, 'Dim Sums', '', '', '', '', 20, 1, NULL, '2021-10-06 09:46:51'),
(77, 'Chicken with Chestnuts', '<p>Chicken with Chestnuts minced chicken stir fried with mushrooms, water chestnuts and radish and served on a bed of lettuce.</p>', NULL, NULL, NULL, 21, 1, NULL, '2021-10-07 06:13:33'),
(78, 'Dim Sums', '', '', '', '', 20, 1, NULL, '2021-10-06 09:46:51'),
(79, 'Chicken with Chestnuts', '', '', '', '', 21, 1, NULL, '2021-10-06 09:46:51'),
(80, 'Spring Rolls', '<p>&nbsp;</p>\r\n\r\n<p>Spring roll is a fried dish usually available as a dim sum. They typically contain&nbsp;minced pork, shredded carrot, bean sprouts and other vegetables served with Dipping sauce.</p>', NULL, NULL, NULL, 22, 1, NULL, '2021-10-07 06:14:23'),
(81, 'Dim Sums', '', '', '', '', 20, 1, NULL, '2021-10-06 09:46:51'),
(82, 'Chicken with Chestnuts', '', '', '', '', 21, 1, NULL, '2021-10-06 09:46:51'),
(83, 'Spring Rolls', '', '', '', '', 22, 1, NULL, '2021-10-06 09:46:51'),
(84, 'Stir Fried Tofu with Rice', '<p>&nbsp;</p>\r\n\r\n<p>Stir Fried Tofu with Rice is made from&nbsp;dried soybeans&nbsp;that are soaked in water, crushed, and boiled. The mixture is separated into solid pulp and soy milk.</p>', NULL, NULL, NULL, 23, 1, NULL, '2021-10-07 06:16:34'),
(85, 'Dim Sums', '', '', '', '', 20, 1, NULL, '2021-10-06 09:46:51'),
(86, 'Chicken with Chestnuts', '', '', '', '', 21, 1, NULL, '2021-10-06 09:46:51'),
(87, 'Spring Rolls', '', '', '', '', 22, 1, NULL, '2021-10-06 09:46:51'),
(88, 'Stir Fried Tofu with Rice', '', '', '', '', 23, 1, NULL, '2021-10-06 09:46:51'),
(89, 'Hot Sour Soup', '', '', '', '', 24, 1, NULL, '2021-10-06 09:46:51'),
(90, 'Dim Sums', '', '', '', '', 20, 1, NULL, '2021-10-06 09:46:51'),
(91, 'Chicken with Chestnuts', '', '', '', '', 21, 1, NULL, '2021-10-06 09:46:51'),
(92, 'Spring Rolls', '', '', '', '', 22, 1, NULL, '2021-10-06 09:46:51'),
(93, 'Stir Fried Tofu with Rice', '', '', '', '', 23, 1, NULL, '2021-10-06 09:46:51'),
(94, 'Hot Sour Soup', '', '', '', '', 24, 1, NULL, '2021-10-06 09:46:51'),
(95, 'Sichuan Pork', '', '', '', '', 25, 1, NULL, '2021-10-06 09:46:51'),
(96, 'Dim Sums', '', '', '', '', 20, 1, NULL, '2021-10-06 09:46:51'),
(97, 'Chicken with Chestnuts', '', '', '', '', 21, 1, NULL, '2021-10-06 09:46:51'),
(98, 'Spring Rolls', '', '', '', '', 22, 1, NULL, '2021-10-06 09:46:51'),
(99, 'Stir Fried Tofu with Rice', '', '', '', '', 23, 1, NULL, '2021-10-06 09:46:51'),
(100, 'Hot Sour Soup', '', '', '', '', 24, 1, NULL, '2021-10-06 09:46:51'),
(101, 'Sichuan Pork', '', '', '', '', 25, 1, NULL, '2021-10-06 09:46:51'),
(102, 'Shrimp with Vermicelli and Garlic', '', '', '', '', 26, 1, NULL, '2021-10-06 09:46:51'),
(103, 'Dim Sums', '', '', '', '', 20, 1, NULL, '2021-10-06 09:46:51'),
(104, 'Chicken with Chestnuts', '', '', '', '', 21, 1, NULL, '2021-10-06 09:46:51'),
(105, 'Spring Rolls', '', '', '', '', 22, 1, NULL, '2021-10-06 09:46:51'),
(106, 'Stir Fried Tofu with Rice', '', '', '', '', 23, 1, NULL, '2021-10-06 09:46:51'),
(107, 'Hot Sour Soup', '', '', '', '', 24, 1, NULL, '2021-10-06 09:46:51'),
(108, 'Sichuan Pork', '', '', '', '', 25, 1, NULL, '2021-10-06 09:46:51'),
(109, 'Shrimp with Vermicelli and Garlic', '', '', '', '', 26, 1, NULL, '2021-10-06 09:46:51'),
(110, 'Peking Roasted Duck', '', '', '', '', 27, 1, NULL, '2021-10-06 09:46:51'),
(111, 'Dim Sums', '', '', '', '', 20, 1, NULL, '2021-10-06 09:46:51'),
(112, 'Chicken with Chestnuts', '', '', '', '', 21, 1, NULL, '2021-10-06 09:46:51'),
(113, 'Spring Rolls', '', '', '', '', 22, 1, NULL, '2021-10-06 09:46:51'),
(114, 'Stir Fried Tofu with Rice', '', '', '', '', 23, 1, NULL, '2021-10-06 09:46:51'),
(115, 'Hot Sour Soup', '', '', '', '', 24, 1, NULL, '2021-10-06 09:46:51'),
(116, 'Sichuan Pork', '', '', '', '', 25, 1, NULL, '2021-10-06 09:46:51'),
(117, 'Shrimp with Vermicelli and Garlic', '', '', '', '', 26, 1, NULL, '2021-10-06 09:46:51'),
(118, 'Peking Roasted Duck', '', '', '', '', 27, 1, NULL, '2021-10-06 09:46:51'),
(119, 'Steamed Vermicelli Rolls', '', '', '', '', 28, 1, NULL, '2021-10-06 09:46:51'),
(120, 'Dim Sums', '', '', '', '', 20, 1, NULL, '2021-10-06 09:46:51'),
(121, 'Chicken with Chestnuts', '', '', '', '', 21, 1, NULL, '2021-10-06 09:46:51'),
(122, 'Spring Rolls', '', '', '', '', 22, 1, NULL, '2021-10-06 09:46:51'),
(123, 'Stir Fried Tofu with Rice', '', '', '', '', 23, 1, NULL, '2021-10-06 09:46:51'),
(124, 'Hot Sour Soup', '', '', '', '', 24, 1, NULL, '2021-10-06 09:46:51'),
(125, 'Sichuan Pork', '', '', '', '', 25, 1, NULL, '2021-10-06 09:46:51'),
(126, 'Shrimp with Vermicelli and Garlic', '', '', '', '', 26, 1, NULL, '2021-10-06 09:46:51'),
(127, 'Peking Roasted Duck', '', '', '', '', 27, 1, NULL, '2021-10-06 09:46:51'),
(128, 'Steamed Vermicelli Rolls', '', '', '', '', 28, 1, NULL, '2021-10-06 09:46:51'),
(129, 'Fried Shrimp with Cashew Nuts', '', '', '', '', 29, 1, NULL, '2021-10-06 09:46:51'),
(130, 'Prawn Pie', '<p>Prawn Pie&nbsp;and hard boiled eggs are other common additional ingredients. Parsley or chives are sometimes added to the sauce.</p>', NULL, NULL, NULL, 30, 1, NULL, '2021-10-06 14:54:37'),
(131, 'Prawn Pie', '', '', '', '', 30, 1, NULL, '2021-10-06 09:46:51'),
(132, 'Crispy Calamari Rings', '<p>Crispy Calamari Rings&nbsp;used for calamari. Calamari rings are a type of dish made using squid, and they can be prepared in a number of different ways.</p>', NULL, NULL, NULL, 31, 1, NULL, '2021-10-06 14:55:52'),
(133, 'Prawn Pie', '', '', '', '', 30, 1, NULL, '2021-10-06 09:46:51'),
(134, 'Crispy Calamari Rings', '', '', '', '', 31, 1, NULL, '2021-10-06 09:46:51'),
(135, 'Yorkshire Lamb Patties', '<p>Yorkshire Lamb Patties&nbsp;which melt in your mouth, and are quick and easy to make.&nbsp;</p>', NULL, NULL, NULL, 32, 1, NULL, '2021-10-06 14:57:31'),
(136, 'Bananas', '<p>Banana is an elongated, edible fruit&nbsp; botanically&nbsp; produced by several kinds of large herbaceous flowering plants in the genus Musa.</p>', NULL, NULL, NULL, 33, 1, NULL, '2021-10-06 14:44:32'),
(137, 'Yellow Bananas ', '', '', '', '', 33, 1, NULL, '2021-10-06 09:46:51'),
(138, 'Raspberries Mexico', '<p>Raspberry&nbsp;in&nbsp;Mexico&nbsp;is considered as the red gold, since it is one of the most emblematic and fastest growing fruit productions in the country.</p>', NULL, NULL, NULL, 34, 1, NULL, '2021-10-06 14:45:27'),
(139, 'Yellow Bananas ', '', '', '', '', 33, 1, NULL, '2021-10-06 09:46:51'),
(140, 'Raspberries Mexico ', '', '', '', '', 34, 1, NULL, '2021-10-06 09:46:51'),
(141, 'Pears Forelle', '<p>Pears Forelle pear is green and yellow with hints of pink. They originated in Germany and are now heavily grown in Oregon and Washington.</p>', NULL, NULL, NULL, 35, 1, NULL, '2021-10-06 14:46:14'),
(142, 'Yellow Bananas ', '', '', '', '', 33, 1, NULL, '2021-10-06 09:46:51'),
(143, 'Raspberries Mexico ', '', '', '', '', 34, 1, NULL, '2021-10-06 09:46:51'),
(144, 'Pears Forelle ', '', '', '', '', 35, 1, NULL, '2021-10-06 09:46:51'),
(145, 'Tomato', '<p>Tomato is the edible berry of the plant Solanum lycopersicum, commonly known as a tomato plant. The species originated in western South America and Central America.&nbsp;</p>', NULL, NULL, NULL, 36, 1, NULL, '2021-10-06 14:46:56'),
(146, 'Yellow Bananas ', '', '', '', '', 33, 1, NULL, '2021-10-06 09:46:51'),
(147, 'Raspberries Mexico ', '', '', '', '', 34, 1, NULL, '2021-10-06 09:46:51'),
(148, 'Pears Forelle ', '', '', '', '', 35, 1, NULL, '2021-10-06 09:46:51'),
(149, 'Tomato Bunch ', '', '', '', '', 36, 1, NULL, '2021-10-06 09:46:51'),
(150, 'Sweet Potato Australia', '<p>&nbsp;</p>\r\n\r\n<p>Sweet potatoes, known as kumera, are originally a&nbsp;native of South America&nbsp;and are an important starch staple in the Pacific Islands.&nbsp;</p>', NULL, NULL, NULL, 37, 1, NULL, '2021-10-06 14:47:40'),
(151, 'Yellow Bananas ', '', '', '', '', 33, 1, NULL, '2021-10-06 09:46:51'),
(152, 'Raspberries Mexico ', '', '', '', '', 34, 1, NULL, '2021-10-06 09:46:51'),
(153, 'Pears Forelle ', '', '', '', '', 35, 1, NULL, '2021-10-06 09:46:51'),
(154, 'Tomato Bunch ', '', '', '', '', 36, 1, NULL, '2021-10-06 09:46:51'),
(155, 'Sweet Potato Australia', '', '', '', '', 37, 1, NULL, '2021-10-06 09:46:51'),
(156, 'Cauliflower', '<p>Cauliflower is one of several vegetables in the species Brassica oleracea in the genus Brassica, which is in the Brassicaceae family.</p>', NULL, NULL, NULL, 38, 1, NULL, '2021-10-06 14:48:07'),
(157, 'Choco lava cake', '<p>Molten chocolate cake is a popular dessert that combines the elements of a chocolate cake and a souffl&eacute;.</p>', NULL, NULL, NULL, 39, 1, NULL, '2021-10-06 14:48:47'),
(158, 'Choco lava cake', '', '', '', '', 39, 1, NULL, '2021-10-06 09:46:51'),
(159, 'Black Forest', '<p>Black Forest g&acirc;teau or Black Forest cake is a chocolate sponge cake with a rich cherry filling based on the German dessert, literally Black Forest Cherry-torte.&nbsp;</p>', NULL, NULL, NULL, 40, 1, NULL, '2021-10-06 14:50:05'),
(160, 'Brown Eggs', '<p>Brown eggs are&nbsp;bigger in size&nbsp;and the yolk of the egg is darker than the white variant. Also, the brown egg comes from the chicken which has a big appetite.</p>', NULL, NULL, NULL, 41, 1, NULL, '2021-10-06 14:50:45'),
(161, 'Vitamin C + Zinc', '<p>Vitamin C and zinc play important roles in&nbsp;providing adequate nutrition and immune defense. This supplement may be given to prevent or treat certain deficiencies caused by poor nutrition, different diseases, medications, or pregnancy.</p>', NULL, NULL, NULL, 42, 1, NULL, '2021-10-06 14:38:22'),
(162, 'Vitamin C + Zinc', '', '', '', '', 42, 1, NULL, '2021-10-06 09:46:51'),
(163, 'Folic B9', '<p>Folic B9 also called folate or folic acid, is one of 8 B vitamins. All B vitamins help the body convert food&nbsp; into fuel, which is used to produce energy.</p>', NULL, NULL, NULL, 43, 1, NULL, '2021-10-06 14:39:28'),
(164, 'Vitamin C + Zinc', '', '', '', '', 42, 1, NULL, '2021-10-06 09:46:51'),
(165, 'Folic B9', '', '', '', '', 43, 1, NULL, '2021-10-06 09:46:51'),
(166, 'Casein Protein', '<p>Casein&nbsp;is a slow-digesting&nbsp;protein&nbsp;that can boost muscle growth and aid recovery after exercise.&nbsp;</p>', NULL, NULL, NULL, 44, 1, NULL, '2021-10-06 14:40:28'),
(167, 'Vitamin C + Zinc', '', '', '', '', 42, 1, NULL, '2021-10-06 09:46:51'),
(168, 'Folic B9', '', '', '', '', 43, 1, NULL, '2021-10-06 09:46:51'),
(169, 'Casein Protein', '', '', '', '', 44, 1, NULL, '2021-10-06 09:46:51'),
(170, 'Thermometer', '<p>Thermometer&nbsp;is the quickest, most accurate way to test for fever.</p>', NULL, NULL, NULL, 45, 1, NULL, '2021-10-06 14:41:40'),
(171, 'Vitamin C + Zinc', '', '', '', '', 42, 1, NULL, '2021-10-06 09:46:51'),
(172, 'Folic B9', '', '', '', '', 43, 1, NULL, '2021-10-06 09:46:51'),
(173, 'Casein Protein', '', '', '', '', 44, 1, NULL, '2021-10-06 09:46:51'),
(174, 'Thermometer', '', '', '', '', 45, 1, NULL, '2021-10-06 09:46:51'),
(175, 'Pulse Oximeter', '<p>Pulse oximetry is a noninvasive method for monitoring a person&#39;s oxygen saturation. Peripheral oxygen saturation readings are typically within 2% accuracy of the more desirable reading of arterial oxygen saturation from arterial blood gas analysis.</p>', NULL, NULL, NULL, 46, 1, NULL, '2021-10-06 14:42:23'),
(176, 'Vitamin C + Zinc', '', '', '', '', 42, 1, NULL, '2021-10-06 09:46:51'),
(177, 'Folic B9', '', '', '', '', 43, 1, NULL, '2021-10-06 09:46:51'),
(178, 'Casein Protein', '', '', '', '', 44, 1, NULL, '2021-10-06 09:46:51'),
(179, 'Thermometer', '', '', '', '', 45, 1, NULL, '2021-10-06 09:46:51'),
(180, 'Pulse Oximeter', '', '', '', '', 46, 1, NULL, '2021-10-06 09:46:51'),
(181, 'Breathe Free Vaporizer', '<p>Breathe Free Vaporizer is&nbsp;a mechanical device that turns water into steam and transmits that steam into the surrounding atmosphere.</p>', NULL, NULL, NULL, 47, 1, NULL, '2021-10-06 14:43:20'),
(182, 'Asus Zenbook 14', '<p>Asus ZenBook 14&nbsp; is&nbsp;a Windows 10 Home laptop&nbsp;with a 14.00-inch display that has a resolution of 1920x1080 pixels.</p>', NULL, NULL, NULL, 48, 1, NULL, '2021-10-06 14:31:16'),
(183, 'Asus Zenbook 14', '', '', '', '', 48, 1, NULL, '2021-10-06 09:46:51'),
(184, 'HP Pavilion 15', '<p>HP Pavilion 14-dv0053TU is a&nbsp;Windows 10 Home laptop&nbsp;with a 14.00-inch display that has a resolution of 1920x1080 pixels.</p>', NULL, NULL, NULL, 49, 1, NULL, '2021-10-06 14:32:04'),
(185, 'Asus Zenbook 14', '', '', '', '', 48, 1, NULL, '2021-10-06 09:46:51'),
(186, 'HP Pavilion 14', '', '', '', '', 49, 1, NULL, '2021-10-06 09:46:51'),
(187, 'Macbook Pro M1 Chip', '<p>Apple M1 chip with&nbsp;8core CPU, 8-core GPU and 16-core Neural Engine.&nbsp;8GB unified memory.&nbsp;256GB SSD&nbsp;storage 33.74 cm Retina display with True Tone.</p>', NULL, NULL, NULL, 50, 1, NULL, '2021-10-06 14:33:10'),
(188, 'Iphone 12 Pro Max', '<p>Iphone 12 Pro Max&nbsp;comes with a&nbsp;6.70-inch touchscreen display&nbsp;with a resolution of 1284x2778 pixels at a pixel density of 458 pixels per inch. iPhone 12 Pro Max is powered by a hexa-core Apple A14 Bionic processor.&nbsp;</p>', NULL, NULL, NULL, 51, 1, NULL, '2021-10-06 14:34:21'),
(189, 'Oneplus 9Pro', '<p>OnePlus exclusive, Hyper Touch reduces&nbsp;in-game imaging delays&nbsp;during even the most demanding mobile gaming for up to 6 times faster then other. Experience ultra-fast aiming and effortlessly precise control.</p>', NULL, NULL, NULL, 52, 1, NULL, '2021-10-06 14:35:52'),
(190, 'Samsung Note 20 Ultra', '<p>Samsung Galaxy Note 20 Ultra 5G is extremely expensive but offers the best of Samsung&#39;s technology including a&nbsp;108-megapixel camera, 5x optical zoom, and an enhanced S-Pen styles.</p>', NULL, NULL, NULL, 53, 1, NULL, '2021-10-06 14:37:12'),
(191, 'Jackets', '<p>Jacket is a garment for the upper body, usually extending below the hips. A jacket typically has sleeves, and fastens in the front or slightly on the side. A jacket is generally lighter, tighter-fitting, and less insulating than a coat, which is outerwear.</p>', NULL, NULL, NULL, 54, 1, NULL, '2021-10-06 14:13:41'),
(192, 'Coats', '<p>Coat is a garment worn on the upper body by either gender for warmth or fashion. Coats typically have long sleeves and are open down the front, closing by means of buttons, zippers, hook-and-loop fasteners, toggles, a belt, or a combination of some of these.</p>', NULL, NULL, NULL, 55, 1, NULL, '2021-10-06 14:14:46'),
(193, 'Denim', '<p>Jeans are a type of pants or trousers, typically made from denim or dungaree cloth.&nbsp;</p>', NULL, NULL, NULL, 56, 1, NULL, '2021-10-06 14:18:30'),
(194, 'Fluffy Jackets', '<p>Fluffy Jackets, also called quilted jackets, have a signature quilted design with sections that are puffy between the stitching.</p>', NULL, NULL, NULL, 57, 1, NULL, '2021-10-11 09:30:55'),
(195, 'Partywear', '<p>Party dress is&nbsp;a dress worn especially for different types of party such as children&#39;s party, cocktail party, garden party and costume party would tend to require different styles of dress.&nbsp;</p>', NULL, NULL, NULL, 58, 1, NULL, '2021-10-06 14:28:23'),
(196, 'Printed Dresses', '<p>&nbsp;Printed dress&nbsp;is which can wow you in the summer or make you glamorous in the theme.</p>', NULL, NULL, NULL, 59, 1, NULL, '2021-10-06 14:30:09'),
(197, 'Split Ac Service', '<p>During AC service, the&nbsp;technician cleans the dust and debris from the condenser coil and evaporator coil&nbsp;and other key components of the system. In a split AC, the condenser coils are in the outdoor unit.</p>', NULL, NULL, NULL, 60, 1, NULL, '2021-10-06 09:46:51'),
(198, 'Split Ac Service', '', '', '', '', 60, 1, NULL, '2021-10-06 09:46:51'),
(199, 'Window Ac Service', '<p>Cleaning of AC Condenser Coil, Cooling Coil. Cleaning of AC Filter. Cleaning of AC Drainage Piping (Wet Method). Overall Inspection of the AC unit.</p>', NULL, NULL, NULL, 61, 1, NULL, '2021-10-06 09:46:51'),
(200, 'Split Ac Service', '', '', '', '', 60, 1, NULL, '2021-10-06 09:46:51'),
(201, 'Window Ac Service', '', '', '', '', 61, 1, NULL, '2021-10-06 09:46:51'),
(202, 'Split Ac Installation', '', '', '', '', 62, 1, NULL, '2021-10-06 09:46:51'),
(203, 'Split Ac Service', '', '', '', '', 60, 1, NULL, '2021-10-06 09:46:51'),
(204, 'Window Ac Service', '', '', '', '', 61, 1, NULL, '2021-10-06 09:46:51'),
(205, 'Split Ac Installation', '', '', '', '', 62, 1, NULL, '2021-10-06 09:46:51'),
(206, 'Window Ac Installation', '', '', '', '', 63, 1, NULL, '2021-10-06 09:46:51'),
(207, 'Full Home Cleaning', '<p>Dusting, sweeping, mopping, and washing floors, toilets, showers, tubs, driveways, windows, and counters. Vacuuming carpets, upholstery, and any other dusty surface. Cleaning all surfaces in the kitchen and bathroom. Making beds and fluffing pillows. Folding clean laundry.</p>', NULL, NULL, NULL, 64, 1, NULL, '2021-10-06 09:46:51'),
(208, 'Full Home Cleaning', '', '', '', '', 64, 1, NULL, '2021-10-06 09:46:51'),
(209, 'Bathroom Cleaning', '<p>A preparation for cleaning bathrooms. cleaner, cleanser, cleansing agent - a preparation used in cleaning something. Based on WordNet 3.0, Farlex clipart collection.</p>', NULL, NULL, NULL, 65, 1, NULL, '2021-10-06 09:46:51'),
(210, 'Full Home Cleaning', '', '', '', '', 64, 1, NULL, '2021-10-06 09:46:51'),
(211, 'Bathroom Cleaning', '', '', '', '', 65, 1, NULL, '2021-10-06 09:46:51'),
(212, 'Car Cleaning', '<p>The&nbsp;Car&nbsp;Detailer will&nbsp;clean&nbsp;vehicles according to company standards or client specifications, which may include performing&nbsp;detail&nbsp;inspections.</p>', NULL, NULL, NULL, 66, 1, NULL, '2021-10-06 09:46:51'),
(213, 'Full Home Cleaning', '', '', '', '', 64, 1, NULL, '2021-10-06 09:46:51'),
(214, 'Bathroom Cleaning', '', '', '', '', 65, 1, NULL, '2021-10-06 09:46:51'),
(215, 'Car Cleaning', '', '', '', '', 66, 1, NULL, '2021-10-06 09:46:51'),
(216, 'Sofa & Carpet Cleaning', '', '', '', '', 67, 1, NULL, '2021-10-06 09:46:51'),
(217, 'Bed bugs control', '<p>Thorough vacuuming&nbsp;can get rid of some of your bed bugs. Carefully vacuum rugs, floors, upholstered furniture, bed frames, under beds, around bed legs, and all cracks and crevices around the room.</p>', NULL, NULL, NULL, 68, 1, NULL, '2021-10-06 09:46:51'),
(218, 'Bed bugs control', '', '', '', '', 68, 1, NULL, '2021-10-06 09:46:51'),
(219, 'Cockroaches pest control', '<p>There are many methods of pest control that you could do yourself. &bull; You can&nbsp;kill cockroaches with the help of diatomaceous earth. It eats through the exoskeleton of the pest killing it within 24 hours.</p>', NULL, NULL, NULL, 69, 1, NULL, '2021-10-06 09:46:51'),
(220, 'Bed bugs control', '', '', '', '', 68, 1, NULL, '2021-10-06 09:46:51'),
(221, 'Cockroaches pest control', '', '', '', '', 69, 1, NULL, '2021-10-06 09:46:51'),
(222, 'Termite control', '<p>The treatment involves&nbsp;detection of termites using Termatrac, drilling holes at skirting level on the walls and injecting liquid termiticide in them by trained technicians.The termiticide, once injected into the ground, forms a barrier between the soil and the building structure.</p>', NULL, NULL, NULL, 70, 1, NULL, '2021-10-06 09:46:51'),
(223, 'Shirt', '<p>A shirt is&nbsp;a cloth garment for the upper body (from the neck to the waist). Originally an undergarment worn exclusively by men, it has become, in American English, a catch-all term for a broad variety of upper-body garments and undergarments.</p>', NULL, NULL, NULL, 71, 1, NULL, '2021-10-11 05:44:25'),
(224, 'Casual T-shirts', '<p>Men Casual T-shirts&nbsp;Jeans, dress shirt&nbsp;(casually turn down collared), and a T-shirt or sleeveless shirt are typically considered casual wear for men in modern times.</p>', NULL, NULL, NULL, 72, 1, NULL, '2021-10-11 05:47:32'),
(225, 'Capri', '<p>Capri pants, for men or women, are defined&nbsp;fairly easily as pants that come down to approximately mid-calf. Lower usually just looks like the pants are too short, and higher may give the impression of shorts.</p>', NULL, NULL, NULL, 73, 1, NULL, '2021-10-11 05:54:17'),
(226, '', '', '', '', '', 74, 1, NULL, NULL),
(227, 'Shorts', '<p>Shorts are&nbsp;a garment worn over the pelvic area, circling the waist and splitting to cover the upper part of the legs, sometimes extending down to the knees but not covering the entire length of the leg.</p>', NULL, NULL, NULL, 75, 1, NULL, '2021-10-11 06:15:07'),
(228, 'Scirt', NULL, NULL, NULL, NULL, 76, 1, NULL, '2021-10-11 06:18:24'),
(229, 'Sweaters', '<p>A sweater or pullover, also called a&nbsp;jumper in British&nbsp;and Australian English, is a piece of clothing, typically with long sleeves, made of knitted or crocheted material, that covers the upper part of the body. When sleeveless, the garment is often called a slipover or sweater vest.</p>', NULL, NULL, NULL, 77, 1, NULL, '2021-10-11 06:22:36'),
(230, 'Dell Inspiron 14', '<p>Inspiron 14 Laptop&nbsp; is&nbsp;a Windows 10 Home laptop&nbsp;with a 14.00-inch display that has a resolution of 1920x1080 pixels.</p>', NULL, NULL, NULL, 78, 1, NULL, '2021-10-11 10:59:45'),
(231, 'Lenovo Idea pad Slim', '<p>Lenovo IdeaPad Slim 3 10th Gen Intel Core i3 14&quot; (35.56cm) FHD Thin &amp; Light Laptop.</p>', NULL, NULL, NULL, 79, 1, NULL, '2021-10-11 11:03:13'),
(232, 'Acer Nitro 5 Gaming Laptop', '<p>Acer Nitro 5 Gaming Laptop AMD Ryzen 5-5600H - (16GB/1 TB HDD/256 GB SSD/Nvidia RTX 3060/ Windows 10 Home/144hz) AN515 With 39.6 Cm (15.6 Inches) FHD Display / 2.4 Kgs / XBOX Game Pass</p>', NULL, NULL, NULL, 80, 1, NULL, '2021-10-11 06:41:34'),
(233, 'OnePlus 9R 5G', '<p>OnePlus 9R 5G (Lake Blue, 8GB RAM, 128GB Storage).</p>', NULL, NULL, NULL, 81, 1, NULL, '2021-10-11 06:45:28'),
(234, 'Samsung Galaxy S20 FE 5G', '<p>Samsung Galaxy S20 FE 5G (Cloud Green, 8GB RAM, 128GB Storage)</p>', NULL, NULL, NULL, 82, 1, NULL, '2021-10-11 06:57:57'),
(235, 'OPPO F19 Pro', '<p>OPPO F19 Pro (Fluid Black, 8GB RAM, 128GB Storage)&nbsp;</p>', NULL, NULL, NULL, 83, 1, NULL, '2021-10-11 07:03:04'),
(236, 'Vitamin B-12', '<p>Vitamin B-12 that&nbsp;the body needs in small amounts to function and stay healthy. Vitamin B12 helps make red blood cells, DNA, RNA, energy, and tissues, and keeps nerve cells healthy. It is found in liver, meat, eggs, poultry, shellfish, milk, and milk products.</p>', NULL, NULL, NULL, 84, 1, NULL, '2021-10-11 07:08:24'),
(237, 'Hemp Protein', '<p>Hemp protein is&nbsp;the protein content of hemp seeds. The protein in hemp seeds is made up of the two globular types of proteins, edestin (60&ndash;80%) and 2S albumin, with edestin also being rich in the essential amino acids.</p>', NULL, NULL, NULL, 85, 1, NULL, '2021-10-11 07:12:09'),
(238, 'Brown Rice', '<p>Brown Rice protein supplementation&nbsp;great for muscle building and recovery, it is also beneficial to people looking to lose weight, as brown rice has a thermic effect.</p>', NULL, NULL, NULL, 86, 1, NULL, '2021-10-11 07:16:51'),
(239, 'Blood Glucose Monitors', '<p>A blood glucose meter is&nbsp;a small, portable machine that&#39;s used to measure how much glucose (a type of sugar) is in the blood&nbsp;(also known as the blood glucose level). People with diabetes often use a blood glucose meter to help them manage their condition.</p>', NULL, NULL, NULL, 87, 1, NULL, '2021-10-11 07:21:32'),
(240, 'Pedometers And Weighing Scales', '<p>Pedometer is extensively used for&nbsp;tracking total number of steps&nbsp;and in many other suitable applications.</p>', NULL, NULL, NULL, 88, 1, NULL, '2021-10-11 07:26:27'),
(241, 'Apple', '<p>The apple is a&nbsp;pome fruit, in which the ripened ovary and surrounding tissue both become fleshy and edible.When harvested, apples are usually roundish, 5&ndash;10 cm in diameter, and some shade of red, green, or yellow in colour; they vary in size, shape, and acidity depending on the variety</p>', NULL, NULL, NULL, 89, 1, NULL, '2021-10-11 07:32:36'),
(242, 'Watermelon', '<p>The watermelon is a large fruit of a&nbsp;more or less spherical shape.It has an oval or spherical shape and a dark green and smooth rind, sometimes showing irregular areas of a pale green colour. It has a sweet, juicy, refreshing flesh of yellowish or reddish colour, containing multiple black, brown or white pips.</p>', NULL, NULL, NULL, 90, 1, NULL, '2021-10-11 07:36:35'),
(243, 'cabbage', '<p>Cabbage, comprising several cultivars of&nbsp;Brassica oleracea, is a leafy green, red (purple), or white (pale green) biennial plant grown as an annual vegetable crop for its dense-leaved heads. oleracea), and belongs to the &quot;cole crops&quot; or brassicas, meaning it is closely related to broccoli and cauliflower.</p>', NULL, NULL, NULL, 91, 1, NULL, '2021-10-11 07:41:27'),
(244, 'broccoli', '<p>Broccoli is a&nbsp;fast-growing annual plant&nbsp;that grows 60&ndash;90 cm tall. Upright and branching with leathery leaves, broccoli bears dense green clusters of flower buds at the ends of the central axis and the branches.</p>', NULL, NULL, NULL, 92, 1, NULL, '2021-10-11 07:44:39'),
(245, 'cheese', '<p>Cheese is made from Cheese, Sodium Citrate, Common Salt, Citric Acid, permitted natural colour - Annatto. Emulsifier and Class II preservatives. It is made from graded cow/buffalo milk using microbial rennet.</p>', NULL, NULL, NULL, 93, 1, NULL, '2021-10-11 07:49:31'),
(246, 'Milk shake', '<p>Milk shake&nbsp;is a sweet drink made by blending milk, ice cream, and flavorings or sweeteners such as butterscotch, caramel sauce, chocolate syrup.</p>', NULL, NULL, NULL, 94, 1, NULL, '2021-10-11 07:54:04'),
(247, 'Roesti And Salad', '<p>Roesti and Salad Recipe. Crispy creamy potato cakes topped with the freshness of salad. The perfect recipe for a lazy Sunday brunch! Total Cook Time 50 mins</p>', NULL, NULL, NULL, 95, 1, NULL, '2021-10-11 08:44:42'),
(248, 'Paneer Steak', '<p>Paneer Steak&nbsp;is an Indian dish made from chunks of paneer marinated in spices and grilled in a tandoor.</p>', NULL, NULL, NULL, 96, 1, NULL, '2021-10-11 08:50:55'),
(249, 'Apple Sausage Plait.', '<p>Apple Sausage Plait&nbsp;in the form of a cylindrical length of minced pork or other meat encased in a skin, typically sold raw to be grilled or fried before eating.</p>', NULL, NULL, NULL, 97, 1, NULL, '2021-10-11 08:56:22'),
(250, 'Polenta', '<p>Polenta&nbsp;a porridge or mush usually made of ground corn (maize) cooked in salted water. Cheese and butter or oil are often added. Polenta can be eaten hot or cold as a porridge, or it can be cooled until firm, cut into shapes, and then baked, toasted, panfried, or deep-fried.</p>', NULL, NULL, NULL, 98, 1, NULL, '2021-10-11 09:01:57'),
(251, 'Osso buco', '<p>Ossobuco or osso buco&nbsp; is&nbsp;a specialty of Lombard cuisine of cross-cut veal<strong> </strong>shanks braised with vegetables, white wine and broth.</p>', NULL, NULL, NULL, 99, 1, NULL, '2021-10-11 09:06:37'),
(252, 'Quick Noodles', '<p>Quick Noodles&nbsp;a cooked egg-and-flour paste prominent in European and Asian cuisine, generally distinguished from pasta by its elongated ribbonlike form. Noodles are commonly used to add body and flavour to broth soups</p>', NULL, NULL, NULL, 100, 1, NULL, '2021-10-11 09:10:06'),
(253, 'Szechwan Chilli Chicken', '<p>About&nbsp;Szechwan Chilli Chicken Recipe: A fiery side&nbsp; fried chicken cooked with brown, green &amp; white peppercorns and oriental spices.</p>', NULL, NULL, NULL, 101, 1, NULL, '2021-10-11 10:37:25');

-- --------------------------------------------------------

--
-- Dumping data for table `product_variants`
--

INSERT INTO `product_variants` (`id`, `sku`, `product_id`, `title`, `quantity`, `price`, `position`, `compare_at_price`, `barcode`, `cost_price`, `currency_id`, `tax_category_id`, `inventory_policy`, `fulfillment_service`, `inventory_management`, `created_at`, `updated_at`, `status`) VALUES
(1, 'sku-id1633375333925589c', 1, NULL, 100, '500.00', 1, '500.00', '7543ebf012007e', '300.00', NULL, NULL, NULL, NULL, NULL, NULL, '2021-10-04 19:22:13', 1),
(2, 'sku-id163337533398a4b3b', 1, 'sku-id-Black-Black', 100, '500.00', 1, '500.00', '1500cdf2d597df', '300.00', NULL, NULL, NULL, NULL, NULL, NULL, '2021-10-04 19:22:13', 1),
(3, 'sku-id16333753335644674', 1, 'sku-id-Black-Grey', 100, '500.00', 1, '500.00', '2ea56327679387', '300.00', NULL, NULL, NULL, NULL, NULL, NULL, '2021-10-04 19:22:13', 1),
(4, 'sku-id1633375333c50fbde', 1, 'sku-id-Medium-Black', 100, '500.00', 1, '500.00', '8f47f11a19433f', '300.00', NULL, NULL, NULL, NULL, NULL, NULL, '2021-10-04 19:22:13', 1),
(5, 'sku-id16333753339f83b05', 1, 'sku-id-Medium-Grey', 100, '500.00', 1, '500.00', '8f7318b112bbe9', '300.00', NULL, NULL, NULL, NULL, NULL, NULL, '2021-10-04 19:22:13', 1),
(6, 'TS001', 2, NULL, 0, NULL, 1, NULL, 'a2a9bccf12bafa', NULL, NULL, NULL, NULL, NULL, NULL, '2021-10-04 19:22:32', '2021-10-07 06:26:47', 1),
(7, 'TS002', 3, NULL, 0, NULL, 1, NULL, '19fd99e3967244', NULL, NULL, NULL, NULL, NULL, NULL, '2021-10-04 19:22:32', '2021-10-05 05:54:43', 1),
(8, 'TS003', 4, NULL, 0, NULL, 1, NULL, '7ea865f59596dd', NULL, NULL, NULL, NULL, NULL, NULL, '2021-10-04 19:22:32', '2021-10-05 05:49:10', 1),
(9, 'TS004', 5, NULL, 0, NULL, 1, NULL, 'e5ac06b2f9a7e4', NULL, NULL, NULL, NULL, NULL, NULL, '2021-10-04 19:22:32', '2021-10-05 05:48:56', 1),
(10, 'TS005', 6, NULL, 0, NULL, 1, NULL, 'dd23f8e8176eca', NULL, NULL, NULL, NULL, NULL, NULL, '2021-10-04 19:22:32', '2021-10-04 19:28:16', 1),
(11, 'DEL001', 7, NULL, 0, NULL, 1, NULL, '4ebe28f1edd8bf', NULL, NULL, NULL, NULL, NULL, NULL, '2021-10-04 19:29:59', '2021-10-04 19:31:03', 1),
(12, 'DEL002', 8, NULL, 0, NULL, 1, NULL, '939edaff47fa9d', NULL, NULL, NULL, NULL, NULL, NULL, '2021-10-04 19:31:14', '2021-10-04 19:31:58', 1),
(13, 'DEL003', 9, NULL, 0, NULL, 1, NULL, '4be5dd2821fe16', NULL, NULL, NULL, NULL, NULL, NULL, '2021-10-04 19:32:09', '2021-10-04 19:32:48', 1),
(14, 'IT100', 10, NULL, 220, '9.00', 1, '12.00', 'd2b98d462b9bb6', NULL, NULL, NULL, NULL, NULL, NULL, '2021-10-04 19:39:10', '2021-10-04 19:39:10', 1),
(15, 'IT10116333763982553f36', 11, NULL, 240, '10.00', 1, '14.00', 'd0693ee5682c9f', NULL, NULL, NULL, NULL, NULL, NULL, '2021-10-04 19:39:10', '2021-10-04 19:39:58', 1),
(16, 'IT102', 12, NULL, 310, '8.00', 1, '10.00', '8b42a582def893', NULL, NULL, NULL, NULL, NULL, NULL, '2021-10-04 19:39:10', '2021-10-04 19:39:10', 1),
(17, 'IT103', 13, NULL, 340, '12.00', 1, '15.00', 'bd32f120e3dc5b', NULL, NULL, NULL, NULL, NULL, NULL, '2021-10-04 19:39:10', '2021-10-04 19:39:10', 1),
(18, 'IT10416333763651c9713b', 14, NULL, 270, '8.00', 1, '10.00', '8f2c14da51b407', NULL, NULL, NULL, NULL, NULL, NULL, '2021-10-04 19:39:10', '2021-10-04 19:39:25', 1),
(19, 'IT10516333763818f4411a', 15, NULL, 240, '9.00', 1, '12.00', 'f9baaec43fa47c', NULL, NULL, NULL, NULL, NULL, NULL, '2021-10-04 19:39:10', '2021-10-04 19:39:41', 1),
(20, 'IT106', 16, NULL, 210, '11.00', 1, '13.00', '894cc8af32de64', NULL, NULL, NULL, NULL, NULL, NULL, '2021-10-04 19:39:10', '2021-10-04 19:39:10', 1),
(21, 'IT10716333764065e15904', 17, NULL, 310, '14.00', 1, '16.00', '727770fa957754', NULL, NULL, NULL, NULL, NULL, NULL, '2021-10-04 19:39:10', '2021-10-04 19:40:06', 1),
(22, 'IT10816333764152b544af', 18, NULL, 330, '13.00', 1, '15.00', 'c75361d366189d', NULL, NULL, NULL, NULL, NULL, NULL, '2021-10-04 19:39:10', '2021-10-04 19:40:15', 1),
(23, 'IT10916333763718930e5d', 19, NULL, 350, '15.00', 1, '17.00', '17147e33cb7190', NULL, NULL, NULL, NULL, NULL, NULL, '2021-10-04 19:39:10', '2021-10-04 19:39:31', 1),
(24, 'CH200', 20, NULL, 220, '8.00', 1, '10.00', '83231956e105d3', NULL, NULL, NULL, NULL, NULL, NULL, '2021-10-04 19:45:11', '2021-10-04 19:45:11', 1),
(25, 'CH202', 21, NULL, 240, '10.00', 1, '12.00', '34fafe9bb02d83', NULL, NULL, NULL, NULL, NULL, NULL, '2021-10-04 19:45:11', '2021-10-04 19:45:11', 1),
(26, 'CH203', 22, NULL, 310, '7.00', 1, '10.00', 'f2e7a0dde9eddf', NULL, NULL, NULL, NULL, NULL, NULL, '2021-10-04 19:45:11', '2021-10-04 19:45:11', 1),
(27, 'CH204', 23, NULL, 340, '12.00', 1, '14.00', 'b601d372ffea76', NULL, NULL, NULL, NULL, NULL, NULL, '2021-10-04 19:45:11', '2021-10-04 19:45:11', 1),
(28, 'CH2051633376730f942258', 24, NULL, 240, '7.00', 1, '10.00', '98619f23def7a7', NULL, NULL, NULL, NULL, NULL, NULL, '2021-10-04 19:45:11', '2021-10-04 19:45:30', 1),
(29, 'CH2061633376737ee72d4f', 25, NULL, 270, '13.00', 1, '15.00', '175690f77bdda4', NULL, NULL, NULL, NULL, NULL, NULL, '2021-10-04 19:45:11', '2021-10-04 19:45:37', 1),
(30, 'CH2071633376743f9a2349', 26, NULL, 310, '14.00', 1, '16.00', '6c202dbb294539', NULL, NULL, NULL, NULL, NULL, NULL, '2021-10-04 19:45:11', '2021-10-04 19:45:43', 1),
(31, 'CH2081633376749e5989f5', 27, NULL, 230, '9.00', 1, '12.00', '34c0c90c084dc6', NULL, NULL, NULL, NULL, NULL, NULL, '2021-10-04 19:45:11', '2021-10-04 19:45:49', 1),
(32, 'CH2091633376755a405fe3', 28, NULL, 280, '12.00', 1, '14.00', 'b2533bef2b5621', NULL, NULL, NULL, NULL, NULL, NULL, '2021-10-04 19:45:11', '2021-10-04 19:45:55', 1),
(33, 'CH2101633376762cebe295', 29, NULL, 360, '10.00', 1, '12.00', '6bd43a31eeb9e4', NULL, NULL, NULL, NULL, NULL, NULL, '2021-10-04 19:45:11', '2021-10-04 19:46:02', 1),
(34, 'CN500', 30, NULL, 220, '9.00', 1, '12.00', 'c18b14ae294cb0', NULL, NULL, NULL, NULL, NULL, NULL, '2021-10-04 19:52:15', '2021-10-04 19:52:15', 1),
(35, 'CN502', 31, NULL, 310, '10.00', 1, '12.00', '285745652e76f4', NULL, NULL, NULL, NULL, NULL, NULL, '2021-10-04 19:52:15', '2021-10-04 19:52:15', 1),
(36, 'CN503', 32, NULL, 340, '14.00', 1, '16.00', '3902e977f96448', NULL, NULL, NULL, NULL, NULL, NULL, '2021-10-04 19:52:15', '2021-10-04 19:52:15', 1),
(37, 'FR600', 33, NULL, 220, '6.00', 1, '10.00', '71f76a727739d7', NULL, NULL, NULL, NULL, NULL, NULL, '2021-10-04 19:58:30', '2021-10-04 19:58:30', 1),
(38, 'FR601', 34, NULL, 240, '8.00', 1, '12.00', '384980f2ced2c1', NULL, NULL, NULL, NULL, NULL, NULL, '2021-10-04 19:58:30', '2021-10-04 19:58:30', 1),
(39, 'FR602', 35, NULL, 310, '7.00', 1, '10.00', 'b88f8a6bbfefb8', NULL, NULL, NULL, NULL, NULL, NULL, '2021-10-04 19:58:30', '2021-10-04 19:58:30', 1),
(40, 'FR603', 36, NULL, 340, '10.00', 1, '12.00', 'd9eb46fc061623', NULL, NULL, NULL, NULL, NULL, NULL, '2021-10-04 19:58:30', '2021-10-04 19:58:30', 1),
(41, 'FR604', 37, NULL, 280, '12.00', 1, '14.00', 'e76f981458a8b5', NULL, NULL, NULL, NULL, NULL, NULL, '2021-10-04 19:58:30', '2021-10-04 19:58:30', 1),
(42, 'FR605', 38, NULL, 360, '9.00', 1, '12.00', '05ffb65d96e2f2', NULL, NULL, NULL, NULL, NULL, NULL, '2021-10-04 19:58:30', '2021-10-04 19:58:30', 1),
(43, 'DE110', 39, NULL, 245, '14.00', 1, '16.00', 'c466bfb9b86738', NULL, NULL, NULL, NULL, NULL, NULL, '2021-10-04 19:58:53', '2021-10-04 19:58:53', 1),
(44, 'DE111', 40, NULL, 265, '16.00', 1, '18.00', '162643a11065de', NULL, NULL, NULL, NULL, NULL, NULL, '2021-10-04 19:58:53', '2021-10-04 19:58:53', 1),
(45, 'D202', 41, NULL, 310, '11.00', 1, '14.00', '266488f94537c6', NULL, NULL, NULL, NULL, NULL, NULL, '2021-10-04 20:03:55', '2021-10-04 20:04:37', 1),
(46, 'PH200', 42, NULL, 230, '10.00', 1, '12.00', 'cc3a3ba79a1529', NULL, NULL, NULL, NULL, NULL, NULL, '2021-10-04 20:06:51', '2021-10-04 20:08:11', 1),
(47, 'PH201', 43, NULL, 190, '11.00', 1, '13.00', '0f7a69cbaf52cf', NULL, NULL, NULL, NULL, NULL, NULL, '2021-10-04 20:06:51', '2021-10-04 20:08:47', 1),
(48, 'PH202', 44, NULL, 410, '16.00', 1, '18.00', '0069e71ae0c8ac', NULL, NULL, NULL, NULL, NULL, NULL, '2021-10-04 20:06:51', '2021-10-04 20:09:25', 1),
(49, 'PH206', 45, NULL, 350, '15.00', 1, '17.00', '79a10fb3b147fb', NULL, NULL, NULL, NULL, NULL, NULL, '2021-10-04 20:06:51', '2021-10-04 20:12:20', 1),
(50, 'PH207', 46, NULL, 240, '14.00', 1, '16.00', '661fc75d00de82', NULL, NULL, NULL, NULL, NULL, NULL, '2021-10-04 20:06:51', '2021-10-04 20:15:50', 1),
(51, 'PH208', 47, NULL, 260, '18.00', 1, '20.00', '2dc5525e2241a2', NULL, NULL, NULL, NULL, NULL, NULL, '2021-10-04 20:06:51', '2021-10-04 20:16:02', 1),
(52, 'EL806', 48, NULL, 340, '40.00', 1, '45.00', '17e07677edc94a', NULL, NULL, NULL, NULL, NULL, NULL, '2021-10-04 20:18:06', '2021-10-04 20:23:19', 1),
(53, 'EL807', 49, NULL, 290, '45.00', 1, '48.00', 'b71ab30defc3c5', NULL, NULL, NULL, NULL, NULL, NULL, '2021-10-04 20:18:06', '2021-10-04 20:23:33', 1),
(54, 'EL808', 50, NULL, 260, '50.00', 1, '55.00', 'b502cfe753bd3e', NULL, NULL, NULL, NULL, NULL, NULL, '2021-10-04 20:18:06', '2021-10-04 20:23:47', 1),
(55, 'MB900', 51, NULL, 240, '52.00', 1, '55.00', '07d30863f387a6', NULL, NULL, NULL, NULL, NULL, NULL, '2021-10-04 20:24:03', '2021-10-04 20:29:58', 1),
(56, 'MB901', 52, NULL, 270, '45.00', 1, '48.00', 'b69822c61a56d1', NULL, NULL, NULL, NULL, NULL, NULL, '2021-10-04 20:25:57', '2021-10-04 20:30:12', 1),
(57, 'MB902', 53, NULL, 290, '46.00', 1, '48.00', 'a0e66bf4cce3e7', NULL, NULL, NULL, NULL, NULL, NULL, '2021-10-04 20:27:53', '2021-10-04 20:30:26', 1),
(58, 'MEN301', 54, NULL, 280, '25.00', 1, '30.00', '819b47cfafb64b', NULL, NULL, NULL, NULL, NULL, NULL, '2021-10-04 20:32:42', '2021-10-04 20:35:00', 1),
(59, 'MEN302', 55, NULL, 310, '26.00', 1, '28.00', '4ba1a680f3ba2b', NULL, NULL, NULL, NULL, NULL, NULL, '2021-10-04 20:33:28', '2021-10-04 20:35:11', 1),
(60, 'MEN303', 56, NULL, 330, '24.00', 1, '28.00', '856fe68fc740c0', NULL, NULL, NULL, NULL, NULL, NULL, '2021-10-04 20:34:10', '2021-10-04 20:35:23', 1),
(61, 'WOMEN304', 57, NULL, 350, '24.00', 1, '26.00', '0f3bd79fd38f36', NULL, NULL, NULL, NULL, NULL, NULL, '2021-10-04 20:35:45', '2021-10-04 20:38:20', 1),
(62, 'WOMEN305', 58, NULL, 360, '18.00', 1, '20.00', '387f6aa42d06ae', NULL, NULL, NULL, NULL, NULL, NULL, '2021-10-04 20:36:48', '2021-10-04 20:38:32', 1),
(63, 'WOMEN306', 59, NULL, 310, '15.00', 1, '18.00', '2f2874dbfa0677', NULL, NULL, NULL, NULL, NULL, NULL, '2021-10-04 20:37:43', '2021-10-04 20:38:43', 1),
(64, 'AC100', 60, NULL, 0, '10.00', 1, '12.00', '1cb19b60453bc3', NULL, NULL, NULL, NULL, NULL, NULL, '2021-10-04 20:49:18', '2021-10-05 05:47:31', 1),
(65, 'AC101', 61, NULL, 0, '8.00', 1, '10.00', '656f80de886d60', NULL, NULL, NULL, NULL, NULL, NULL, '2021-10-04 20:49:18', '2021-10-05 05:17:38', 1),
(66, 'AC1021633380563ff753d8', 62, NULL, 0, '0.00', 1, '0.00', '98841a7c9fb742', NULL, NULL, NULL, NULL, NULL, NULL, '2021-10-04 20:49:18', '2021-10-04 20:49:23', 1),
(67, 'AC1031633380570c8d914a', 63, NULL, 0, '0.00', 1, '0.00', 'db5a13bee5c98d', NULL, NULL, NULL, NULL, NULL, NULL, '2021-10-04 20:49:18', '2021-10-04 20:49:30', 1),
(68, 'CL111', 64, NULL, 0, '16.00', 1, '18.00', '1761f84082e3e4', NULL, NULL, NULL, NULL, NULL, NULL, '2021-10-04 20:49:37', '2021-10-05 05:18:46', 1),
(69, 'CL112', 65, NULL, 0, '14.00', 1, '16.00', 'f233a58aae14c5', NULL, NULL, NULL, NULL, NULL, NULL, '2021-10-04 20:49:37', '2021-10-05 05:20:38', 1),
(70, 'CL113', 66, NULL, 0, '13.00', 1, '14.00', 'b7af164ab4c109', NULL, NULL, NULL, NULL, NULL, NULL, '2021-10-04 20:49:37', '2021-10-05 05:21:24', 1),
(71, 'CL1141633380586e0b4580', 67, NULL, 0, '0.00', 1, '0.00', '98cad2e3cf2091', NULL, NULL, NULL, NULL, NULL, NULL, '2021-10-04 20:49:37', '2021-10-04 20:49:46', 1),
(72, 'PC280', 68, NULL, 0, '9.00', 1, '12.00', '425cd02d706ca0', NULL, NULL, NULL, NULL, NULL, NULL, '2021-10-04 20:49:54', '2021-10-05 05:22:08', 1),
(73, 'PC281', 69, NULL, 0, '11.00', 1, '13.00', '50256d5c5d8fb3', NULL, NULL, NULL, NULL, NULL, NULL, '2021-10-04 20:49:54', '2021-10-05 05:23:22', 1),
(74, 'PC282', 70, NULL, 0, '14.00', 1, '16.00', 'bfc74887be5c87', NULL, NULL, NULL, NULL, NULL, NULL, '2021-10-04 20:49:54', '2021-10-05 05:24:38', 1),
(75, 'Shirt', 71, NULL, 1990, '12.00', 1, '15.00', '13a8a1ebb00b92', NULL, NULL, NULL, NULL, NULL, NULL, '2021-10-11 05:39:06', '2021-10-11 05:44:26', 1),
(76, 'CasualT-shirts', 72, NULL, 1990, '17.00', 1, '22.00', 'be53b93d8b4f17', NULL, NULL, NULL, NULL, NULL, NULL, '2021-10-11 05:45:30', '2021-10-11 05:47:32', 1),
(77, 'Capris', 73, NULL, 1990, '19.00', 1, '22.00', 'a9f6ba2ca77dec', NULL, NULL, NULL, NULL, NULL, NULL, '2021-10-11 05:49:45', '2021-10-11 05:54:17', 1),
(78, 'WomenCapri16339321401ba78c6', 74, NULL, 0, NULL, 1, NULL, '52026e71cb192e', NULL, NULL, NULL, NULL, NULL, NULL, '2021-10-11 06:01:33', '2021-10-11 06:02:20', 1),
(79, 'Shorts', 75, NULL, 2900, '18.00', 1, '22.00', 'a8dcad36a8c50e', NULL, NULL, NULL, NULL, NULL, NULL, '2021-10-11 06:03:22', '2021-10-11 06:18:45', 1),
(80, 'Scirt', 76, NULL, 1889, '19.00', 1, '22.00', '804cdfb98108ee', NULL, NULL, NULL, NULL, NULL, NULL, '2021-10-11 06:16:53', '2021-10-11 06:18:24', 1),
(81, 'Sweaters', 77, NULL, 1890, '17.00', 1, '22.00', '9ef3df3ac9722b', NULL, NULL, NULL, NULL, NULL, NULL, '2021-10-11 06:20:16', '2021-10-11 06:22:36', 1),
(82, 'Inspiron14Laptop', 78, NULL, 1990, '20.00', 1, '23.00', 'a94347e8103a1d', NULL, NULL, NULL, NULL, NULL, NULL, '2021-10-11 06:29:40', '2021-10-11 06:31:29', 1),
(83, 'LenovoIdeaPadSlim310thGen', 79, NULL, 1900, '19.00', 1, '22.00', 'ee8b027a53323c', NULL, NULL, NULL, NULL, NULL, NULL, '2021-10-11 06:34:21', '2021-10-11 06:37:39', 1),
(84, 'AcerNitro5GamingLaptopAMD', 80, NULL, 199, '150.00', 1, '165.00', 'b8893cc1f82a49', NULL, NULL, NULL, NULL, NULL, NULL, '2021-10-11 06:39:03', '2021-10-11 11:11:44', 1),
(85, 'OnePlus9R5G', 81, NULL, 1880, '16.00', 1, '20.00', 'b1d2d3de25950a', NULL, NULL, NULL, NULL, NULL, NULL, '2021-10-11 06:42:45', '2021-10-11 06:45:28', 1),
(86, 'OnePlus9R5G(LakeBlue,8GBRAM,128GBStorage)', 82, NULL, 1890, '18.00', 1, '22.00', '34ff409e53d79a', NULL, NULL, NULL, NULL, NULL, NULL, '2021-10-11 06:48:14', '2021-10-11 06:57:57', 1),
(87, 'OPPOF19Pro', 83, NULL, 1000, '12.00', 1, '15.00', 'c4f70ae7e0ad25', NULL, NULL, NULL, NULL, NULL, NULL, '2021-10-11 07:00:01', '2021-10-11 07:03:04', 1),
(88, 'VitaminB-12', 84, NULL, 888, '16.00', 1, '20.00', '17622b8dc42f52', NULL, NULL, NULL, NULL, NULL, NULL, '2021-10-11 07:05:53', '2021-10-11 11:33:41', 1),
(89, 'HempProtein', 85, NULL, 1890, '14.00', 1, '20.00', '359df175e9c185', NULL, NULL, NULL, NULL, NULL, NULL, '2021-10-11 07:09:53', '2021-10-11 07:12:09', 1),
(90, 'BrownRiceProtein16339519990a4bbe7', 86, NULL, 1600, '13.00', 1, '15.00', '41ec612c88d1d1', NULL, NULL, NULL, NULL, NULL, NULL, '2021-10-11 07:13:17', '2021-10-11 11:33:19', 1),
(91, 'BloodGlucoseMonitors:', 87, NULL, 1789, '12.00', 1, '15.00', 'dd587e7fd593c7', NULL, NULL, NULL, NULL, NULL, NULL, '2021-10-11 07:19:10', '2021-10-11 07:21:32', 1),
(92, 'PedometersAndWeighingScales', 88, NULL, 1780, '12.00', 1, '15.00', '80fe4269747b13', NULL, NULL, NULL, NULL, NULL, NULL, '2021-10-11 07:22:15', '2021-10-11 07:26:28', 1),
(93, 'Apples', 89, NULL, 1590, '12.00', 1, '15.00', '72d282b61f2f8d', NULL, NULL, NULL, NULL, NULL, NULL, '2021-10-11 07:29:40', '2021-10-11 07:32:36', 1),
(94, 'watermelon', 90, NULL, 1678, '12.00', 1, '14.00', '5f9a22faa94d54', NULL, NULL, NULL, NULL, NULL, NULL, '2021-10-11 07:33:24', '2021-10-11 07:36:35', 1),
(95, 'cabbage', 91, NULL, 1600, '12.00', 1, '15.00', '34b9366fd85077', NULL, NULL, NULL, NULL, NULL, NULL, '2021-10-11 07:38:46', '2021-10-11 07:41:27', 1),
(96, 'broccoli', 92, NULL, 1700, '15.00', 1, '18.00', 'dcb836cd06d258', NULL, NULL, NULL, NULL, NULL, NULL, '2021-10-11 07:42:27', '2021-10-11 07:44:39', 1),
(97, 'cheese', 93, NULL, 1789, '14.00', 1, '18.00', 'f3ffe0746049e4', NULL, NULL, NULL, NULL, NULL, NULL, '2021-10-11 07:48:03', '2021-10-11 07:49:31', 1),
(98, 'milkshake', 94, NULL, 1789, '19.00', 1, '22.00', 'e7fe61ed5956a4', NULL, NULL, NULL, NULL, NULL, NULL, '2021-10-11 07:52:05', '2021-10-11 07:54:04', 1),
(99, 'RoestiAndSalad', 95, NULL, 1200, '13.00', 1, '15.00', '1ca362bdd97d82', NULL, NULL, NULL, NULL, NULL, NULL, '2021-10-11 08:42:31', '2021-10-11 10:27:22', 1),
(100, 'PaneerSteak', 96, NULL, 1690, '12.00', 1, '14.00', 'd51ec2b603ff25', NULL, NULL, NULL, NULL, NULL, NULL, '2021-10-11 08:45:11', '2021-10-11 08:50:55', 1),
(101, 'AppleSausagePlait.', 97, NULL, 1789, '12.00', 1, '16.00', 'b7ac8fa7ffb21a', NULL, NULL, NULL, NULL, NULL, NULL, '2021-10-11 08:52:12', '2021-10-11 08:56:22', 1),
(102, 'Polenta.', 98, NULL, 2300, '17.00', 1, '19.00', '345b1f10e32dca', NULL, NULL, NULL, NULL, NULL, NULL, '2021-10-11 08:59:48', '2021-10-11 09:01:57', 1),
(103, 'Ossobuco', 99, NULL, 1500, '15.00', 1, '18.00', '555f31634b8f9f', NULL, NULL, NULL, NULL, NULL, NULL, '2021-10-11 09:02:33', '2021-10-11 09:06:37', 1),
(104, 'QuickNoodles', 100, NULL, 1690, '12.00', 1, '15.00', '1786576b9779e2', NULL, NULL, NULL, NULL, NULL, NULL, '2021-10-11 09:07:23', '2021-10-11 09:10:06', 1),
(105, 'SzechwanChilliChicken', 101, NULL, 1890, '17.00', 1, '19.00', 'e992069726f6ee', NULL, NULL, NULL, NULL, NULL, NULL, '2021-10-11 09:11:13', '2021-10-11 09:14:14', 1);

-- --------------------------------------------------------

--
-- Dumping data for table `product_variant_sets`
--

INSERT INTO `product_variant_sets` (`id`, `product_id`, `product_variant_id`, `variant_type_id`, `variant_option_id`, `created_at`, `updated_at`) VALUES
(1, 1, 2, 1, 1, NULL, NULL),
(2, 1, 2, 2, 5, NULL, NULL),
(3, 1, 3, 1, 1, NULL, NULL),
(4, 1, 3, 2, 6, NULL, NULL),
(5, 1, 3, 1, 1, NULL, NULL),
(6, 1, 3, 2, 6, NULL, NULL),
(7, 1, 4, 1, 7, NULL, NULL),
(8, 1, 4, 2, 5, NULL, NULL),
(9, 1, 5, 1, 7, NULL, NULL),
(10, 1, 5, 2, 6, NULL, NULL);


-- --------------------------------------------------------


--
-- Dumping data for table `variant_option_translations`
--

INSERT INTO `variant_option_translations` (`id`, `title`, `variant_option_id`, `language_id`, `created_at`, `updated_at`) VALUES
(1, 'Small', 1, 1, NULL, '2021-10-06 09:46:51'),
(2, 'White', 2, 1, NULL, '2021-10-06 09:46:51'),
(3, 'Black', 3, 1, NULL, '2021-10-06 09:46:51'),
(4, 'Grey', 4, 1, NULL, '2021-10-06 09:46:51'),
(5, 'Medium', 5, 1, NULL, '2021-10-06 09:46:51'),
(6, 'Large', 6, 1, NULL, '2021-10-06 09:46:51'),
(7, 'IPhone', 7, 1, NULL, '2021-10-06 09:46:51'),
(8, 'Samsung', 8, 1, NULL, '2021-10-06 09:46:51'),
(9, 'Xiaomi', 9, 1, NULL, '2021-10-06 09:46:51');

-- --------------------------------------------------------


--
-- Dumping data for table `variant_translations`
--
INSERT INTO `variant_translations` (`id`, `title`, `variant_id`, `language_id`, `created_at`, `updated_at`) VALUES
(1, 'Size', 1, 1, NULL, '2021-10-06 09:46:51'),
(2, 'Color', 2, 1, NULL, '2021-10-06 09:46:51'),
(3, 'Phones', 3, 1, NULL, '2021-10-06 09:46:51');



-- --------------------------------------------------------

--
-- Dumping data for table `vendor_categories`
--

INSERT INTO `vendor_categories` (`id`, `vendor_id`, `category_id`, `status`, `created_at`, `updated_at`) VALUES
(1, 1, 29, 1, '2021-10-04 19:21:55', '2021-10-04 19:21:55'),
(2, 1, 30, 1, '2021-10-04 19:21:56', '2021-10-04 19:21:56'),
(3, 1, 31, 1, '2021-10-04 19:21:57', '2021-10-04 19:21:57'),
(4, 4, 2, 1, '2021-10-04 19:29:04', '2021-10-04 19:29:04'),
(5, 2, 3, 1, '2021-10-04 19:38:45', '2021-10-04 19:38:45'),
(6, 2, 14, 1, '2021-10-04 19:38:45', '2021-10-04 19:38:45'),
(7, 2, 16, 1, '2021-10-04 19:38:46', '2021-10-04 19:38:46'),
(8, 3, 3, 1, '2021-10-04 19:51:26', '2021-10-04 19:51:26'),
(9, 3, 15, 1, '2021-10-04 19:51:27', '2021-10-04 19:51:27'),
(10, 5, 4, 1, '2021-10-04 19:57:12', '2021-10-04 19:57:12'),
(11, 5, 9, 1, '2021-10-04 19:57:13', '2021-10-04 19:57:13'),
(12, 5, 8, 1, '2021-10-04 19:57:14', '2021-10-04 19:57:14'),
(13, 5, 10, 1, '2021-10-04 19:57:15', '2021-10-04 19:57:15'),
(14, 6, 5, 1, '2021-10-04 20:05:53', '2021-10-04 20:05:53'),
(15, 6, 17, 1, '2021-10-04 20:05:53', '2021-10-04 20:05:53'),
(16, 6, 18, 1, '2021-10-04 20:05:55', '2021-10-04 20:05:55'),
(17, 7, 19, 1, '2021-10-04 20:16:46', '2021-10-04 20:16:46'),
(18, 7, 20, 1, '2021-10-04 20:16:47', '2021-10-04 20:16:47'),
(19, 7, 21, 1, '2021-10-04 20:16:48', '2021-10-04 20:16:48'),
(20, 8, 26, 1, '2021-10-04 20:31:19', '2021-10-04 20:31:19'),
(21, 8, 27, 1, '2021-10-04 20:31:20', '2021-10-04 20:31:20'),
(22, 8, 28, 1, '2021-10-04 20:31:21', '2021-10-04 20:31:21'),
(23, 9, 22, 1, '2021-10-04 20:48:30', '2021-10-04 20:48:30'),
(24, 9, 23, 1, '2021-10-04 20:48:32', '2021-10-04 20:48:32'),
(25, 9, 24, 1, '2021-10-04 20:48:33', '2021-10-04 20:48:33'),
(26, 9, 25, 1, '2021-10-04 20:48:35', '2021-10-04 20:48:35');

-- --------------------------------------------------------


INSERT INTO `banners` (`id`, `name`, `description`, `image`, `validity_on`, `sorting`, `status`, `start_date_time`, `end_date_time`, `redirect_category_id`, `redirect_vendor_id`, `link`, `created_at`, `updated_at`, `image_mobile`) VALUES
(1, 'Electronics', NULL, 'banner/WuzCZXWQqt4dkrtGox6rQ7zIZPWiZnq4cJJ3pLEO.png', 1, 1, 1, '2021-10-05 01:06:00', '2025-12-31 12:00:00', NULL, NULL, 'category', NULL, '2022-01-20 05:58:27', 'banner/Ly9d7sR5ZdVhDy2fhKcvq2OIbipwXPaAfyTg8HzN.png'),
(2, 'Vegetables', NULL, 'banner/hg4qAjmf6SzObNE6lSgGRjIjMbKYW1QA8GtaIDmX.png', 1, 2, 1, '2021-10-05 01:07:00', '2025-12-31 12:00:00', 8, NULL, 'category', NULL, '2022-01-20 05:58:41', 'banner/GFtkCmAbjXXBEUgFyX0d4PwaOYYQFQTwZK9tPj2a.png'),
(3, 'Pharmacy', NULL, 'banner/EfrnNn6R6QxonjB9tdVDhLZCBuje1XxUw1gjXvFR.jpg', 1, 3, 1, '2021-10-05 01:07:00', '2025-12-31 12:00:00', NULL, NULL, 'category', NULL, '2022-01-20 05:58:55', 'banner/AZ7QmHWxvodad5TR4A2Xjx3O5QNjZ4lcDez2Wcgm.png'),
(4, 'Fashion', NULL, 'banner/r1e1x91RGF3M2xG8iXxxYSOyOqSs6qtHHG0EGx3n.png', 1, 4, 1, '2021-10-05 01:07:00', '2025-12-31 12:00:00', NULL, NULL, 'category', '2021-10-04 18:49:39', '2022-01-20 05:59:05', 'banner/sqjzaAEHcquIlbwFn34B6lHmoGDAcNajMUYdl6SR.png');


INSERT INTO `mobile_banners` (`id`, `name`, `description`, `image`, `validity_on`, `sorting`, `status`, `start_date_time`, `end_date_time`, `redirect_category_id`, `redirect_vendor_id`, `link`, `created_at`, `updated_at`) VALUES
(1, 'Electronics', NULL, 'banner/WPe41MP5sseOwa0sUIjnepxXuBfuHVctMXnyGJCY.png', 1, 1, 1, '2021-10-05 01:06:00', '2025-12-31 12:00:00', 20, NULL, 'category', NULL, '2022-01-20 06:13:24'),
(2, 'Vegetables', NULL, 'banner/U9MskRtiahL1nm6OB9ZqH5E3Lu0eMTOf8z6juMXC.png', 1, 2, 1, '2021-10-05 01:07:00', '2025-12-31 12:00:00', 8, NULL, 'category', NULL, '2022-01-20 05:59:48'),
(3, 'Pharmacy', NULL, 'banner/JCFtxnEOAU0KfhwDjpUVbmyLYhbDdX3CQ7j4keAN.jpg', 1, 3, 1, '2021-10-05 01:07:00', '2025-12-31 12:00:00', 18, NULL, 'category', NULL, '2022-01-20 06:14:00'),
(4, 'Fashion', NULL, 'banner/pRSAJJoztTKAMbm8QPTaRiWtSnSme8xkNPHw3pK5.png', 1, 4, 1, '2021-10-05 01:07:00', '2025-12-31 12:00:00', 27, NULL, 'category', '2021-10-04 18:49:39', '2022-01-20 06:14:16');



INSERT INTO `cab_booking_layouts` (`id`, `title`, `slug`, `order_by`, `image`, `is_active`, `created_at`, `updated_at`) VALUES
(1, 'Vendors', 'vendors', 1, NULL, 1, NULL, NULL),
(2, 'Featured Products', 'featured_products', 2, NULL, 1, NULL, NULL),
(3, 'New Products', 'new_products', 3, NULL, 1, NULL, NULL),
(4, 'On Sale', 'on_sale', 4, NULL, 1, NULL, NULL),
(5, 'Best Sellers', 'best_sellers', 5, NULL, 1, NULL, NULL),
(6, 'Brands', 'brands', 6, NULL, 1, NULL, NULL),
(7, 'Pickup Delivery', 'pickup_delivery', 7, NULL, 1, '2021-10-04 18:42:14', '2021-10-04 18:42:14');

INSERT INTO `cab_booking_layout_categories` (`id`, `cab_booking_layout_id`, `category_id`, `created_at`, `updated_at`) VALUES
(3, 7, 29, '2021-11-15 10:42:34', '2021-11-15 10:42:34');



INSERT INTO `cab_booking_layout_transaltions` (`id`, `title`, `cab_booking_layout_id`, `language_id`, `created_at`, `updated_at`, `body_html`) VALUES
(1, NULL, 1, 1, '2021-11-15 10:42:25', '2021-11-15 10:42:25', NULL),
(2, NULL, 2, 1, '2021-11-15 10:42:25', '2021-11-15 10:42:25', NULL),
(3, NULL, 3, 1, '2021-11-15 10:42:25', '2021-11-15 10:42:25', NULL),
(4, NULL, 4, 1, '2021-11-15 10:42:25', '2021-11-15 10:42:25', NULL),
(5, NULL, 5, 1, '2021-11-15 10:42:25', '2021-11-15 10:42:25', NULL),
(6, NULL, 6, 1, '2021-11-15 10:42:25', '2021-11-15 10:42:25', NULL),
(7, 'Pickup and Delivery', 7, 1, '2021-11-15 10:42:25', '2021-11-15 10:42:25', NULL);



INSERT INTO `app_stylings` (`id`, `name`, `type`, `created_at`, `updated_at`) VALUES
(1, 'Regular Font', 2, NULL, NULL),
(2, 'Medium Font', 2, NULL, NULL),
(3, 'Bold Font', 2, NULL, NULL),
(4, 'Primary Color', 4, NULL, NULL),
(5, 'Secondary Color', 4, NULL, NULL),
(6, 'Tertiary Color', 4, NULL, NULL),
(7, 'Tab Bar Style', 3, NULL, NULL),
(8, 'Home Page Style', 3, NULL, NULL),
(9, 'Home Tag Line', 1, NULL, NULL);


INSERT INTO `app_styling_options` (`id`, `app_styling_id`, `name`, `image`, `is_selected`, `created_at`, `updated_at`, `template_id`) VALUES
(1, 1, 'CircularStd-Book', NULL, 1, NULL, NULL, NULL),
(2, 1, 'SFProText-Regular', NULL, 0, NULL, NULL, NULL),
(3, 1, 'Futura-Normal', NULL, 0, NULL, NULL, NULL),
(4, 1, 'Eina02-Regular', NULL, 0, NULL, NULL, NULL),
(5, 2, 'CircularStd-Medium', NULL, 1, NULL, NULL, NULL),
(6, 2, 'SFProText-Medium', NULL, 0, NULL, NULL, NULL),
(7, 2, 'Futura-Medium', NULL, 0, NULL, NULL, NULL),
(8, 2, 'Eina02-SemiBold', NULL, 0, NULL, NULL, NULL),
(9, 3, 'CircularStd-Bold', NULL, 1, NULL, NULL, NULL),
(10, 3, 'SFProText-Bold', NULL, 0, NULL, NULL, NULL),
(11, 3, 'FuturaBT-Heavy', NULL, 0, NULL, NULL, NULL),
(12, 3, 'Eina02-Bold', NULL, 0, NULL, NULL, NULL),
(13, 4, '#41A2E6', NULL, 1, NULL, NULL, NULL),
(14, 5, '#fff', NULL, 1, NULL, NULL, NULL),
(15, 6, '#fff', NULL, 1, NULL, NULL, NULL),
(16, 7, 'Tab 1', 'bar.png', 0, NULL, '2021-10-06 09:37:01', 1),
(17, 7, 'Tab 2', 'bar_two.png', 0, NULL, '2021-10-06 09:37:01', 2),
(18, 7, 'Tab 3', 'bar_three.png', 0, NULL, '2021-10-06 09:37:01', 3),
(19, 7, 'Tab 4', 'bar_four.png', 1, NULL, '2021-10-06 09:37:01', 4),
(20, 7, 'Tab 5', 'bar_five.png', 0, NULL, '2021-10-06 09:37:01', 5),
(21, 8, 'Home Page 1', 'home.png', 0, NULL, '2021-11-07 06:08:03', 1),
(22, 8, 'Home Page 4', 'home_four.png', 0, NULL, '2021-11-07 06:08:03', 2),
(23, 8, 'Home Page 5', 'home_five.png', 1, NULL, '2021-11-07 06:08:03', 3),
(24, 9, 'Create a free account and join us!', NULL, 1, NULL, NULL, NULL),
(25, 8, 'Home Page 6', 'home_six.png', 0, '2021-10-12 14:10:14', '2021-11-07 06:08:03', 4);


INSERT INTO `loyalty_cards` (`id`, `name`, `description`, `image`, `minimum_points`, `per_order_minimum_amount`, `per_order_points`, `per_purchase_minimum_amount`, `amount_per_loyalty_point`, `redeem_points_per_primary_currency`, `status`, `created_at`, `updated_at`, `loyalty_check`) VALUES
(1, 'Gold Plan', 'Gold Loyalty Card', '2f3120/loyalty/image/im5953PjFoo5xub5X4JKes2yV2CwnoAaBiy8ACh1.png', 400, NULL, 5, NULL, 10, 10, '0', '2021-11-16 05:03:53', '2021-11-16 05:15:49', '0'),
(2, 'Silver Plan', 'Silver Loyalty Card', '2f3120/loyalty/image/EAJdZtUl3sjzDLyvZfAjadapVc1S3eAQBSAqvjbr.png', 600, NULL, 8, NULL, 14, 10, '0', '2021-11-16 05:04:29', '2021-11-16 05:15:49', '0'),
(3, 'Platinum Plan', 'Platinum Loyalty Card', '2f3120/loyalty/image/rHwJcu9Q1NWp7TXnANRWoBOhdlWBPVbrBZgS2w1g.png', 800, NULL, 10, NULL, 20, 10, '0', '2021-11-16 05:07:24', '2021-11-16 05:15:49', '0');


UPDATE `client_preferences` SET `favicon` = 'favicon/LVwBbMl9xrEk5Phg4AVPRvqsBuFWPxTgXtsdq8JO.ico' , `business_type` = 'super_app' ,`primary_color` = '#32B5FC' ,`secondary_color` = '#41A2E6' ,`site_top_header_color` = '#10629E' , `is_hyperlocal` = 0 WHERE `client_preferences`.`id` = 1;


UPDATE `clients` SET `logo` = 'Clientlogo/615fe6c8b7314.png' WHERE  1;

INSERT INTO `service_areas` (`id`, `name`, `description`, `geo_array`, `zoom_level`, `polygon`, `vendor_id`, `created_at`, `updated_at`) VALUES
(1, 'Chandigarh', 'Chandigarh', '(30.668978493824884, 76.7391148657785),(30.68905692299003, 76.65156756353241),(30.72890613652154, 76.63680468511444),(30.774638628029514, 76.70340929937225),(30.785552204652856, 76.76143084478241),(30.771983787038714, 76.82769213628632),(30.710902234275412, 76.85893450689179),(30.67370320562824, 76.81464587163788)', 12, 0x000000000103000000010000000900000089b4b02c42ab3e40642070a84d2f53401753d50866b03e4064207048b3295340b736b29799ba3e4064207068c1285340e69a95b74ec63e40642070a8042d5340e34804f319c93e4064207048bb3053409e5fbebaa0c53e40642070e8f8345340c1dd56b0fdb53e40642070c8f8365340376233d077ac3e40642070282334534089b4b02c42ab3e40642070a84d2f5340, 9, '2022-01-20 06:05:42', '2022-01-20 06:05:42'),
(2, 'Chandigarh', 'Chandigarh', '(30.812117121359247, 76.89180964080293),(30.636489846457085, 76.77516375493866),(30.64269306772906, 76.64710436773163),(30.720052178471278, 76.6072789282785),(30.777588365435857, 76.61963854741913),(30.79911870819222, 76.75078783941132),(30.812683297166313, 76.88949023198944)', 12, 0x000000000103000000010000000800000077c25ce8e6cf3e406460be6813395340edc4a2fff0a23e40642070489c31534021436b8887a43e40642070286a2953409cf2ed5655b83e40642070a8dd2653400f4cf70710c73e4064207028a8275340af4e2d0b93cc3e40642070e80c305340b35537030cd03e4064207068ed38534077c25ce8e6cf3e406460be6813395340, 8, '2022-01-20 06:07:38', '2022-01-20 06:07:38'),
(3, 'Chandigarh', 'Chandigarh', '(30.63737604527994, 76.733621701716),(30.68551397411924, 76.60933886480194),(30.753987934188128, 76.60418902349335),(30.79764418097594, 76.69276629400116),(30.76814888739895, 76.84588824224335),(30.707655271214815, 76.87232409429413),(30.66277695893702, 76.83284197759491)', 12, 0x00000000010300000001000000080000002dbb95132ba33e40642070a8f32e53400acb03d87daf3e4064207068ff265340a7ea6e5a05c13e4064207008ab265340e922b76832cc3e4064207048562c534058d6cd67a5c43e406420700823365340abb556e528b53e4064207028d4375340452d33c0aba93e40642070484d3553402dbb95132ba33e40642070a8f32e5340, 7, '2022-01-20 06:08:31', '2022-01-20 06:08:31'),
(4, 'Chandigarh', 'Chandigarh', '(30.642102301890283, 76.71233569097382),(30.70057060882304, 76.60556231450897),(30.767263888856018, 76.58805285405975),(30.807375642566186, 76.65946398687225),(30.826245971085125, 76.71954546880585),(30.781717845858328, 76.82803545904022),(30.71798613792437, 76.86614428472382),(30.681970895237065, 76.88125048589569),(30.653621584824435, 76.78031359624725)', 12, 0x000000000103000000010000000a0000001a4e03d160a43e40642070e8962d53400b6f6d9858b33e4064207088c1265340d309fe676bc43e40642070a8a2255340a4688c2bb0ce3e40642070a8342a53402b4320db84d33e40642070080d2e53403da926a91ec83e4064207088fe345340d45d85f0cdb73e40642070e86e375340f6dd03a595ae3e406420706866385340d8c782be53a73e40642070a8f03153401a4e03d160a43e40642070e8962d5340, 6, '2022-01-20 06:09:02', '2022-01-20 06:09:02'),
(5, 'Chandigarh', 'Chandigarh', '(30.643283829959337, 76.71851550054413),(30.684037707051157, 76.58839617681366),(30.759593560592673, 76.58049975347382),(30.79351538443672, 76.64092455816132),(30.79764418097594, 76.73259173345429),(30.78614209243756, 76.8046895117746),(30.715034574638988, 76.85172472905975),(30.697323298039475, 76.87850390386444),(30.64712369649679, 76.80915270757538)', 12, 0x000000000103000000010000000a00000092b8c33faea43e4064207028fc2d5340fb035d181daf3e4064207048a82553406bff3cb974c23e40642070e826255340510701d323cb3e40642070e804295340e922b76832cc3e40642070c8e22e53404107b19b40c93e4064207008803353406f9581810cb73e40642070a88236534083d197c783b23e4064207068393853409ceb08e6a9a53e4064207028c933534092b8c33faea43e4064207028fc2d5340, 5, '2022-01-20 06:09:46', '2022-01-20 06:09:46'),
(6, 'Chandigarh', 'Chandigarh', '(30.643579209721306, 76.71645556402069),(30.677246587836123, 76.59903918218475),(30.74277570234688, 76.60006915044647),(30.77404866969548, 76.63646136236054),(30.794105223370572, 76.700662717341),(30.79764418097594, 76.75456438970429),(30.774933605839976, 76.82322894048554),(30.73038171713506, 76.86133776616913),(30.691418816671007, 76.86854754400116),(30.65539366039496, 76.76967059087616)', 12, 0x000000000103000000010000000b00000077236a9bc1a43e4064207068da2d534070154a0860ad3e40642070a856265340e1d7658c26be3e406420708867265340b9dab90d28c63e40642070c8bb2853409af5db7a4acb3e40642070a8d72c5340e922b76832cc3e40642070c84a30534070a77d0c62c63e40642070c8af34534000b1d44bfaba3e406420702820375340e570d5d200b13e406420704896375340ef6601e1c7a73e40642070484231534077236a9bc1a43e4064207068da2d5340, 4, '2022-01-20 06:10:56', '2022-01-20 06:10:56'),
(7, 'Chandigarh', 'Chandigarh', '(30.64062537150658, 76.711649045466),(30.68344719390406, 76.59972582769257),(30.76637888217475, 76.59354601812225),(30.809439765308234, 76.68109332036835),(30.807375642566186, 76.75353442144257),(30.779948090241767, 76.82528887700897),(30.709131177064044, 76.87232409429413),(30.676951310950265, 76.86614428472382),(30.650963410563218, 76.78203021001679)', 12, 0x000000000103000000010000000a000000ce9b3b0600a43e40642070a88b2d5340645c3265f6ae3e40642070e8612653401c490b6831c43e40642070a8fc255340ae14c87137cf3e4064207008972b5340a4688c2bb0ce3e40642070e839305340822a94adaac73e4064207088d13453406610ee9e89b53e4064207028d437534006845dae4cad3e40642070e86e375340fb42bf89a5a63e40642070c80c325340ce9b3b0600a43e40642070a88b2d5340, 3, '2022-01-20 06:11:25', '2022-01-20 06:11:25'),
(8, 'Chandigarh', 'Chandigarh', '(30.63914841857076, 76.71645556402069),(30.6760654748765, 76.59114275884491),(30.74956220912831, 76.58427630376679),(30.79764418097594, 76.6344014258371),(30.8097346363658, 76.72400866460663),(30.805311475481833, 76.78649340581757),(30.72241331346061, 76.87026415777069),(30.66277695893702, 76.82563219976288),(30.63914841857076, 76.7391148657785)', 12, 0x000000000103000000010000000a000000310d133b9fa33e4064207068da2d53409d8c80a012ad3e4064207048d52553400b86164fe3bf3e40642070c864255340e922b76832cc3e40642070089a2853402ba1e5c44acf3e4064207028562e5340b94992e428ce3e40642070e85532534021823314f0b83e4064207068b2375340452d33c0aba93e4064207028d7345340310d133b9fa33e40642070a84d2f5340310d133b9fa33e4064207068da2d5340, 2, '2022-01-20 06:11:53', '2022-01-20 06:11:53'),
(9, 'Chandigarh', 'Chandigarh', '(30.62880911661524, 76.73224841070038),(30.68019930704446, 76.58564959478241),(30.75634823771683, 76.58873949956757),(30.79764418097594, 76.65259753179413),(30.794105223370572, 76.75628100347382),(30.756053202939935, 76.85275469732147),(30.695847211560512, 76.88502703618866),(30.64062537150658, 76.8046895117746)', 12, 0x0000000001030000000100000009000000034a5fa2f9a03e4064207028dd2e53409084b28a21ae3e40642070487b2553408a61c109a0c13e40642070e8ad255340e922b76832cc3e4064207028c42953409af5db7a4acb3e40642070e866305340bfa9e4b38cc13e4064207088933653404aaaf80a23b23e4064207048a4385340ce9b3b0600a43e406420700880335340034a5fa2f9a03e4064207028dd2e5340, 1, '2022-01-20 06:12:24', '2022-01-20 06:12:24');


