-- phpMyAdmin SQL Dump
-- version 5.1.0
-- https://www.phpmyadmin.net/
--
-- Host: 127.0.0.1
-- Generation Time: Oct 11, 2021 at 02:24 PM
-- Server version: 10.4.19-MariaDB
-- PHP Version: 7.4.19


-- --------------------------------------------------------

--
-- Dumping data for table `vendors`
--

Truncate `pages`;
Truncate `page_translations`;
Truncate `faq_translations`;

INSERT INTO `vendors` (`id`, `name`, `slug`, `desc`, `logo`, `banner`, `address`, `email`, `website`, `phone_no`, `latitude`, `longitude`, `order_min_amount`, `order_pre_time`, `auto_reject_time`, `commission_percent`, `commission_fixed_per_order`, `commission_monthly`, `dine_in`, `takeaway`, `delivery`, `status`, `add_category`, `setting`, `is_show_vendor_details`, `created_at`, `updated_at`, `show_slot`, `vendor_templete_id`, `auto_accept_order`, `service_fee_percent`, `slot_minutes`, `order_amount_for_delivery_fee`, `delivery_fee_minimum`, `delivery_fee_maximum`, `closed_store_order_scheduled`, `pincode`, `shiprocket_pickup_name`, `city`, `state`, `country`, `return_request`, `ahoy_location`, `max_safety`, `need_container_charges`) VALUES
(1, 'DeliveryZone', NULL, NULL, 'default/default_logo.png', 'default/default_image.png', 'Sheikh Zayed Road - Dubai - United Arab Emirates', NULL, NULL, NULL, '25.060924600000', '55.128979500000', '0.00', NULL, NULL, '1.00', '0.00', '0.00', 0, 1, 1, 2, 1, 0, 0, NULL, '2021-09-29 06:21:31', 1, NULL, 0, '0.00', NULL, '0', '0', '0', 0, NULL, NULL, NULL, NULL, NULL, 0, NULL, 0, 0),
(2, 'Monroe\'s Place', 'monroes-place', NULL, 'vendor/KOAH5nOsnSDa67G2IDaTEdrH1t9hUXzQIyBxwCc0.png', 'vendor/WfkV9NHzLe1EXsEMKGAtr4CFofcigG9IXoMKpaZE.png', 'Chandigarh, India', 'monroe\'splace@support.com', NULL, '9898858574', '30.733314800000', '76.779417900000', '0.00', NULL, NULL, '1.00', '0.00', '0.00', 1, 1, 1, 1, 1, 0, 0, '2021-09-29 06:21:23', '2022-02-17 10:40:44', 1, 5, 0, '0.00', NULL, '0', '0', '0', 0, NULL, NULL, NULL, NULL, NULL, 0, NULL, 0, 0),
(3, 'Mom\'s kitchen', 'moms-kitchen', NULL, 'vendor/hzaQlBl0Pv9pBupftoGpoUHy30NxUBGFqFdE9PY7.jpg', 'vendor/eYyG7vb0AQvDKNSczLCZPSoRWZAF4Qbgk6N2tl1t.jpg', 'Chandigarh, India', 'momskitchen@support.com', NULL, '9874569874', '30.733314800000', '76.779417900000', '0.00', '0', '', '1.00', '0.00', '0.00', 1, 1, 1, 1, 1, 0, 0, '2021-09-29 06:22:38', '2022-02-17 11:52:52', 1, 5, 1, '0.00', 0, '0', '0', '0', 0, NULL, NULL, NULL, NULL, NULL, 0, NULL, 0, 0),
(4, 'A Taste of Heaven Diner', 'a-taste-of-heaven-diner', NULL, 'vendor/FLoVsSFDCC5ospcgKipCOhyMSQZF5YDvdrY06bSZ.png', 'vendor/NNkXBIUW3ovgMEuwQ1DGpzi5I9LmPxCmllgootN6.jpg', 'Chandigarh, India', 'atasteofHeavendiner@support.com', NULL, '9865324123', '30.733314800000', '76.779417900000', '0.00', NULL, NULL, '1.00', '0.00', '0.00', 1, 1, 1, 1, 1, 0, 0, '2021-09-29 06:23:37', '2021-11-15 07:42:52', 1, 5, 0, '0.00', NULL, '0', '0', '0', 0, NULL, NULL, NULL, NULL, NULL, 0, NULL, 0, 0),
(5, 'Dine Right Diner', 'dine-right-diner', NULL, 'vendor/t1N2hJHTuofauLyt0uapMPXdsof7Mcqc0SlqmgKR.jpg', 'vendor/BQqeiZHsNfRNSHvSqjzPwZrgMTIE6ErQqAqMtaQb.jpg', 'Chandigarh, India', 'spreadlove@support.com', NULL, '9856324178', '30.733314800000', '76.779417900000', '0.00', NULL, NULL, '1.00', '0.00', '0.00', 1, 1, 1, 1, 1, 0, 0, '2021-09-29 06:24:20', '2021-11-15 07:42:36', 1, 5, 0, '0.00', NULL, '0', '0', '0', 0, NULL, NULL, NULL, NULL, NULL, 0, NULL, 0, 0),
(6, 'The Golden Spoon', 'the-golden-spoon', NULL, 'vendor/rR8QzsKEsuBh0h5FUWY87PsLRoIhdNJfaSXWe3GB.jpg', 'vendor/Orlwqh4ccbgr8QO5uFioIiB50t6v2D1lqkJTATuh.jpg', 'Chandigarh, India', 'season52@support.com', NULL, '9856324178', '30.733314800000', '76.779417900000', '0.00', '20', '5', '1.00', '0.00', '0.00', 1, 1, 1, 1, 1, 0, 0, '2021-09-29 06:25:01', '2022-02-21 12:10:54', 0, 5, 0, '0.00', 0, '0', '0', '0', 0, NULL, NULL, NULL, NULL, NULL, 0, NULL, 0, 0),
(7, 'Downtown Kitchen', 'downtown-kitchen', 'Downtown Kitchen', 'vendor/MevKE9hpmNw2oqMsmVpze7GuNl7Pho3aM5JdWIgM.jpg', 'vendor/NjHFpIfxOYQssAkUiYwmGCibw7q8fwvPiAmcBtUu.jpg', 'Sector 26, Chandigarh, India', 'DowntownKitchen@gmail.com', 'www.downtown.com', NULL, '30.729958600000', '76.810103800000', '0.00', NULL, NULL, '1.00', '0.00', '0.00', 1, 1, 1, 2, 1, 0, 0, '2021-10-05 08:11:39', '2021-10-05 08:12:40', 1, NULL, 0, '0.00', NULL, '0', '0', '0', 0, NULL, NULL, NULL, NULL, NULL, 0, NULL, 0, 0);

--
-- Dumping data for table `addon_sets`
--

INSERT INTO `addon_sets` (`id`, `title`, `min_select`, `max_select`, `position`, `status`, `is_core`, `vendor_id`, `created_at`, `updated_at`) VALUES
(1, 'Small Parcels', 1, 1, 1, 1, 1, NULL, NULL, NULL),
(2, 'Dim Sums', 1, 1, 1, 1, 1, 6, '2021-10-08 06:11:39', '2021-10-08 06:11:39'),
(3, 'Chocolate mousse', 1, 1, 1, 1, 1, 6, '2021-10-08 06:12:31', '2021-10-08 06:12:31'),
(4, 'Chicken with Chestnuts', 1, 1, 1, 1, 1, 6, '2021-10-08 06:16:19', '2021-10-08 06:16:19'),
(5, 'Spring Rolls', 1, 1, 1, 1, 1, 6, '2021-10-08 06:16:52', '2021-10-08 06:16:52'),
(6, 'Hot&CrispyChicken', 1, 1, 1, 1, 1, 6, '2021-10-08 06:18:43', '2021-10-08 06:18:43'),
(7, 'Fajitas', 1, 1, 1, 1, 1, 6, '2021-10-08 06:19:13', '2021-10-08 06:19:13'),
(8, 'Twinkies', 1, 1, 1, 1, 1, 6, '2021-10-08 06:19:40', '2021-10-08 06:19:40'),
(9, 'Hot choclate', 1, 1, 1, 1, 1, 5, '2021-10-08 06:20:00', '2021-10-08 06:20:00'),
(10, 'Pot roast', 1, 1, 1, 1, 1, 6, '2021-10-08 06:20:24', '2021-10-08 06:20:24'),
(11, 'Salad', 1, 1, 1, 1, 1, 6, '2021-10-08 06:21:08', '2022-02-18 06:31:37'),
(12, 'Lemonade', 1, 1, 1, 1, 1, 5, '2021-10-08 06:21:18', '2021-10-08 06:21:18'),
(13, 'Cobb salad', 1, 1, 1, 1, 1, 6, '2021-10-08 06:21:34', '2021-10-08 06:21:34'),
(14, 'Iced tea', 1, 1, 1, 1, 1, 5, '2021-10-08 06:21:53', '2021-10-08 06:21:53'),
(15, 'Dumplings', 1, 1, 1, 1, 1, 6, '2021-10-08 06:22:02', '2021-10-08 06:22:02'),
(16, 'Smoothie', 1, 1, 1, 1, 1, 5, '2021-10-08 06:22:24', '2021-10-08 06:22:24'),
(17, 'Chow Mein', 1, 1, 1, 1, 1, 6, '2021-10-08 06:22:42', '2021-10-08 06:22:42'),
(18, 'French onion Soup', 1, 1, 1, 1, 1, 5, '2021-10-08 06:23:01', '2021-10-08 06:24:25'),
(19, 'Barbecue Ribs', 1, 1, 1, 1, 1, 6, '2021-10-08 06:23:15', '2021-10-08 06:23:15'),
(20, 'Chicken confit', 1, 1, 1, 1, 1, 5, '2021-10-08 06:23:43', '2021-10-08 06:23:43'),
(21, 'Prawn Pie', 1, 1, 1, 1, 1, 2, '2021-10-08 06:23:58', '2021-10-08 06:23:58'),
(22, 'Poached Pear Salad', 1, 1, 1, 1, 1, 2, '2021-10-08 06:24:22', '2021-10-08 06:24:22'),
(23, 'Crispy Calamari Rings', 1, 1, 1, 1, 1, 2, '2021-10-08 06:24:48', '2021-10-08 06:24:48'),
(24, 'Salmon en papillote', 1, 1, 1, 1, 1, 5, '2021-10-08 06:25:06', '2021-10-08 06:25:06'),
(25, 'Sweet Potato Pie', 1, 1, 1, 1, 1, 2, '2021-10-08 06:25:24', '2021-10-08 06:25:24'),
(26, 'Tempura', 1, 1, 1, 1, 1, 2, '2021-10-08 06:25:56', '2021-10-08 06:25:56'),
(27, 'Quiche Lorraine', 1, 1, 1, 1, 1, 5, '2021-10-08 06:26:04', '2021-10-08 06:26:04'),
(28, 'Sushi', 1, 1, 1, 1, 1, 2, '2021-10-08 06:26:19', '2021-10-08 06:26:19'),
(29, 'Flamiche', 1, 1, 1, 1, 1, 5, '2021-10-08 06:26:39', '2021-10-08 06:26:39'),
(30, 'Miso Soup', 1, 1, 1, 1, 1, 2, '2021-10-08 06:26:41', '2021-10-08 06:26:41'),
(31, 'Unagi', 1, 1, 1, 1, 1, 2, '2021-10-08 06:27:07', '2021-10-08 06:27:07'),
(32, 'Choclate souffle', 1, 1, 1, 1, 1, 5, '2021-10-08 06:27:14', '2021-10-08 06:27:14'),
(33, 'Yakitori', 1, 1, 1, 1, 1, 2, '2021-10-08 06:27:30', '2021-10-08 06:27:30'),
(34, 'Beer', 1, 1, 1, 1, 1, 5, '2021-10-08 06:27:49', '2021-10-08 06:27:49'),
(35, 'Apple Sausage Plait', 1, 1, 1, 1, 1, 2, '2021-10-08 06:28:07', '2021-10-08 06:28:07'),
(36, 'Wine', 1, 1, 1, 1, 1, 5, '2021-10-08 06:28:12', '2021-10-08 06:28:12'),
(37, 'Peppered Pasta Salad', 1, 1, 1, 1, 1, 2, '2021-10-08 06:28:32', '2021-10-08 06:28:32'),
(38, 'Margherita price', 1, 1, 1, 1, 1, 4, '2021-10-08 06:30:08', '2021-10-08 06:30:08'),
(39, 'Almond and date cake', 1, 1, 1, 1, 1, 3, '2021-10-08 06:30:24', '2021-10-08 06:30:24'),
(40, 'Almond and date cake', 1, 1, 1, 1, 1, 3, '2021-10-08 06:30:27', '2021-10-08 06:30:27'),
(41, 'Mushroom Risotto', 1, 1, 1, 1, 1, 4, '2021-10-08 06:30:48', '2021-10-08 06:30:48'),
(42, 'Focaccia Bred', 1, 1, 1, 1, 1, 4, '2021-10-08 06:32:49', '2021-10-08 06:32:49'),
(43, 'Bruschetta', 1, 1, 1, 1, 1, 4, '2021-10-08 06:33:13', '2021-10-08 06:33:13'),
(44, 'Burger', 1, 1, 1, 1, 1, 4, '2021-10-08 06:34:11', '2021-10-08 06:34:11'),
(45, 'French fries', 1, 1, 1, 1, 1, 4, '2021-10-08 06:34:54', '2021-10-08 06:34:54'),
(46, 'choclate mouse', 1, 1, 1, 1, 1, 3, '2021-10-08 06:36:20', '2021-10-08 06:36:20'),
(47, 'Roasted strawberry crumble', 1, 1, 1, 1, 1, 3, '2021-10-08 06:37:00', '2021-10-08 06:37:00'),
(48, 'Apple cinnamon custard cake', 1, 1, 1, 1, 1, 3, '2021-10-08 06:37:50', '2021-10-08 06:37:50'),
(49, 'Small Cake and pastries', 1, 1, 1, 1, 1, 3, '2021-10-08 06:38:32', '2021-10-08 06:38:32'),
(50, 'almond cookie', 1, 1, 1, 1, 1, 3, '2021-10-08 06:39:02', '2021-10-08 06:39:02'),
(51, 'onigiri', 1, 1, 1, 1, 1, 2, '2021-10-08 06:42:55', '2021-10-08 06:42:55');



--
-- Dumping data for table `categories`
--

INSERT INTO `categories` (`id`, `icon`, `slug`, `type_id`, `image`, `is_visible`, `status`, `position`, `is_core`, `can_add_products`, `parent_id`, `vendor_id`, `client_code`, `display_mode`, `warning_page_id`, `template_type_id`, `warning_page_design`, `created_at`, `updated_at`, `deleted_at`, `show_wishlist`) VALUES
(1, NULL, 'Root', 3, NULL, 0, 1, 1, 1, 0, NULL, NULL, NULL, '1', NULL, NULL, NULL, NULL, NULL, NULL, 1),
(2, NULL, 'Delivery', 6, NULL, 0, 1, 1, 1, 0, 1, NULL, NULL, NULL, NULL, NULL, '0', NULL, '2021-10-01 14:38:40', '2021-10-01 14:38:40', 1),
(3, NULL, 'Restaurant', 6, NULL, 0, 1, 1, 1, 0, 1, NULL, NULL, NULL, NULL, NULL, '0', NULL, '2021-10-01 14:38:43', '2021-10-01 14:38:43', 1),
(4, NULL, 'Supermarket', 6, NULL, 0, 1, 1, 1, 0, 1, NULL, NULL, NULL, NULL, NULL, '0', NULL, '2021-10-01 14:38:29', '2021-10-01 14:38:29', 1),
(5, NULL, 'Pharmacy', 1, NULL, 0, 1, 1, 1, 1, 1, NULL, NULL, NULL, NULL, NULL, '0', NULL, '2021-10-01 14:38:47', '2021-10-01 14:38:47', 1),
(6, NULL, 'Send something', 1, NULL, 1, 1, 1, 1, 1, 2, NULL, NULL, '1', NULL, NULL, NULL, NULL, '2021-10-01 14:38:40', '2021-10-01 14:38:40', 1),
(7, NULL, 'Buy something', 1, NULL, 1, 1, 1, 1, 1, 2, NULL, NULL, '1', NULL, NULL, NULL, NULL, '2021-10-01 14:38:40', '2021-10-01 14:38:40', 1),
(8, NULL, 'Vegetables', 1, NULL, 1, 1, 1, 1, 1, 4, NULL, NULL, '1', NULL, NULL, NULL, NULL, '2021-10-01 14:38:29', '2021-10-01 14:38:29', 1),
(9, NULL, 'Fruits', 1, NULL, 1, 1, 1, 1, 1, 4, NULL, NULL, '1', NULL, NULL, NULL, NULL, '2021-10-01 14:38:29', '2021-10-01 14:38:29', 1),
(10, NULL, 'Dairy and Eggs', 1, NULL, 1, 1, 1, 1, 1, 4, NULL, NULL, '1', NULL, NULL, NULL, NULL, '2021-10-01 14:38:29', '2021-10-01 14:38:29', 1),
(11, NULL, 'E-Commerce', 6, NULL, 0, 1, 1, 1, 0, 1, NULL, NULL, NULL, NULL, NULL, '0', NULL, '2021-10-01 14:38:51', '2021-10-01 14:38:51', 1),
(12, NULL, 'Cloth', 1, NULL, 0, 1, 1, 1, 1, 1, NULL, NULL, NULL, NULL, NULL, '0', NULL, '2021-10-01 14:38:55', '2021-10-01 14:38:55', 1),
(13, NULL, 'Dispatcher', 1, NULL, 0, 1, 1, 1, 1, 1, NULL, NULL, NULL, NULL, NULL, '0', NULL, '2021-10-01 14:38:58', '2021-10-01 14:38:58', 1),
(14, '2f3120/category/icon/UY1kszxwHbpPA0xTa7SdyOk6eUoydLdjJVf55IO7.png', 'continental', 3, 'category/image/MNvUuHJyCdmEybuo9Fvq8czcWJ5O03jdp4CAbHHw.jpg', 1, 1, 1, 1, 1, 1, NULL, NULL, NULL, NULL, NULL, '0', '2021-09-29 06:34:00', '2022-02-14 06:35:08', NULL, 1),
(15, '2f3120/category/icon/3zmeW1Mcf7hj3D859wXZfwclJAgpKOfOyCLXSEYI.png', 'beverages', 3, 'category/image/QYXlCzJ1sCM27JhampMGhHNkVfHYLNRqYUO3wQd2.jpg', 1, 1, 1, 1, 1, 1, NULL, NULL, NULL, NULL, NULL, '0', '2021-09-29 06:34:36', '2022-02-14 06:35:20', NULL, 1),
(16, '2f3120/category/icon/GYj8kMdU6SFxE4v1XgSq0y4quXJeMmrFvp2Gd6Bw.png', 'italian', 3, 'category/image/r3ewtSj23SmLMyQvdkEQpMkRLCgsNFnjZmlcbqeD.jpg', 1, 1, 1, 1, 1, 1, NULL, NULL, NULL, NULL, NULL, '0', '2021-09-29 06:35:17', '2022-02-14 06:35:32', NULL, 1),
(17, '2f3120/category/icon/icbI8AU8yCa24yS2rXpOUrmNtzJAA45BUZ39HIWO.png', 'desserts', 3, 'category/image/USUijvnkV8Qn3cWdQTZxdZFBZjwbEjX2Ovcpdf65.jpg', 1, 1, 1, 1, 1, 1, NULL, NULL, NULL, NULL, NULL, '0', '2021-09-29 06:35:37', '2022-02-14 06:35:54', NULL, 1),
(18, '2f3120/category/icon/4XwDacmDIAWnuDGUgEUxPhdT5FO9YQWQVDviWski.png', 'chinese', 3, 'category/image/gMm76w5BybxW7bq61v5t6GiAHUhTRd1cYu5Oz7NP.jpg', 1, 1, 1, 1, 1, 1, NULL, NULL, NULL, NULL, NULL, '0', '2021-09-29 06:36:28', '2022-02-14 06:36:06', NULL, 1),
(19, '2f3120/category/icon/CLFEe1q4ZsG3yBT4CwoQTRvGfkSAt0UxenZHZs4u.png', 'japanese', 3, 'category/image/Yjean6ZH57E4210jk2efISa4tssmiTfRKw9qTOJg.jpg', 1, 1, 1, 1, 1, 1, NULL, NULL, NULL, NULL, NULL, '0', '2021-10-08 04:50:56', '2022-02-14 06:36:17', NULL, 1),
(20, '2f3120/category/icon/9jnrhDoHE1zUDebkoLSee6Q9fLV3dwJzXuZSMw76.png', 'american', 3, 'category/image/UEZXOzUhb7vLDu9IurtPOzmZaY0p9iHCSA2CEtYk.jpg', 1, 1, 1, 1, 1, 1, NULL, NULL, NULL, NULL, NULL, '0', '2021-10-08 04:52:43', '2022-02-14 06:36:30', NULL, 1),
(21, '2f3120/category/icon/7E9qZCmBQKaKaBFEKoIeADtkwdjgZknUalSsZZCm.png', 'french', 3, 'category/image/7YF9lTm54IonJQsq4ueQk5jkBKpGAvn4eMv9PYQh.jpg', 1, 1, 1, 1, 1, 1, NULL, NULL, NULL, NULL, NULL, '0', '2021-10-08 04:53:22', '2022-02-14 06:36:44', NULL, 1),
(22, NULL, 'italianx', 3, NULL, 1, 1, 1, 1, 1, 1, NULL, '2f3120', NULL, NULL, NULL, '0', '2022-02-17 11:25:03', '2022-02-17 13:13:40', '2022-02-17 13:13:40', 1);

--
-- Dumping data for table `addon_options`
--

INSERT INTO `addon_options` (`id`, `title`, `addon_id`, `position`, `price`, `created_at`, `updated_at`) VALUES
(1, 'Small parcel', 1, 1, '100.00000000', NULL, NULL),
(2, 'Half', 2, 1, '8.00000000', '2021-10-08 06:11:39', '2021-10-08 06:11:39'),
(3, 'Half', 3, 1, '7.00000000', '2021-10-08 06:12:31', '2021-10-08 06:12:31'),
(4, 'Full', 2, 1, '15.00000000', '2021-10-08 06:13:02', '2021-10-08 06:13:02'),
(5, 'Cheese filled', 2, 1, '20.00000000', '2021-10-08 06:13:04', '2021-10-08 06:48:06'),
(6, 'non-veg', 2, 1, '15.00000000', '2021-10-08 06:13:08', '2021-10-08 06:50:00'),
(7, 'Full', 3, 1, '16.00000000', '2021-10-08 06:15:27', '2021-10-08 06:15:27'),
(8, 'Half', 4, 1, '9.00000000', '2021-10-08 06:16:19', '2021-10-08 06:16:19'),
(9, 'Full', 4, 2, '8.00000000', '2021-10-08 06:16:19', '2021-10-08 06:16:19'),
(10, 'Half', 5, 1, '7.00000000', '2021-10-08 06:16:52', '2021-10-08 06:16:52'),
(11, 'Full', 5, 2, '16.00000000', '2021-10-08 06:16:52', '2021-10-08 06:16:52'),
(12, 'Half', 6, 1, '8.00000000', '2021-10-08 06:18:43', '2021-10-08 06:18:43'),
(13, 'Full', 6, 2, '17.00000000', '2021-10-08 06:18:43', '2021-10-08 06:18:43'),
(14, 'Half', 7, 1, '7.00000000', '2021-10-08 06:19:13', '2021-10-08 06:19:13'),
(15, 'Full', 7, 2, '14.00000000', '2021-10-08 06:19:13', '2021-10-08 06:19:13'),
(16, 'Half', 8, 1, '10.00000000', '2021-10-08 06:19:40', '2021-10-08 06:19:40'),
(17, 'Full', 8, 2, '18.00000000', '2021-10-08 06:19:40', '2021-10-08 06:19:40'),
(18, 'half', 9, 1, '10.00000000', '2021-10-08 06:20:00', '2021-10-08 06:20:00'),
(19, 'full', 9, 2, '20.00000000', '2021-10-08 06:20:00', '2021-10-08 06:20:00'),
(20, 'Half', 10, 1, '9.00000000', '2021-10-08 06:20:24', '2021-10-08 06:20:24'),
(21, 'Full', 10, 2, '16.00000000', '2021-10-08 06:20:24', '2021-10-08 06:20:24'),
(22, 'Half', 11, 1, '9.00000000', '2021-10-08 06:21:08', '2021-10-08 06:21:08'),
(23, 'Half', 11, 2, '19.00000000', '2021-10-08 06:21:08', '2021-10-08 06:21:08'),
(24, 'Half', 12, 1, '10.00000000', '2021-10-08 06:21:18', '2021-10-08 06:21:18'),
(25, 'Full', 12, 2, '20.00000000', '2021-10-08 06:21:18', '2021-10-08 06:21:18'),
(26, 'Half', 13, 1, '10.00000000', '2021-10-08 06:21:34', '2021-10-08 06:21:34'),
(27, 'Full', 13, 2, '18.00000000', '2021-10-08 06:21:34', '2021-10-08 06:21:34'),
(28, 'Half', 14, 1, '10.00000000', '2021-10-08 06:21:53', '2021-10-08 06:21:53'),
(29, 'Full', 14, 2, '20.00000000', '2021-10-08 06:21:53', '2021-10-08 06:21:53'),
(30, 'Half', 15, 1, '6.00000000', '2021-10-08 06:22:02', '2021-10-08 06:22:02'),
(31, 'Full', 15, 2, '15.00000000', '2021-10-08 06:22:02', '2021-10-08 06:22:02'),
(32, 'Half', 16, 1, '7.00000000', '2021-10-08 06:22:24', '2021-10-08 06:22:24'),
(33, 'Full', 16, 2, '14.00000000', '2021-10-08 06:22:24', '2021-10-08 06:22:24'),
(34, 'Half', 17, 1, '8.00000000', '2021-10-08 06:22:42', '2021-10-08 06:22:42'),
(35, 'Full', 17, 2, '16.00000000', '2021-10-08 06:22:42', '2021-10-08 06:22:42'),
(36, 'Half', 18, 1, '7.00000000', '2021-10-08 06:23:01', '2021-10-08 06:23:01'),
(37, 'Full', 18, 2, '14.00000000', '2021-10-08 06:23:01', '2021-10-08 06:23:01'),
(38, 'Half', 19, 1, '8.00000000', '2021-10-08 06:23:15', '2021-10-08 06:23:15'),
(39, 'Full', 19, 2, '18.00000000', '2021-10-08 06:23:15', '2021-10-08 06:23:15'),
(40, 'Half', 20, 1, '5.00000000', '2021-10-08 06:23:43', '2021-10-08 06:23:43'),
(41, 'Full', 20, 2, '10.00000000', '2021-10-08 06:23:43', '2021-10-08 06:23:43'),
(42, 'Half', 21, 1, '6.00000000', '2021-10-08 06:23:58', '2021-10-08 06:23:58'),
(43, 'Full', 21, 2, '14.00000000', '2021-10-08 06:23:58', '2021-10-08 06:23:58'),
(44, 'Half', 22, 1, '8.00000000', '2021-10-08 06:24:22', '2021-10-08 06:24:22'),
(45, 'Full', 22, 2, '17.00000000', '2021-10-08 06:24:22', '2021-10-08 06:24:22'),
(46, 'Half', 23, 1, '8.00000000', '2021-10-08 06:24:48', '2021-10-08 06:24:48'),
(47, 'Full', 23, 2, '17.00000000', '2021-10-08 06:24:48', '2021-10-08 06:24:48'),
(48, 'Half', 24, 1, '8.00000000', '2021-10-08 06:25:06', '2021-10-08 06:25:06'),
(49, 'Full', 24, 2, '16.00000000', '2021-10-08 06:25:06', '2021-10-08 06:25:06'),
(50, 'Half', 25, 1, '9.00000000', '2021-10-08 06:25:24', '2021-10-08 06:25:24'),
(51, 'Full', 25, 2, '17.00000000', '2021-10-08 06:25:24', '2021-10-08 06:25:24'),
(52, 'Half', 26, 1, '5.00000000', '2021-10-08 06:25:56', '2021-10-08 06:25:56'),
(53, 'Full', 26, 2, '10.00000000', '2021-10-08 06:25:56', '2021-10-08 06:25:56'),
(54, 'Half', 27, 1, '7.00000000', '2021-10-08 06:26:04', '2021-10-08 06:26:04'),
(55, 'Full', 27, 2, '14.00000000', '2021-10-08 06:26:04', '2021-10-08 06:26:04'),
(56, 'Half', 28, 1, '8.00000000', '2021-10-08 06:26:19', '2021-10-08 06:26:19'),
(57, 'Full', 28, 2, '15.00000000', '2021-10-08 06:26:19', '2021-10-08 06:26:19'),
(58, 'Half', 29, 1, '10.00000000', '2021-10-08 06:26:39', '2021-10-08 06:26:39'),
(59, 'Full', 29, 2, '20.00000000', '2021-10-08 06:26:39', '2021-10-08 06:26:39'),
(60, 'Half', 30, 1, '9.00000000', '2021-10-08 06:26:41', '2021-10-08 06:26:41'),
(61, 'Full', 30, 2, '18.00000000', '2021-10-08 06:26:41', '2021-10-08 06:26:41'),
(62, 'Half', 31, 1, '8.00000000', '2021-10-08 06:27:07', '2021-10-08 06:27:07'),
(63, 'Full', 31, 2, '17.00000000', '2021-10-08 06:27:07', '2021-10-08 06:27:07'),
(64, 'Half', 32, 1, '7.00000000', '2021-10-08 06:27:14', '2021-10-08 06:27:14'),
(65, 'Full', 32, 2, '14.00000000', '2021-10-08 06:27:14', '2021-10-08 06:27:14'),
(66, 'Half', 33, 1, '12.00000000', '2021-10-08 06:27:30', '2021-10-08 06:27:30'),
(67, 'Full', 33, 2, '20.00000000', '2021-10-08 06:27:30', '2021-10-08 06:27:30'),
(68, 'Half', 34, 1, '5.00000000', '2021-10-08 06:27:49', '2021-10-08 06:27:49'),
(69, 'Full', 34, 2, '10.00000000', '2021-10-08 06:27:49', '2021-10-08 06:27:49'),
(70, 'Half', 35, 1, '8.00000000', '2021-10-08 06:28:07', '2021-10-08 06:28:07'),
(71, 'Full', 35, 2, '15.00000000', '2021-10-08 06:28:07', '2021-10-08 06:28:07'),
(72, 'Half', 36, 1, '7.00000000', '2021-10-08 06:28:12', '2021-10-08 06:28:12'),
(73, 'Full', 36, 2, '14.00000000', '2021-10-08 06:28:12', '2021-10-08 06:28:12'),
(74, 'Half', 37, 1, '6.00000000', '2021-10-08 06:28:32', '2021-10-08 06:28:32'),
(75, 'Full', 37, 2, '14.00000000', '2021-10-08 06:28:32', '2021-10-08 06:28:32'),
(76, 'Half', 38, 1, '7.00000000', '2021-10-08 06:30:08', '2021-10-08 06:30:08'),
(77, 'Full', 38, 2, '14.00000000', '2021-10-08 06:30:08', '2021-10-08 06:30:08'),
(78, 'Half', 39, 1, '10.00000000', '2021-10-08 06:30:24', '2021-10-08 06:30:24'),
(79, 'Full', 39, 2, '18.00000000', '2021-10-08 06:30:24', '2021-10-08 06:30:24'),
(80, 'Half', 40, 1, '10.00000000', '2021-10-08 06:30:27', '2021-10-08 06:30:27'),
(81, 'Full', 40, 2, '18.00000000', '2021-10-08 06:30:27', '2021-10-08 06:30:27'),
(82, 'Half', 41, 1, '10.00000000', '2021-10-08 06:30:48', '2021-10-08 06:30:48'),
(83, 'Full', 41, 2, '20.00000000', '2021-10-08 06:30:48', '2021-10-08 06:30:48'),
(84, 'Half', 42, 1, '7.00000000', '2021-10-08 06:32:49', '2021-10-08 06:32:49'),
(85, 'Full', 42, 2, '14.00000000', '2021-10-08 06:32:49', '2021-10-08 06:32:49'),
(86, 'Half', 43, 1, '10.00000000', '2021-10-08 06:33:13', '2021-10-08 06:33:13'),
(87, 'Full', 43, 2, '20.00000000', '2021-10-08 06:33:13', '2021-10-08 06:33:13'),
(88, 'Single Tikki Burger', 44, 1, '7.00000000', '2021-10-08 06:34:11', '2021-10-08 06:34:11'),
(89, 'Double Tikki Burger', 44, 2, '14.00000000', '2021-10-08 06:34:11', '2021-10-08 06:34:11'),
(90, 'Half', 45, 1, '10.00000000', '2021-10-08 06:34:54', '2021-10-08 06:34:54'),
(91, 'Full', 45, 2, '20.00000000', '2021-10-08 06:34:54', '2021-10-08 06:34:54'),
(92, 'Half', 46, 1, '8.00000000', '2021-10-08 06:36:20', '2021-10-08 06:36:20'),
(93, 'Full', 46, 2, '16.00000000', '2021-10-08 06:36:20', '2021-10-08 06:36:20'),
(94, 'Half', 47, 1, '10.00000000', '2021-10-08 06:37:00', '2021-10-08 06:37:00'),
(95, 'Full', 47, 2, '20.00000000', '2021-10-08 06:37:00', '2021-10-08 06:37:00'),
(96, 'Half', 48, 1, '7.00000000', '2021-10-08 06:37:50', '2021-10-08 06:37:50'),
(97, 'Full', 48, 2, '14.00000000', '2021-10-08 06:37:50', '2021-10-08 06:37:50'),
(98, 'Half', 49, 1, '8.00000000', '2021-10-08 06:38:32', '2021-10-08 06:38:32'),
(99, 'Full', 49, 2, '16.00000000', '2021-10-08 06:38:32', '2021-10-08 06:38:32'),
(100, 'Half', 50, 1, '7.00000000', '2021-10-08 06:39:02', '2021-10-08 06:39:02'),
(101, 'Full', 50, 2, '14.00000000', '2021-10-08 06:39:02', '2021-10-08 06:39:02'),
(102, 'Half', 51, 1, '7.00000000', '2021-10-08 06:42:55', '2021-10-08 06:42:55'),
(103, 'Full', 51, 2, '14.00000000', '2021-10-08 06:42:55', '2021-10-08 06:42:55'),
(104, 'Extra choclate', 3, 1, '17.00000000', '2021-10-08 06:50:31', '2021-10-08 06:50:31'),
(105, 'Extra cheesy', 4, 1, '10.00000000', '2021-10-08 06:51:26', '2021-10-08 06:51:26'),
(106, 'Cheesy', 6, 1, '20.00000000', '2021-10-08 06:52:28', '2021-10-08 06:52:28'),
(107, 'Cheese stuffed', 5, 1, '18.00000000', '2021-10-08 06:53:00', '2021-10-08 06:53:00'),
(108, 'Extra Cheese stuffed', 5, 1, '18.00000000', '2021-10-08 06:53:04', '2021-10-08 06:53:30'),
(109, 'With extra Cheese', 38, 1, '15.00000000', '2021-10-08 06:53:28', '2021-10-08 06:53:28'),
(110, 'Without Cheese', 38, 1, '10.00000000', '2021-10-08 06:53:28', '2021-10-08 06:53:28'),
(111, 'Cheese stuffed', 7, 1, '15.00000000', '2021-10-08 06:53:51', '2021-10-08 06:53:51'),
(112, 'With extra Cheese', 41, 1, '20.00000000', '2021-10-08 06:54:13', '2021-10-08 06:54:13'),
(113, 'Without Cheese', 41, 1, '15.00000000', '2021-10-08 06:54:13', '2021-10-08 06:54:13'),
(114, 'Extra Cheese stuffed', 8, 1, '20.00000000', '2021-10-08 06:54:17', '2021-10-08 06:54:17'),
(115, 'With extra Cheese', 42, 1, '22.00000000', '2021-10-08 06:54:32', '2021-10-08 06:54:32'),
(116, 'Without Cheese', 42, 1, '18.00000000', '2021-10-08 06:54:32', '2021-10-08 06:54:32'),
(117, 'With extra Cheese', 43, 1, '20.00000000', '2021-10-08 06:54:50', '2021-10-08 06:54:50'),
(118, 'Without Cheese', 43, 1, '15.00000000', '2021-10-08 06:54:50', '2021-10-08 06:54:50'),
(119, 'With extra Cheese', 44, 1, '22.00000000', '2021-10-08 06:55:08', '2021-10-08 06:55:08'),
(120, 'Without Cheese', 44, 1, '18.00000000', '2021-10-08 06:55:08', '2021-10-08 06:55:08'),
(121, 'Extra Spicy', 10, 1, '18.00000000', '2021-10-08 06:55:17', '2021-10-08 06:55:17'),
(122, 'With extra Cheese', 45, 1, '18.00000000', '2021-10-08 06:55:58', '2021-10-08 06:55:58'),
(123, 'Without Cheese', 45, 1, '14.00000000', '2021-10-08 06:55:58', '2021-10-08 06:55:58'),
(124, 'Extra Spicy', 11, 1, '20.00000000', '2021-10-08 06:56:38', '2021-10-08 06:56:38'),
(125, 'vegetables stuffed', 13, 1, '20.00000000', '2021-10-08 06:57:01', '2021-10-08 06:57:18'),
(126, 'Extra Spicy', 15, 1, '17.00000000', '2021-10-08 06:57:30', '2021-10-08 06:57:30'),
(127, 'Extra Spicy', 17, 1, '17.00000000', '2021-10-08 06:58:18', '2021-10-08 06:58:18'),
(128, 'With extra Sugar', 39, 1, '20.00000000', '2021-10-08 06:58:29', '2021-10-08 06:58:29'),
(129, 'Without Sugar', 39, 1, '15.00000000', '2021-10-08 06:58:29', '2021-10-08 06:58:29'),
(130, 'Cheese stuffed', 19, 1, '19.00000000', '2021-10-08 06:58:32', '2021-10-08 06:58:44'),
(131, 'With extra Sugar', 40, 1, '20.00000000', '2021-10-08 06:59:01', '2021-10-08 06:59:01'),
(132, 'Without Sugar', 40, 1, '14.00000000', '2021-10-08 06:59:01', '2021-10-08 06:59:01'),
(133, 'With extra Sugar', 46, 1, '22.00000000', '2021-10-08 06:59:25', '2021-10-08 06:59:25'),
(134, 'Without Sugar', 46, 1, '15.00000000', '2021-10-08 06:59:25', '2021-10-08 06:59:25'),
(135, 'Spicy', 21, 1, '15.00000000', '2021-10-08 06:59:35', '2021-10-08 06:59:35'),
(136, 'With extra Sugar', 47, 1, '22.00000000', '2021-10-08 06:59:54', '2021-10-08 06:59:54'),
(137, 'Without Sugar', 47, 1, '16.00000000', '2021-10-08 06:59:54', '2021-10-08 06:59:54'),
(138, 'Extra toppings', 22, 1, '20.00000000', '2021-10-08 07:00:12', '2021-10-08 07:00:56'),
(139, 'With extra Sugar', 48, 1, '24.00000000', '2021-10-08 07:00:14', '2021-10-08 07:00:14'),
(140, 'Without Sugar', 48, 1, '18.00000000', '2021-10-08 07:00:14', '2021-10-08 07:00:14'),
(141, 'With extra Sugar', 49, 1, '24.00000000', '2021-10-08 07:00:34', '2021-10-08 07:00:34'),
(142, 'Without Sugar', 49, 1, '18.00000000', '2021-10-08 07:00:34', '2021-10-08 07:00:34'),
(143, 'With extra Sugar', 49, 1, '24.00000000', '2021-10-08 07:00:37', '2021-10-08 07:00:37'),
(144, 'Without Sugar', 49, 1, '18.00000000', '2021-10-08 07:00:37', '2021-10-08 07:00:37'),
(145, 'With extra Sugar', 50, 1, '23.00000000', '2021-10-08 07:01:02', '2021-10-08 07:01:02'),
(146, 'Without Sugar', 50, 1, '17.00000000', '2021-10-08 07:01:02', '2021-10-08 07:01:02'),
(147, 'Cheese stuffed', 23, 1, '20.00000000', '2021-10-08 07:01:11', '2021-10-08 07:01:11'),
(148, 'eggless', 25, 1, '20.00000000', '2021-10-08 07:02:26', '2021-10-08 07:02:26'),
(149, 'eggless', 25, 1, '20.00000000', '2021-10-08 07:02:29', '2021-10-08 07:02:29'),
(150, 'eggless', 25, 1, '20.00000000', '2021-10-08 07:02:32', '2021-10-08 07:02:32'),
(151, 'vegetables Tempura', 26, 1, '15.00000000', '2021-10-08 07:03:07', '2021-10-08 07:03:07'),
(152, 'Sushi with rice', 28, 1, '20.00000000', '2021-10-08 07:04:07', '2021-10-08 07:04:07'),
(153, 'With extra Chocolate', 9, 1, '25.00000000', '2021-10-08 07:04:11', '2021-10-08 07:04:11'),
(154, 'With extra Sugar', 12, 1, '25.00000000', '2021-10-08 07:04:42', '2021-10-08 07:04:42'),
(155, 'Veg', 30, 1, '15.00000000', '2021-10-08 07:05:09', '2021-10-08 07:05:09'),
(156, 'With extra Ice', 14, 1, '24.00000000', '2021-10-08 07:05:12', '2021-10-08 07:05:12'),
(157, 'With extra Ice', 14, 1, '24.00000000', '2021-10-08 07:05:20', '2021-10-08 07:05:20'),
(158, 'With extra Ice', 14, 1, '24.00000000', '2021-10-08 07:05:33', '2021-10-08 07:05:33'),
(159, 'Extra Spicy', 31, 1, '20.00000000', '2021-10-08 07:05:50', '2021-10-08 07:05:50'),
(160, 'Extra Spicy', 33, 1, '20.00000000', '2021-10-08 07:06:51', '2021-10-08 07:06:51'),
(161, 'eggless', 35, 1, '14.00000000', '2021-10-08 07:08:26', '2021-10-08 07:08:37'),
(162, 'Cheesy', 37, 1, '15.00000000', '2021-10-08 07:09:35', '2021-10-08 07:09:35'),
(163, 'Tsuna Mayo', 51, 1, '16.00000000', '2021-10-08 07:10:58', '2021-10-08 07:10:58'),
(164, 'Tsuna Mayo', 51, 1, '16.00000000', '2021-10-08 07:11:19', '2021-10-08 07:11:19');


-- --------------------------------------------------------


--
-- Dumping data for table `addon_option_translations`
--


INSERT INTO `addon_option_translations` (`id`, `title`, `addon_opt_id`, `language_id`, `created_at`, `updated_at`) VALUES
(1, 'Small parcel', 1, 1, NULL, '2022-02-17 10:42:42'),
(2, 'Half', 2, 1, NULL, '2022-02-17 10:42:42'),
(3, 'Half', 3, 1, NULL, '2022-02-17 10:42:42'),
(4, 'Full', 4, 1, '2021-10-08 06:13:02', '2022-02-17 10:42:42'),
(5, 'Cheese filled', 5, 1, '2021-10-08 06:13:04', '2022-02-17 10:42:42'),
(6, 'non-veg', 6, 1, '2021-10-08 06:13:08', '2022-02-17 10:42:42'),
(7, 'Full', 7, 1, '2021-10-08 06:15:27', '2022-02-17 10:42:42'),
(8, 'Half', 8, 1, NULL, '2022-02-17 10:42:42'),
(9, 'Full', 9, 1, NULL, '2022-02-17 10:42:42'),
(10, 'Half', 10, 1, NULL, '2022-02-17 10:42:42'),
(11, 'Full', 11, 1, NULL, '2022-02-17 10:42:42'),
(12, 'Half', 12, 1, NULL, '2022-02-17 10:42:42'),
(13, 'Full', 13, 1, NULL, '2022-02-17 10:42:42'),
(14, 'Half', 14, 1, NULL, '2022-02-17 10:42:42'),
(15, 'Full', 15, 1, NULL, '2022-02-17 10:42:42'),
(16, 'Half', 16, 1, NULL, '2022-02-17 10:42:42'),
(17, 'Full', 17, 1, NULL, '2022-02-17 10:42:42'),
(18, 'half', 18, 1, NULL, '2022-02-17 10:42:42'),
(19, 'full', 19, 1, NULL, '2022-02-17 10:42:42'),
(20, 'Half', 20, 1, NULL, '2022-02-17 10:42:42'),
(21, 'Full', 21, 1, NULL, '2022-02-17 10:42:42'),
(22, 'Half', 22, 1, NULL, '2022-02-17 10:42:42'),
(23, 'Half', 23, 1, NULL, '2022-02-17 10:42:42'),
(24, 'Half', 24, 1, NULL, '2022-02-17 10:42:42'),
(25, 'Full', 25, 1, NULL, '2022-02-17 10:42:42'),
(26, 'Half', 26, 1, NULL, '2022-02-17 10:42:42'),
(27, 'Full', 27, 1, NULL, '2022-02-17 10:42:42'),
(28, 'Half', 28, 1, NULL, '2022-02-17 10:42:42'),
(29, 'Full', 29, 1, NULL, '2022-02-17 10:42:42'),
(30, 'Half', 30, 1, NULL, '2022-02-17 10:42:42'),
(31, 'Full', 31, 1, NULL, '2022-02-17 10:42:42'),
(32, 'Half', 32, 1, NULL, '2022-02-17 10:42:42'),
(33, 'Full', 33, 1, NULL, '2022-02-17 10:42:42'),
(34, 'Half', 34, 1, NULL, '2022-02-17 10:42:42'),
(35, 'Full', 35, 1, NULL, '2022-02-17 10:42:42'),
(36, 'Half', 36, 1, NULL, '2022-02-17 10:42:42'),
(37, 'Full', 37, 1, NULL, '2022-02-17 10:42:42'),
(38, 'Half', 38, 1, NULL, '2022-02-17 10:42:42'),
(39, 'Full', 39, 1, NULL, '2022-02-17 10:42:42'),
(40, 'Half', 40, 1, NULL, '2022-02-17 10:42:42'),
(41, 'Full', 41, 1, NULL, '2022-02-17 10:42:42'),
(42, 'Half', 42, 1, NULL, '2022-02-17 10:42:42'),
(43, 'Full', 43, 1, NULL, '2022-02-17 10:42:42'),
(44, 'Half', 44, 1, NULL, '2022-02-17 10:42:42'),
(45, 'Full', 45, 1, NULL, '2022-02-17 10:42:42'),
(46, 'Half', 46, 1, NULL, '2022-02-17 10:42:42'),
(47, 'Full', 47, 1, NULL, '2022-02-17 10:42:42'),
(48, 'Half', 48, 1, NULL, '2022-02-17 10:42:42'),
(49, 'Full', 49, 1, NULL, '2022-02-17 10:42:42'),
(50, 'Half', 50, 1, NULL, '2022-02-17 10:42:42'),
(51, 'Full', 51, 1, NULL, '2022-02-17 10:42:42'),
(52, 'Half', 52, 1, NULL, '2022-02-17 10:42:42'),
(53, 'Full', 53, 1, NULL, '2022-02-17 10:42:42'),
(54, 'Half', 54, 1, NULL, '2022-02-17 10:42:42'),
(55, 'Full', 55, 1, NULL, '2022-02-17 10:42:42'),
(56, 'Half', 56, 1, NULL, '2022-02-17 10:42:42'),
(57, 'Full', 57, 1, NULL, '2022-02-17 10:42:42'),
(58, 'Half', 58, 1, NULL, '2022-02-17 10:42:42'),
(59, 'Full', 59, 1, NULL, '2022-02-17 10:42:42'),
(60, 'Half', 60, 1, NULL, '2022-02-17 10:42:42'),
(61, 'Full', 61, 1, NULL, '2022-02-17 10:42:42'),
(62, 'Half', 62, 1, NULL, '2022-02-17 10:42:42'),
(63, 'Full', 63, 1, NULL, '2022-02-17 10:42:42'),
(64, 'Half', 64, 1, NULL, '2022-02-17 10:42:42'),
(65, 'Full', 65, 1, NULL, '2022-02-17 10:42:42'),
(66, 'Half', 66, 1, NULL, '2022-02-17 10:42:42'),
(67, 'Full', 67, 1, NULL, '2022-02-17 10:42:42'),
(68, 'Half', 68, 1, NULL, '2022-02-17 10:42:42'),
(69, 'Full', 69, 1, NULL, '2022-02-17 10:42:42'),
(70, 'Half', 70, 1, NULL, '2022-02-17 10:42:42'),
(71, 'Full', 71, 1, NULL, '2022-02-17 10:42:42'),
(72, 'Half', 72, 1, NULL, '2022-02-17 10:42:42'),
(73, 'Full', 73, 1, NULL, '2022-02-17 10:42:42'),
(74, 'Half', 74, 1, NULL, '2022-02-17 10:42:42'),
(75, 'Full', 75, 1, NULL, '2022-02-17 10:42:42'),
(76, 'Half', 76, 1, NULL, '2022-02-17 10:42:42'),
(77, 'Full', 77, 1, NULL, '2022-02-17 10:42:42'),
(78, 'Half', 78, 1, NULL, '2022-02-17 10:42:42'),
(79, 'Full', 79, 1, NULL, '2022-02-17 10:42:42'),
(80, 'Half', 80, 1, NULL, '2022-02-17 10:42:42'),
(81, 'Full', 81, 1, NULL, '2022-02-17 10:42:42'),
(82, 'Half', 82, 1, NULL, '2022-02-17 10:42:42'),
(83, 'Full', 83, 1, NULL, '2022-02-17 10:42:42'),
(84, 'Half', 84, 1, NULL, '2022-02-17 10:42:42'),
(85, 'Full', 85, 1, NULL, '2022-02-17 10:42:42'),
(86, 'Half', 86, 1, NULL, '2022-02-17 10:42:42'),
(87, 'Full', 87, 1, NULL, '2022-02-17 10:42:42'),
(88, 'Single Tikki Burger', 88, 1, NULL, '2022-02-17 10:42:42'),
(89, 'Double Tikki Burger', 89, 1, NULL, '2022-02-17 10:42:42'),
(90, 'Half', 90, 1, NULL, '2022-02-17 10:42:42'),
(91, 'Full', 91, 1, NULL, '2022-02-17 10:42:42'),
(92, 'Half', 92, 1, NULL, '2022-02-17 10:42:42'),
(93, 'Full', 93, 1, NULL, '2022-02-17 10:42:42'),
(94, 'Half', 94, 1, NULL, '2022-02-17 10:42:42'),
(95, 'Full', 95, 1, NULL, '2022-02-17 10:42:42'),
(96, 'Half', 96, 1, NULL, '2022-02-17 10:42:42'),
(97, 'Full', 97, 1, NULL, '2022-02-17 10:42:42'),
(98, 'Half', 98, 1, NULL, '2022-02-17 10:42:42'),
(99, 'Full', 99, 1, NULL, '2022-02-17 10:42:42'),
(100, 'Half', 100, 1, NULL, '2022-02-17 10:42:42'),
(101, 'Full', 101, 1, NULL, '2022-02-17 10:42:42'),
(102, 'Half', 102, 1, NULL, '2022-02-17 10:42:42'),
(103, 'Full', 103, 1, NULL, '2022-02-17 10:42:42'),
(104, 'Extra choclate', 104, 1, '2021-10-08 06:50:31', '2022-02-17 10:42:42'),
(105, 'Extra cheesy', 105, 1, '2021-10-08 06:51:26', '2022-02-17 10:42:42'),
(106, 'Cheesy', 106, 1, '2021-10-08 06:52:28', '2022-02-17 10:42:42'),
(107, 'Cheese stuffed', 107, 1, '2021-10-08 06:53:00', '2022-02-17 10:42:42'),
(108, 'Extra Cheese stuffed', 108, 1, '2021-10-08 06:53:04', '2022-02-17 10:42:42'),
(109, 'With extra Cheese', 109, 1, '2021-10-08 06:53:28', '2022-02-17 10:42:42'),
(110, 'Without Cheese', 110, 1, '2021-10-08 06:53:28', '2022-02-17 10:42:42'),
(111, 'Cheese stuffed', 111, 1, '2021-10-08 06:53:51', '2022-02-17 10:42:42'),
(112, 'With extra Cheese', 112, 1, '2021-10-08 06:54:13', '2022-02-17 10:42:42'),
(113, 'Without Cheese', 113, 1, '2021-10-08 06:54:13', '2022-02-17 10:42:42'),
(114, 'Extra Cheese stuffed', 114, 1, '2021-10-08 06:54:17', '2022-02-17 10:42:42'),
(115, 'With extra Cheese', 115, 1, '2021-10-08 06:54:32', '2022-02-17 10:42:42'),
(116, 'Without Cheese', 116, 1, '2021-10-08 06:54:32', '2022-02-17 10:42:42'),
(117, 'With extra Cheese', 117, 1, '2021-10-08 06:54:50', '2022-02-17 10:42:42'),
(118, 'Without Cheese', 118, 1, '2021-10-08 06:54:50', '2022-02-17 10:42:42'),
(119, 'With extra Cheese', 119, 1, '2021-10-08 06:55:08', '2022-02-17 10:42:42'),
(120, 'Without Cheese', 120, 1, '2021-10-08 06:55:08', '2022-02-17 10:42:42'),
(121, 'Extra Spicy', 121, 1, '2021-10-08 06:55:17', '2022-02-17 10:42:42'),
(122, 'With extra Cheese', 122, 1, '2021-10-08 06:55:58', '2022-02-17 10:42:42'),
(123, 'Without Cheese', 123, 1, '2021-10-08 06:55:58', '2022-02-17 10:42:42'),
(124, 'Extra Spicy', 124, 1, '2021-10-08 06:56:38', '2022-02-17 10:42:42'),
(125, 'vegetables stuffed', 125, 1, '2021-10-08 06:57:01', '2022-02-17 10:42:42'),
(126, 'Extra Spicy', 126, 1, '2021-10-08 06:57:30', '2022-02-17 10:42:42'),
(127, 'Extra Spicy', 127, 1, '2021-10-08 06:58:18', '2022-02-17 10:42:42'),
(128, 'With extra Sugar', 128, 1, '2021-10-08 06:58:29', '2022-02-17 10:42:42'),
(129, 'Without Sugar', 129, 1, '2021-10-08 06:58:29', '2022-02-17 10:42:42'),
(130, 'Cheese stuffed', 130, 1, '2021-10-08 06:58:32', '2022-02-17 10:42:42'),
(131, 'With extra Sugar', 131, 1, '2021-10-08 06:59:01', '2022-02-17 10:42:42'),
(132, 'Without Sugar', 132, 1, '2021-10-08 06:59:01', '2022-02-17 10:42:42'),
(133, 'With extra Sugar', 133, 1, '2021-10-08 06:59:25', '2022-02-17 10:42:42'),
(134, 'Without Sugar', 134, 1, '2021-10-08 06:59:25', '2022-02-17 10:42:42'),
(135, 'Spicy', 135, 1, '2021-10-08 06:59:35', '2022-02-17 10:42:42'),
(136, 'With extra Sugar', 136, 1, '2021-10-08 06:59:54', '2022-02-17 10:42:42'),
(137, 'Without Sugar', 137, 1, '2021-10-08 06:59:54', '2022-02-17 10:42:42'),
(138, 'Extra toppings', 138, 1, '2021-10-08 07:00:12', '2022-02-17 10:42:42'),
(139, 'With extra Sugar', 139, 1, '2021-10-08 07:00:14', '2022-02-17 10:42:42'),
(140, 'Without Sugar', 140, 1, '2021-10-08 07:00:14', '2022-02-17 10:42:42'),
(141, 'With extra Sugar', 141, 1, '2021-10-08 07:00:34', '2022-02-17 10:42:42'),
(142, 'Without Sugar', 142, 1, '2021-10-08 07:00:34', '2022-02-17 10:42:42'),
(143, 'With extra Sugar', 143, 1, '2021-10-08 07:00:37', '2022-02-17 10:42:42'),
(144, 'Without Sugar', 144, 1, '2021-10-08 07:00:37', '2022-02-17 10:42:42'),
(145, 'With extra Sugar', 145, 1, '2021-10-08 07:01:02', '2022-02-17 10:42:42'),
(146, 'Without Sugar', 146, 1, '2021-10-08 07:01:02', '2022-02-17 10:42:42'),
(147, 'Cheese stuffed', 147, 1, '2021-10-08 07:01:11', '2022-02-17 10:42:42'),
(148, 'eggless', 148, 1, '2021-10-08 07:02:26', '2022-02-17 10:42:42'),
(149, 'eggless', 149, 1, '2021-10-08 07:02:29', '2022-02-17 10:42:42'),
(150, 'eggless', 150, 1, '2021-10-08 07:02:32', '2022-02-17 10:42:42'),
(151, 'vegetables Tempura', 151, 1, '2021-10-08 07:03:07', '2022-02-17 10:42:42'),
(152, 'Sushi with rice', 152, 1, '2021-10-08 07:04:07', '2022-02-17 10:42:42'),
(153, 'With extra Chocolate', 153, 1, '2021-10-08 07:04:11', '2022-02-17 10:42:42'),
(154, 'With extra Sugar', 154, 1, '2021-10-08 07:04:42', '2022-02-17 10:42:42'),
(155, 'Veg', 155, 1, '2021-10-08 07:05:09', '2022-02-17 10:42:42'),
(156, 'With extra Ice', 156, 1, '2021-10-08 07:05:12', '2022-02-17 10:42:42'),
(157, 'With extra Ice', 157, 1, '2021-10-08 07:05:20', '2022-02-17 10:42:42'),
(158, 'With extra Ice', 158, 1, '2021-10-08 07:05:33', '2022-02-17 10:42:42'),
(159, 'Extra Spicy', 159, 1, '2021-10-08 07:05:50', '2022-02-17 10:42:42'),
(160, 'Extra Spicy', 160, 1, '2021-10-08 07:06:51', '2022-02-17 10:42:42'),
(161, 'eggless', 161, 1, '2021-10-08 07:08:26', '2022-02-17 10:42:42'),
(162, 'Cheesy', 162, 1, '2021-10-08 07:09:35', '2022-02-17 10:42:42'),
(163, 'Tsuna Mayo', 163, 1, '2021-10-08 07:10:58', '2022-02-17 10:42:42'),
(164, 'Tsuna Mayo', 164, 1, '2021-10-08 07:11:19', '2022-02-17 10:42:42'),
(165, NULL, 2, 148, '2022-02-18 06:26:44', '2022-02-18 06:26:44'),
(166, NULL, 4, 148, '2022-02-18 06:26:44', '2022-02-18 06:26:44'),
(167, NULL, 5, 148, '2022-02-18 06:26:44', '2022-02-18 06:26:44'),
(168, NULL, 6, 148, '2022-02-18 06:26:44', '2022-02-18 06:26:44'),
(169, NULL, 2, 8, '2022-02-18 06:26:44', '2022-02-18 06:26:44'),
(170, NULL, 4, 8, '2022-02-18 06:26:45', '2022-02-18 06:26:45'),
(171, NULL, 5, 8, '2022-02-18 06:26:45', '2022-02-18 06:26:45'),
(172, NULL, 6, 8, '2022-02-18 06:26:45', '2022-02-18 06:26:45'),
(173, NULL, 3, 148, '2022-02-18 06:27:23', '2022-02-18 06:27:23'),
(174, NULL, 7, 148, '2022-02-18 06:27:23', '2022-02-18 06:27:23'),
(175, NULL, 104, 148, '2022-02-18 06:27:23', '2022-02-18 06:27:23'),
(176, NULL, 3, 8, '2022-02-18 06:27:23', '2022-02-18 06:27:23'),
(177, NULL, 7, 8, '2022-02-18 06:27:23', '2022-02-18 06:27:23'),
(178, NULL, 104, 8, '2022-02-18 06:27:23', '2022-02-18 06:27:23'),
(179, NULL, 8, 148, '2022-02-18 06:27:54', '2022-02-18 06:27:54'),
(180, NULL, 9, 148, '2022-02-18 06:27:54', '2022-02-18 06:27:54'),
(181, NULL, 105, 148, '2022-02-18 06:27:54', '2022-02-18 06:27:54'),
(182, NULL, 8, 8, '2022-02-18 06:27:54', '2022-02-18 06:27:54'),
(183, NULL, 9, 8, '2022-02-18 06:27:54', '2022-02-18 06:27:54'),
(184, NULL, 105, 8, '2022-02-18 06:27:54', '2022-02-18 06:27:54'),
(185, NULL, 10, 148, '2022-02-18 06:28:43', '2022-02-18 06:28:43'),
(186, NULL, 11, 148, '2022-02-18 06:28:43', '2022-02-18 06:28:43'),
(187, NULL, 107, 148, '2022-02-18 06:28:43', '2022-02-18 06:28:43'),
(188, NULL, 108, 148, '2022-02-18 06:28:43', '2022-02-18 06:28:43'),
(189, NULL, 10, 8, '2022-02-18 06:28:43', '2022-02-18 06:28:43'),
(190, NULL, 11, 8, '2022-02-18 06:28:43', '2022-02-18 06:28:43'),
(191, NULL, 107, 8, '2022-02-18 06:28:43', '2022-02-18 06:28:43'),
(192, NULL, 108, 8, '2022-02-18 06:28:43', '2022-02-18 06:28:43'),
(193, NULL, 12, 148, '2022-02-18 06:29:19', '2022-02-18 06:29:19'),
(194, NULL, 13, 148, '2022-02-18 06:29:20', '2022-02-18 06:29:20'),
(195, NULL, 106, 148, '2022-02-18 06:29:20', '2022-02-18 06:29:20'),
(196, NULL, 12, 8, '2022-02-18 06:29:20', '2022-02-18 06:29:20'),
(197, NULL, 13, 8, '2022-02-18 06:29:20', '2022-02-18 06:29:20'),
(198, NULL, 106, 8, '2022-02-18 06:29:20', '2022-02-18 06:29:20'),
(199, NULL, 14, 148, '2022-02-18 06:29:53', '2022-02-18 06:29:53'),
(200, NULL, 15, 148, '2022-02-18 06:29:53', '2022-02-18 06:29:53'),
(201, NULL, 111, 148, '2022-02-18 06:29:53', '2022-02-18 06:29:53'),
(202, NULL, 14, 8, '2022-02-18 06:29:54', '2022-02-18 06:29:54'),
(203, NULL, 15, 8, '2022-02-18 06:29:54', '2022-02-18 06:29:54'),
(204, NULL, 111, 8, '2022-02-18 06:29:54', '2022-02-18 06:29:54'),
(205, NULL, 16, 148, '2022-02-18 06:30:27', '2022-02-18 06:30:27'),
(206, NULL, 17, 148, '2022-02-18 06:30:27', '2022-02-18 06:30:27'),
(207, NULL, 114, 148, '2022-02-18 06:30:27', '2022-02-18 06:30:27'),
(208, NULL, 16, 8, '2022-02-18 06:30:27', '2022-02-18 06:30:27'),
(209, NULL, 17, 8, '2022-02-18 06:30:27', '2022-02-18 06:30:27'),
(210, NULL, 114, 8, '2022-02-18 06:30:27', '2022-02-18 06:30:27'),
(211, NULL, 20, 148, '2022-02-18 06:30:54', '2022-02-18 06:30:54'),
(212, NULL, 21, 148, '2022-02-18 06:30:54', '2022-02-18 06:30:54'),
(213, NULL, 121, 148, '2022-02-18 06:30:54', '2022-02-18 06:30:54'),
(214, NULL, 20, 8, '2022-02-18 06:30:54', '2022-02-18 06:30:54'),
(215, NULL, 21, 8, '2022-02-18 06:30:54', '2022-02-18 06:30:54'),
(216, NULL, 121, 8, '2022-02-18 06:30:54', '2022-02-18 06:30:54'),
(217, NULL, 22, 148, '2022-02-18 06:31:37', '2022-02-18 06:31:37'),
(218, NULL, 23, 148, '2022-02-18 06:31:37', '2022-02-18 06:31:37'),
(219, NULL, 124, 148, '2022-02-18 06:31:37', '2022-02-18 06:31:37'),
(220, NULL, 22, 8, '2022-02-18 06:31:37', '2022-02-18 06:31:37'),
(221, NULL, 23, 8, '2022-02-18 06:31:37', '2022-02-18 06:31:37'),
(222, NULL, 124, 8, '2022-02-18 06:31:37', '2022-02-18 06:31:37'),
(223, NULL, 26, 148, '2022-02-18 06:32:22', '2022-02-18 06:32:22'),
(224, NULL, 27, 148, '2022-02-18 06:32:22', '2022-02-18 06:32:22'),
(225, NULL, 125, 148, '2022-02-18 06:32:22', '2022-02-18 06:32:22'),
(226, NULL, 26, 8, '2022-02-18 06:32:22', '2022-02-18 06:32:22'),
(227, NULL, 27, 8, '2022-02-18 06:32:22', '2022-02-18 06:32:22'),
(228, NULL, 125, 8, '2022-02-18 06:32:22', '2022-02-18 06:32:22'),
(229, NULL, 30, 148, '2022-02-18 06:33:25', '2022-02-18 06:33:25'),
(230, NULL, 31, 148, '2022-02-18 06:33:25', '2022-02-18 06:33:25'),
(231, NULL, 126, 148, '2022-02-18 06:33:25', '2022-02-18 06:33:25'),
(232, NULL, 30, 8, '2022-02-18 06:33:25', '2022-02-18 06:33:25'),
(233, NULL, 31, 8, '2022-02-18 06:33:25', '2022-02-18 06:33:25'),
(234, NULL, 126, 8, '2022-02-18 06:33:25', '2022-02-18 06:33:25'),
(235, NULL, 34, 148, '2022-02-18 06:33:54', '2022-02-18 06:33:54'),
(236, NULL, 35, 148, '2022-02-18 06:33:54', '2022-02-18 06:33:54'),
(237, NULL, 127, 148, '2022-02-18 06:33:54', '2022-02-18 06:33:54'),
(238, NULL, 34, 8, '2022-02-18 06:33:54', '2022-02-18 06:33:54'),
(239, NULL, 35, 8, '2022-02-18 06:33:54', '2022-02-18 06:33:54'),
(240, NULL, 127, 8, '2022-02-18 06:33:54', '2022-02-18 06:33:54'),
(241, NULL, 38, 148, '2022-02-18 06:34:21', '2022-02-18 06:34:21'),
(242, NULL, 39, 148, '2022-02-18 06:34:21', '2022-02-18 06:34:21'),
(243, NULL, 130, 148, '2022-02-18 06:34:21', '2022-02-18 06:34:21'),
(244, NULL, 38, 8, '2022-02-18 06:34:21', '2022-02-18 06:34:21'),
(245, NULL, 39, 8, '2022-02-18 06:34:21', '2022-02-18 06:34:21'),
(246, NULL, 130, 8, '2022-02-18 06:34:21', '2022-02-18 06:34:21'),
(247, NULL, 18, 148, '2022-02-18 07:10:52', '2022-02-18 07:10:52'),
(248, NULL, 19, 148, '2022-02-18 07:10:52', '2022-02-18 07:10:52'),
(249, NULL, 153, 148, '2022-02-18 07:10:52', '2022-02-18 07:10:52'),
(250, NULL, 18, 8, '2022-02-18 07:10:52', '2022-02-18 07:10:52'),
(251, NULL, 19, 8, '2022-02-18 07:10:52', '2022-02-18 07:10:52'),
(252, NULL, 153, 8, '2022-02-18 07:10:52', '2022-02-18 07:10:52'),
(253, NULL, 24, 148, '2022-02-18 07:11:57', '2022-02-18 07:11:57'),
(254, NULL, 25, 148, '2022-02-18 07:11:57', '2022-02-18 07:11:57'),
(255, NULL, 154, 148, '2022-02-18 07:11:57', '2022-02-18 07:11:57'),
(256, NULL, 24, 8, '2022-02-18 07:11:57', '2022-02-18 07:11:57'),
(257, NULL, 25, 8, '2022-02-18 07:11:57', '2022-02-18 07:11:57'),
(258, NULL, 154, 8, '2022-02-18 07:11:57', '2022-02-18 07:11:57'),
(259, NULL, 28, 148, '2022-02-18 07:12:33', '2022-02-18 07:12:33'),
(260, NULL, 29, 148, '2022-02-18 07:12:33', '2022-02-18 07:12:33'),
(261, NULL, 156, 148, '2022-02-18 07:12:33', '2022-02-18 07:12:33'),
(262, NULL, 157, 148, '2022-02-18 07:12:33', '2022-02-18 07:12:33'),
(263, NULL, 158, 148, '2022-02-18 07:12:33', '2022-02-18 07:12:33'),
(264, NULL, 28, 8, '2022-02-18 07:12:33', '2022-02-18 07:12:33'),
(265, NULL, 29, 8, '2022-02-18 07:12:33', '2022-02-18 07:12:33'),
(266, NULL, 156, 8, '2022-02-18 07:12:33', '2022-02-18 07:12:33'),
(267, NULL, 157, 8, '2022-02-18 07:12:33', '2022-02-18 07:12:33'),
(268, NULL, 158, 8, '2022-02-18 07:12:33', '2022-02-18 07:12:33'),
(269, NULL, 32, 148, '2022-02-18 07:13:16', '2022-02-18 07:13:16'),
(270, NULL, 33, 148, '2022-02-18 07:13:16', '2022-02-18 07:13:16'),
(271, NULL, 32, 8, '2022-02-18 07:13:16', '2022-02-18 07:13:16'),
(272, NULL, 33, 8, '2022-02-18 07:13:16', '2022-02-18 07:13:16'),
(273, NULL, 36, 148, '2022-02-18 07:14:10', '2022-02-18 07:14:10'),
(274, NULL, 37, 148, '2022-02-18 07:14:10', '2022-02-18 07:14:10'),
(275, NULL, 36, 8, '2022-02-18 07:14:10', '2022-02-18 07:14:10'),
(276, NULL, 37, 8, '2022-02-18 07:14:10', '2022-02-18 07:14:10'),
(277, NULL, 40, 148, '2022-02-18 07:14:53', '2022-02-18 07:14:53'),
(278, NULL, 41, 148, '2022-02-18 07:14:53', '2022-02-18 07:14:53'),
(279, NULL, 40, 8, '2022-02-18 07:14:53', '2022-02-18 07:14:53'),
(280, NULL, 41, 8, '2022-02-18 07:14:53', '2022-02-18 07:14:53'),
(281, NULL, 48, 148, '2022-02-18 07:15:45', '2022-02-18 07:15:45'),
(282, NULL, 49, 148, '2022-02-18 07:15:45', '2022-02-18 07:15:45'),
(283, NULL, 48, 8, '2022-02-18 07:15:45', '2022-02-18 07:15:45'),
(284, NULL, 49, 8, '2022-02-18 07:15:45', '2022-02-18 07:15:45'),
(285, NULL, 54, 148, '2022-02-18 07:16:48', '2022-02-18 07:16:48'),
(286, NULL, 55, 148, '2022-02-18 07:16:48', '2022-02-18 07:16:48'),
(287, NULL, 54, 8, '2022-02-18 07:16:48', '2022-02-18 07:16:48'),
(288, NULL, 55, 8, '2022-02-18 07:16:48', '2022-02-18 07:16:48'),
(289, NULL, 58, 148, '2022-02-18 07:19:52', '2022-02-18 07:19:52'),
(290, NULL, 59, 148, '2022-02-18 07:19:52', '2022-02-18 07:19:52'),
(291, NULL, 58, 8, '2022-02-18 07:19:52', '2022-02-18 07:19:52'),
(292, NULL, 59, 8, '2022-02-18 07:19:52', '2022-02-18 07:19:52'),
(293, NULL, 64, 148, '2022-02-18 07:20:33', '2022-02-18 07:20:33'),
(294, NULL, 65, 148, '2022-02-18 07:20:33', '2022-02-18 07:20:33'),
(295, NULL, 64, 8, '2022-02-18 07:20:33', '2022-02-18 07:20:33'),
(296, NULL, 65, 8, '2022-02-18 07:20:33', '2022-02-18 07:20:33'),
(297, NULL, 72, 148, '2022-02-18 07:23:44', '2022-02-18 07:23:44'),
(298, NULL, 73, 148, '2022-02-18 07:23:44', '2022-02-18 07:23:44'),
(299, NULL, 72, 8, '2022-02-18 07:23:44', '2022-02-18 07:23:44'),
(300, NULL, 73, 8, '2022-02-18 07:23:44', '2022-02-18 07:23:44'),
(301, NULL, 68, 148, '2022-02-18 07:31:34', '2022-02-18 07:31:34'),
(302, NULL, 69, 148, '2022-02-18 07:31:34', '2022-02-18 07:31:34'),
(303, NULL, 68, 8, '2022-02-18 07:31:34', '2022-02-18 07:31:34'),
(304, NULL, 69, 8, '2022-02-18 07:31:34', '2022-02-18 07:31:34'),
(305, NULL, 76, 148, '2022-02-18 07:33:31', '2022-02-18 07:33:31'),
(306, NULL, 77, 148, '2022-02-18 07:33:31', '2022-02-18 07:33:31'),
(307, NULL, 109, 148, '2022-02-18 07:33:31', '2022-02-18 07:33:31'),
(308, NULL, 110, 148, '2022-02-18 07:33:31', '2022-02-18 07:33:31'),
(309, NULL, 76, 8, '2022-02-18 07:33:31', '2022-02-18 07:33:31'),
(310, NULL, 77, 8, '2022-02-18 07:33:31', '2022-02-18 07:33:31'),
(311, NULL, 109, 8, '2022-02-18 07:33:31', '2022-02-18 07:33:31'),
(312, NULL, 110, 8, '2022-02-18 07:33:31', '2022-02-18 07:33:31'),
(313, NULL, 82, 148, '2022-02-18 07:34:04', '2022-02-18 07:34:04'),
(314, NULL, 83, 148, '2022-02-18 07:34:04', '2022-02-18 07:34:04'),
(315, NULL, 112, 148, '2022-02-18 07:34:04', '2022-02-18 07:34:04'),
(316, NULL, 113, 148, '2022-02-18 07:34:04', '2022-02-18 07:34:04'),
(317, NULL, 82, 8, '2022-02-18 07:34:04', '2022-02-18 07:34:04'),
(318, NULL, 83, 8, '2022-02-18 07:34:04', '2022-02-18 07:34:04'),
(319, NULL, 112, 8, '2022-02-18 07:34:04', '2022-02-18 07:34:04'),
(320, NULL, 113, 8, '2022-02-18 07:34:04', '2022-02-18 07:34:04'),
(321, NULL, 84, 148, '2022-02-18 07:34:38', '2022-02-18 07:34:38'),
(322, NULL, 85, 148, '2022-02-18 07:34:38', '2022-02-18 07:34:38'),
(323, NULL, 115, 148, '2022-02-18 07:34:38', '2022-02-18 07:34:38'),
(324, NULL, 116, 148, '2022-02-18 07:34:38', '2022-02-18 07:34:38'),
(325, NULL, 84, 8, '2022-02-18 07:34:38', '2022-02-18 07:34:38'),
(326, NULL, 85, 8, '2022-02-18 07:34:38', '2022-02-18 07:34:38'),
(327, NULL, 115, 8, '2022-02-18 07:34:38', '2022-02-18 07:34:38'),
(328, NULL, 116, 8, '2022-02-18 07:34:38', '2022-02-18 07:34:38'),
(329, NULL, 86, 148, '2022-02-18 07:35:09', '2022-02-18 07:35:09'),
(330, NULL, 87, 148, '2022-02-18 07:35:09', '2022-02-18 07:35:09'),
(331, NULL, 117, 148, '2022-02-18 07:35:09', '2022-02-18 07:35:09'),
(332, NULL, 118, 148, '2022-02-18 07:35:10', '2022-02-18 07:35:10'),
(333, NULL, 86, 8, '2022-02-18 07:35:10', '2022-02-18 07:35:10'),
(334, NULL, 87, 8, '2022-02-18 07:35:10', '2022-02-18 07:35:10'),
(335, NULL, 117, 8, '2022-02-18 07:35:10', '2022-02-18 07:35:10'),
(336, NULL, 118, 8, '2022-02-18 07:35:10', '2022-02-18 07:35:10'),
(337, NULL, 88, 148, '2022-02-18 07:35:53', '2022-02-18 07:35:53'),
(338, NULL, 89, 148, '2022-02-18 07:35:53', '2022-02-18 07:35:53'),
(339, NULL, 119, 148, '2022-02-18 07:35:53', '2022-02-18 07:35:53'),
(340, NULL, 120, 148, '2022-02-18 07:35:53', '2022-02-18 07:35:53'),
(341, NULL, 88, 8, '2022-02-18 07:35:53', '2022-02-18 07:35:53'),
(342, NULL, 89, 8, '2022-02-18 07:35:53', '2022-02-18 07:35:53'),
(343, NULL, 119, 8, '2022-02-18 07:35:53', '2022-02-18 07:35:53'),
(344, NULL, 120, 8, '2022-02-18 07:35:53', '2022-02-18 07:35:53'),
(345, NULL, 90, 148, '2022-02-18 07:36:26', '2022-02-18 07:36:26'),
(346, NULL, 91, 148, '2022-02-18 07:36:26', '2022-02-18 07:36:26'),
(347, NULL, 122, 148, '2022-02-18 07:36:26', '2022-02-18 07:36:26'),
(348, NULL, 123, 148, '2022-02-18 07:36:26', '2022-02-18 07:36:26'),
(349, NULL, 90, 8, '2022-02-18 07:36:26', '2022-02-18 07:36:26'),
(350, NULL, 91, 8, '2022-02-18 07:36:26', '2022-02-18 07:36:26'),
(351, NULL, 122, 8, '2022-02-18 07:36:26', '2022-02-18 07:36:26'),
(352, NULL, 123, 8, '2022-02-18 07:36:26', '2022-02-18 07:36:26'),
(353, NULL, 78, 148, '2022-02-18 07:37:22', '2022-02-18 07:37:22'),
(354, NULL, 79, 148, '2022-02-18 07:37:22', '2022-02-18 07:37:22'),
(355, NULL, 128, 148, '2022-02-18 07:37:22', '2022-02-18 07:37:22'),
(356, NULL, 129, 148, '2022-02-18 07:37:22', '2022-02-18 07:37:22'),
(357, NULL, 78, 8, '2022-02-18 07:37:22', '2022-02-18 07:37:22'),
(358, NULL, 79, 8, '2022-02-18 07:37:22', '2022-02-18 07:37:22'),
(359, NULL, 128, 8, '2022-02-18 07:37:22', '2022-02-18 07:37:22'),
(360, NULL, 129, 8, '2022-02-18 07:37:22', '2022-02-18 07:37:22'),
(361, NULL, 80, 148, '2022-02-18 07:37:52', '2022-02-18 07:37:52'),
(362, NULL, 81, 148, '2022-02-18 07:37:52', '2022-02-18 07:37:52'),
(363, NULL, 131, 148, '2022-02-18 07:37:52', '2022-02-18 07:37:52'),
(364, NULL, 132, 148, '2022-02-18 07:37:52', '2022-02-18 07:37:52'),
(365, NULL, 80, 8, '2022-02-18 07:37:52', '2022-02-18 07:37:52'),
(366, NULL, 81, 8, '2022-02-18 07:37:52', '2022-02-18 07:37:52'),
(367, NULL, 131, 8, '2022-02-18 07:37:52', '2022-02-18 07:37:52'),
(368, NULL, 132, 8, '2022-02-18 07:37:52', '2022-02-18 07:37:52'),
(369, NULL, 92, 148, '2022-02-18 07:38:21', '2022-02-18 07:38:21'),
(370, NULL, 93, 148, '2022-02-18 07:38:21', '2022-02-18 07:38:21'),
(371, NULL, 133, 148, '2022-02-18 07:38:21', '2022-02-18 07:38:21'),
(372, NULL, 134, 148, '2022-02-18 07:38:21', '2022-02-18 07:38:21'),
(373, NULL, 92, 8, '2022-02-18 07:38:21', '2022-02-18 07:38:21'),
(374, NULL, 93, 8, '2022-02-18 07:38:21', '2022-02-18 07:38:21'),
(375, NULL, 133, 8, '2022-02-18 07:38:21', '2022-02-18 07:38:21'),
(376, NULL, 134, 8, '2022-02-18 07:38:21', '2022-02-18 07:38:21'),
(377, NULL, 94, 148, '2022-02-18 07:39:20', '2022-02-18 07:39:20'),
(378, NULL, 95, 148, '2022-02-18 07:39:20', '2022-02-18 07:39:20'),
(379, NULL, 136, 148, '2022-02-18 07:39:20', '2022-02-18 07:39:20'),
(380, NULL, 137, 148, '2022-02-18 07:39:20', '2022-02-18 07:39:20'),
(381, NULL, 94, 8, '2022-02-18 07:39:20', '2022-02-18 07:39:20'),
(382, NULL, 95, 8, '2022-02-18 07:39:20', '2022-02-18 07:39:20'),
(383, NULL, 136, 8, '2022-02-18 07:39:20', '2022-02-18 07:39:20'),
(384, NULL, 137, 8, '2022-02-18 07:39:20', '2022-02-18 07:39:20'),
(385, NULL, 96, 148, '2022-02-18 07:40:58', '2022-02-18 07:40:58'),
(386, NULL, 97, 148, '2022-02-18 07:40:58', '2022-02-18 07:40:58'),
(387, NULL, 139, 148, '2022-02-18 07:40:58', '2022-02-18 07:40:58'),
(388, NULL, 140, 148, '2022-02-18 07:40:58', '2022-02-18 07:40:58'),
(389, NULL, 96, 8, '2022-02-18 07:40:58', '2022-02-18 07:40:58'),
(390, NULL, 97, 8, '2022-02-18 07:40:58', '2022-02-18 07:40:58'),
(391, NULL, 139, 8, '2022-02-18 07:40:58', '2022-02-18 07:40:58'),
(392, NULL, 140, 8, '2022-02-18 07:40:58', '2022-02-18 07:40:58'),
(393, NULL, 98, 148, '2022-02-18 07:41:39', '2022-02-18 07:41:39'),
(394, NULL, 99, 148, '2022-02-18 07:41:39', '2022-02-18 07:41:39'),
(395, NULL, 141, 148, '2022-02-18 07:41:40', '2022-02-18 07:41:40'),
(396, NULL, 142, 148, '2022-02-18 07:41:40', '2022-02-18 07:41:40'),
(397, NULL, 143, 148, '2022-02-18 07:41:40', '2022-02-18 07:41:40'),
(398, NULL, 144, 148, '2022-02-18 07:41:40', '2022-02-18 07:41:40'),
(399, NULL, 98, 8, '2022-02-18 07:41:40', '2022-02-18 07:41:40'),
(400, NULL, 99, 8, '2022-02-18 07:41:40', '2022-02-18 07:41:40'),
(401, NULL, 141, 8, '2022-02-18 07:41:40', '2022-02-18 07:41:40'),
(402, NULL, 142, 8, '2022-02-18 07:41:40', '2022-02-18 07:41:40'),
(403, NULL, 143, 8, '2022-02-18 07:41:40', '2022-02-18 07:41:40'),
(404, NULL, 144, 8, '2022-02-18 07:41:40', '2022-02-18 07:41:40'),
(405, NULL, 100, 148, '2022-02-18 07:42:10', '2022-02-18 07:42:10'),
(406, NULL, 101, 148, '2022-02-18 07:42:10', '2022-02-18 07:42:10'),
(407, NULL, 145, 148, '2022-02-18 07:42:10', '2022-02-18 07:42:10'),
(408, NULL, 146, 148, '2022-02-18 07:42:10', '2022-02-18 07:42:10'),
(409, NULL, 100, 8, '2022-02-18 07:42:10', '2022-02-18 07:42:10'),
(410, NULL, 101, 8, '2022-02-18 07:42:10', '2022-02-18 07:42:10'),
(411, NULL, 145, 8, '2022-02-18 07:42:10', '2022-02-18 07:42:10'),
(412, NULL, 146, 8, '2022-02-18 07:42:10', '2022-02-18 07:42:10'),
(413, NULL, 42, 148, '2022-02-18 07:43:06', '2022-02-18 07:43:06'),
(414, NULL, 43, 148, '2022-02-18 07:43:06', '2022-02-18 07:43:06'),
(415, NULL, 135, 148, '2022-02-18 07:43:06', '2022-02-18 07:43:06'),
(416, NULL, 42, 8, '2022-02-18 07:43:06', '2022-02-18 07:43:06'),
(417, NULL, 43, 8, '2022-02-18 07:43:06', '2022-02-18 07:43:06'),
(418, NULL, 135, 8, '2022-02-18 07:43:06', '2022-02-18 07:43:06'),
(419, NULL, 44, 148, '2022-02-18 07:43:42', '2022-02-18 07:43:42'),
(420, NULL, 45, 148, '2022-02-18 07:43:42', '2022-02-18 07:43:42'),
(421, NULL, 138, 148, '2022-02-18 07:43:42', '2022-02-18 07:43:42'),
(422, NULL, 44, 8, '2022-02-18 07:43:42', '2022-02-18 07:43:42'),
(423, NULL, 45, 8, '2022-02-18 07:43:42', '2022-02-18 07:43:42'),
(424, NULL, 138, 8, '2022-02-18 07:43:42', '2022-02-18 07:43:42'),
(425, NULL, 46, 148, '2022-02-18 07:44:11', '2022-02-18 07:44:11'),
(426, NULL, 47, 148, '2022-02-18 07:44:11', '2022-02-18 07:44:11'),
(427, NULL, 147, 148, '2022-02-18 07:44:11', '2022-02-18 07:44:11'),
(428, NULL, 46, 8, '2022-02-18 07:44:11', '2022-02-18 07:44:11'),
(429, NULL, 47, 8, '2022-02-18 07:44:11', '2022-02-18 07:44:11'),
(430, NULL, 147, 8, '2022-02-18 07:44:11', '2022-02-18 07:44:11'),
(431, NULL, 50, 148, '2022-02-18 07:44:46', '2022-02-18 07:44:46'),
(432, NULL, 51, 148, '2022-02-18 07:44:46', '2022-02-18 07:44:46'),
(433, NULL, 148, 148, '2022-02-18 07:44:46', '2022-02-18 07:44:46'),
(434, NULL, 149, 148, '2022-02-18 07:44:46', '2022-02-18 07:44:46'),
(435, NULL, 150, 148, '2022-02-18 07:44:46', '2022-02-18 07:44:46'),
(436, NULL, 50, 8, '2022-02-18 07:44:46', '2022-02-18 07:44:46'),
(437, NULL, 51, 8, '2022-02-18 07:44:46', '2022-02-18 07:44:46'),
(438, NULL, 148, 8, '2022-02-18 07:44:46', '2022-02-18 07:44:46'),
(439, NULL, 149, 8, '2022-02-18 07:44:46', '2022-02-18 07:44:46'),
(440, NULL, 150, 8, '2022-02-18 07:44:46', '2022-02-18 07:44:46'),
(441, NULL, 52, 148, '2022-02-18 07:45:30', '2022-02-18 07:45:30'),
(442, NULL, 53, 148, '2022-02-18 07:45:30', '2022-02-18 07:45:30'),
(443, NULL, 151, 148, '2022-02-18 07:45:30', '2022-02-18 07:45:30'),
(444, NULL, 52, 8, '2022-02-18 07:45:30', '2022-02-18 07:45:30'),
(445, NULL, 53, 8, '2022-02-18 07:45:30', '2022-02-18 07:45:30'),
(446, NULL, 151, 8, '2022-02-18 07:45:30', '2022-02-18 07:45:30'),
(447, NULL, 56, 148, '2022-02-18 07:45:59', '2022-02-18 07:45:59'),
(448, NULL, 57, 148, '2022-02-18 07:45:59', '2022-02-18 07:45:59'),
(449, NULL, 152, 148, '2022-02-18 07:45:59', '2022-02-18 07:45:59'),
(450, NULL, 56, 8, '2022-02-18 07:45:59', '2022-02-18 07:45:59'),
(451, NULL, 57, 8, '2022-02-18 07:45:59', '2022-02-18 07:45:59'),
(452, NULL, 152, 8, '2022-02-18 07:45:59', '2022-02-18 07:45:59'),
(453, NULL, 56, 148, '2022-02-18 07:46:03', '2022-02-18 07:46:03'),
(454, NULL, 56, 148, '2022-02-18 07:46:03', '2022-02-18 07:46:03'),
(455, NULL, 57, 148, '2022-02-18 07:46:03', '2022-02-18 07:46:03'),
(456, NULL, 57, 148, '2022-02-18 07:46:03', '2022-02-18 07:46:03'),
(457, NULL, 152, 148, '2022-02-18 07:46:03', '2022-02-18 07:46:03'),
(458, NULL, 152, 148, '2022-02-18 07:46:03', '2022-02-18 07:46:03'),
(459, NULL, 56, 8, '2022-02-18 07:46:03', '2022-02-18 07:46:03'),
(460, NULL, 56, 8, '2022-02-18 07:46:03', '2022-02-18 07:46:03'),
(461, NULL, 57, 8, '2022-02-18 07:46:03', '2022-02-18 07:46:03'),
(462, NULL, 57, 8, '2022-02-18 07:46:03', '2022-02-18 07:46:03'),
(463, NULL, 152, 8, '2022-02-18 07:46:03', '2022-02-18 07:46:03'),
(464, NULL, 152, 8, '2022-02-18 07:46:03', '2022-02-18 07:46:03'),
(465, NULL, 60, 148, '2022-02-18 07:46:32', '2022-02-18 07:46:32'),
(466, NULL, 61, 148, '2022-02-18 07:46:32', '2022-02-18 07:46:32'),
(467, NULL, 155, 148, '2022-02-18 07:46:32', '2022-02-18 07:46:32'),
(468, NULL, 60, 8, '2022-02-18 07:46:32', '2022-02-18 07:46:32'),
(469, NULL, 61, 8, '2022-02-18 07:46:32', '2022-02-18 07:46:32'),
(470, NULL, 155, 8, '2022-02-18 07:46:32', '2022-02-18 07:46:32'),
(471, NULL, 62, 148, '2022-02-18 07:46:57', '2022-02-18 07:46:57'),
(472, NULL, 63, 148, '2022-02-18 07:46:57', '2022-02-18 07:46:57'),
(473, NULL, 159, 148, '2022-02-18 07:46:57', '2022-02-18 07:46:57'),
(474, NULL, 62, 8, '2022-02-18 07:46:57', '2022-02-18 07:46:57'),
(475, NULL, 63, 8, '2022-02-18 07:46:57', '2022-02-18 07:46:57'),
(476, NULL, 159, 8, '2022-02-18 07:46:57', '2022-02-18 07:46:57'),
(477, NULL, 102, 148, '2022-02-18 07:53:57', '2022-02-18 07:53:57'),
(478, NULL, 103, 148, '2022-02-18 07:53:57', '2022-02-18 07:53:57'),
(479, NULL, 163, 148, '2022-02-18 07:53:57', '2022-02-18 07:53:57'),
(480, NULL, 164, 148, '2022-02-18 07:53:57', '2022-02-18 07:53:57'),
(481, NULL, 102, 8, '2022-02-18 07:53:57', '2022-02-18 07:53:57'),
(482, NULL, 103, 8, '2022-02-18 07:53:57', '2022-02-18 07:53:57'),
(483, NULL, 163, 8, '2022-02-18 07:53:57', '2022-02-18 07:53:57'),
(484, NULL, 164, 8, '2022-02-18 07:53:57', '2022-02-18 07:53:57'),
(485, NULL, 74, 148, '2022-02-18 07:55:13', '2022-02-18 07:55:13'),
(486, NULL, 75, 148, '2022-02-18 07:55:13', '2022-02-18 07:55:13'),
(487, NULL, 162, 148, '2022-02-18 07:55:13', '2022-02-18 07:55:13'),
(488, NULL, 74, 8, '2022-02-18 07:55:13', '2022-02-18 07:55:13'),
(489, NULL, 75, 8, '2022-02-18 07:55:13', '2022-02-18 07:55:13'),
(490, NULL, 162, 8, '2022-02-18 07:55:13', '2022-02-18 07:55:13'),
(491, NULL, 70, 148, '2022-02-18 07:56:13', '2022-02-18 07:56:13'),
(492, NULL, 71, 148, '2022-02-18 07:56:13', '2022-02-18 07:56:13'),
(493, NULL, 161, 148, '2022-02-18 07:56:13', '2022-02-18 07:56:13'),
(494, NULL, 70, 8, '2022-02-18 07:56:13', '2022-02-18 07:56:13'),
(495, NULL, 71, 8, '2022-02-18 07:56:13', '2022-02-18 07:56:13'),
(496, NULL, 161, 8, '2022-02-18 07:56:13', '2022-02-18 07:56:13'),
(497, NULL, 66, 148, '2022-02-18 07:56:57', '2022-02-18 07:56:57'),
(498, NULL, 67, 148, '2022-02-18 07:56:57', '2022-02-18 07:56:57'),
(499, NULL, 160, 148, '2022-02-18 07:56:57', '2022-02-18 07:56:57'),
(500, NULL, 66, 8, '2022-02-18 07:56:57', '2022-02-18 07:56:57'),
(501, NULL, 67, 8, '2022-02-18 07:56:57', '2022-02-18 07:56:57'),
(502, NULL, 160, 8, '2022-02-18 07:56:57', '2022-02-18 07:56:57');

-- --------------------------------------------------------


-- --------------------------------------------------------


--
-- Dumping data for table `addon_set_translations`
--

INSERT INTO `addon_set_translations` (`id`, `title`, `addon_id`, `language_id`, `created_at`, `updated_at`) VALUES
(1, 'Small Parcels', 1, 1, NULL, NULL),
(2, 'Dim Sums', 2, 1, NULL, NULL),
(3, 'Chocolate mousse', 3, 1, NULL, NULL),
(4, 'Chicken with Chestnuts', 4, 1, NULL, NULL),
(5, 'Spring Rolls', 5, 1, NULL, NULL),
(6, 'Hot&CrispyChicken', 6, 1, NULL, NULL),
(7, 'Fajitas', 7, 1, NULL, NULL),
(8, 'Twinkies', 8, 1, NULL, NULL),
(9, 'Hot choclate', 9, 1, NULL, NULL),
(10, 'Pot roast', 10, 1, NULL, NULL),
(11, 'Salad', 11, 1, NULL, '2022-02-18 06:31:37'),
(12, 'Lemonade', 12, 1, NULL, NULL),
(13, 'Cobb salad', 13, 1, NULL, NULL),
(14, 'Iced tea', 14, 1, NULL, NULL),
(15, 'Dumplings', 15, 1, NULL, NULL),
(16, 'Smoothie', 16, 1, NULL, NULL),
(17, 'Chow Mein', 17, 1, NULL, NULL),
(18, 'French onion Soup', 18, 1, NULL, '2021-10-08 06:24:25'),
(19, 'Barbecue Ribs', 19, 1, NULL, NULL),
(20, 'Chicken confit', 20, 1, NULL, NULL),
(21, 'Prawn Pie', 21, 1, NULL, NULL),
(22, 'Poached Pear Salad', 22, 1, NULL, NULL),
(23, 'Crispy Calamari Rings', 23, 1, NULL, NULL),
(24, 'Salmon en papillote', 24, 1, NULL, NULL),
(25, 'Sweet Potato Pie', 25, 1, NULL, NULL),
(26, 'Tempura', 26, 1, NULL, NULL),
(27, 'Quiche Lorraine', 27, 1, NULL, NULL),
(28, 'Sushi', 28, 1, NULL, NULL),
(29, 'Flamiche', 29, 1, NULL, NULL),
(30, 'Miso Soup', 30, 1, NULL, NULL),
(31, 'Unagi', 31, 1, NULL, NULL),
(32, 'Choclate souffle', 32, 1, NULL, NULL),
(33, 'Yakitori', 33, 1, NULL, NULL),
(34, 'Beer', 34, 1, NULL, NULL),
(35, 'Apple Sausage Plait', 35, 1, NULL, NULL),
(36, 'Wine', 36, 1, NULL, NULL),
(37, 'Peppered Pasta Salad', 37, 1, NULL, NULL),
(38, 'Margherita price', 38, 1, NULL, NULL),
(39, 'Almond and date cake', 39, 1, NULL, NULL),
(40, 'Almond and date cake', 40, 1, NULL, NULL),
(41, 'Mushroom Risotto', 41, 1, NULL, NULL),
(42, 'Focaccia Bred', 42, 1, NULL, NULL),
(43, 'Bruschetta', 43, 1, NULL, NULL),
(44, 'Burger', 44, 1, NULL, NULL),
(45, 'French fries', 45, 1, NULL, NULL),
(46, 'choclate mouse', 46, 1, NULL, NULL),
(47, 'Roasted strawberry crumble', 47, 1, NULL, NULL),
(48, 'Apple cinnamon custard cake', 48, 1, NULL, NULL),
(49, 'Small Cake and pastries', 49, 1, NULL, NULL),
(50, 'almond cookie', 50, 1, NULL, NULL),
(51, 'onigiri', 51, 1, NULL, NULL),
(52, 'sumas dbiles', 2, 148, '2022-02-18 06:26:44', '2022-02-18 06:26:44'),
(53, ' ', 2, 8, '2022-02-18 06:26:44', '2022-02-18 06:26:44'),
(54, 'Mousse de chocolate', 3, 148, '2022-02-18 06:27:23', '2022-02-18 06:27:23'),
(55, ' ', 3, 8, '2022-02-18 06:27:23', '2022-02-18 06:27:23'),
(56, 'Pollo con Castaas', 4, 148, '2022-02-18 06:27:54', '2022-02-18 06:27:54'),
(57, '  ', 4, 8, '2022-02-18 06:27:54', '2022-02-18 06:27:54'),
(58, 'Rollitos de primavera', 5, 148, '2022-02-18 06:28:43', '2022-02-18 06:28:43'),
(59, '  \"', 5, 8, '2022-02-18 06:28:43', '2022-02-18 06:28:43'),
(60, 'Pollo caliente y crujiente', 6, 148, '2022-02-18 06:29:19', '2022-02-18 06:29:19'),
(61, '   ', 6, 8, '2022-02-18 06:29:19', '2022-02-18 06:29:19'),
(62, 'fajitas', 7, 148, '2022-02-18 06:29:53', '2022-02-18 06:29:53'),
(63, '', 7, 8, '2022-02-18 06:29:53', '2022-02-18 06:29:53'),
(64, 'Twinkies', 8, 148, '2022-02-18 06:30:27', '2022-02-18 06:30:27'),
(65, '', 8, 8, '2022-02-18 06:30:27', '2022-02-18 06:30:27'),
(66, 'Rostizado', 10, 148, '2022-02-18 06:30:54', '2022-02-18 06:30:54'),
(67, '  ', 10, 8, '2022-02-18 06:30:54', '2022-02-18 06:30:54'),
(68, 'Ensalada', 11, 148, '2022-02-18 06:31:37', '2022-02-18 06:31:37'),
(69, '', 11, 8, '2022-02-18 06:31:37', '2022-02-18 06:31:37'),
(70, 'Ensalada Cobb', 13, 148, '2022-02-18 06:32:22', '2022-02-18 06:32:22'),
(71, ' ', 13, 8, '2022-02-18 06:32:22', '2022-02-18 06:32:22'),
(72, 'albndigas', 15, 148, '2022-02-18 06:33:25', '2022-02-18 06:33:25'),
(73, '', 15, 8, '2022-02-18 06:33:25', '2022-02-18 06:33:25'),
(74, 'Chow mein', 17, 148, '2022-02-18 06:33:54', '2022-02-18 06:33:54'),
(75, ' ', 17, 8, '2022-02-18 06:33:54', '2022-02-18 06:33:54'),
(76, 'Costillas a la barbacoa', 19, 148, '2022-02-18 06:34:21', '2022-02-18 06:34:21'),
(77, ' ', 19, 8, '2022-02-18 06:34:21', '2022-02-18 06:34:21'),
(78, 'Chocolate caliente', 9, 148, '2022-02-18 07:10:52', '2022-02-18 07:10:52'),
(79, ' ', 9, 8, '2022-02-18 07:10:52', '2022-02-18 07:10:52'),
(80, 'Limonada', 12, 148, '2022-02-18 07:11:57', '2022-02-18 07:11:57'),
(81, ' ', 12, 8, '2022-02-18 07:11:57', '2022-02-18 07:11:57'),
(82, 'Te helado', 14, 148, '2022-02-18 07:12:33', '2022-02-18 07:12:33'),
(83, ' ', 14, 8, '2022-02-18 07:12:33', '2022-02-18 07:12:33'),
(84, 'Zalamera', 16, 148, '2022-02-18 07:13:16', '2022-02-18 07:13:16'),
(85, '', 16, 8, '2022-02-18 07:13:16', '2022-02-18 07:13:16'),
(86, 'Sopa francesa de cebolla', 18, 148, '2022-02-18 07:14:10', '2022-02-18 07:14:10'),
(87, '  ', 18, 8, '2022-02-18 07:14:10', '2022-02-18 07:14:10'),
(88, 'Confit de pollo', 20, 148, '2022-02-18 07:14:53', '2022-02-18 07:14:53'),
(89, ' ', 20, 8, '2022-02-18 07:14:53', '2022-02-18 07:14:53'),
(90, 'salmn al papillote', 24, 148, '2022-02-18 07:15:45', '2022-02-18 07:15:45'),
(91, '  ', 24, 8, '2022-02-18 07:15:45', '2022-02-18 07:15:45'),
(92, 'Quich Lorena', 27, 148, '2022-02-18 07:16:48', '2022-02-18 07:16:48'),
(93, ' ', 27, 8, '2022-02-18 07:16:48', '2022-02-18 07:16:48'),
(94, 'Flamiche', 29, 148, '2022-02-18 07:19:52', '2022-02-18 07:19:52'),
(95, 'Flamiche', 29, 8, '2022-02-18 07:19:52', '2022-02-18 07:19:52'),
(96, 'Souffl de chocolate', 32, 148, '2022-02-18 07:20:33', '2022-02-18 07:20:33'),
(97, ' ', 32, 8, '2022-02-18 07:20:33', '2022-02-18 07:20:33'),
(98, 'Souffl de chocolate', 36, 148, '2022-02-18 07:23:44', '2022-02-18 07:23:44'),
(99, ' ', 36, 8, '2022-02-18 07:23:44', '2022-02-18 07:23:44'),
(100, 'Cerveza', 34, 148, '2022-02-18 07:31:34', '2022-02-18 07:31:34'),
(101, '', 34, 8, '2022-02-18 07:31:34', '2022-02-18 07:31:34'),
(102, 'precio margarita', 38, 148, '2022-02-18 07:33:31', '2022-02-18 07:33:31'),
(103, ' ', 38, 8, '2022-02-18 07:33:31', '2022-02-18 07:33:31'),
(104, 'Risotto de hongos', 41, 148, '2022-02-18 07:34:04', '2022-02-18 07:34:04'),
(105, '  ', 41, 8, '2022-02-18 07:34:04', '2022-02-18 07:34:04'),
(106, 'Focaccia criado', 42, 148, '2022-02-18 07:34:38', '2022-02-18 07:34:38'),
(107, ' ', 42, 8, '2022-02-18 07:34:38', '2022-02-18 07:34:38'),
(108, 'Bruschetta', 43, 148, '2022-02-18 07:35:09', '2022-02-18 07:35:09'),
(109, '', 43, 8, '2022-02-18 07:35:09', '2022-02-18 07:35:09'),
(110, 'Hamburguesa', 44, 148, '2022-02-18 07:35:53', '2022-02-18 07:35:53'),
(111, '', 44, 8, '2022-02-18 07:35:53', '2022-02-18 07:35:53'),
(112, 'papas fritas', 45, 148, '2022-02-18 07:36:26', '2022-02-18 07:36:26'),
(113, ' ', 45, 8, '2022-02-18 07:36:26', '2022-02-18 07:36:26'),
(114, 'Tarta de almendras y dtiles', 39, 148, '2022-02-18 07:37:22', '2022-02-18 07:37:22'),
(115, '  ', 39, 8, '2022-02-18 07:37:22', '2022-02-18 07:37:22'),
(116, 'Tarta de almendras y dtiles', 40, 148, '2022-02-18 07:37:52', '2022-02-18 07:37:52'),
(117, '  ', 40, 8, '2022-02-18 07:37:52', '2022-02-18 07:37:52'),
(118, 'mousse de chocolate', 46, 148, '2022-02-18 07:38:21', '2022-02-18 07:38:21'),
(119, ' ', 46, 8, '2022-02-18 07:38:21', '2022-02-18 07:38:21'),
(120, 'Crumble de fresas asadas', 47, 148, '2022-02-18 07:39:20', '2022-02-18 07:39:20'),
(121, '  ', 47, 8, '2022-02-18 07:39:20', '2022-02-18 07:39:20'),
(122, 'Tarta de crema pastelera de manzana y canela', 48, 148, '2022-02-18 07:40:58', '2022-02-18 07:40:58'),
(123, '   ', 48, 8, '2022-02-18 07:40:58', '2022-02-18 07:40:58'),
(124, 'Tarta pequea y bollera', 49, 148, '2022-02-18 07:41:39', '2022-02-18 07:41:39'),
(125, '  ', 49, 8, '2022-02-18 07:41:39', '2022-02-18 07:41:39'),
(126, 'galleta de almendras', 50, 148, '2022-02-18 07:42:10', '2022-02-18 07:42:10'),
(127, ' ', 50, 8, '2022-02-18 07:42:10', '2022-02-18 07:42:10'),
(128, 'Tarta De Gambas', 21, 148, '2022-02-18 07:43:06', '2022-02-18 07:43:06'),
(129, ' ', 21, 8, '2022-02-18 07:43:06', '2022-02-18 07:43:06'),
(130, 'Ensalada De Peras Escalfadas', 22, 148, '2022-02-18 07:43:42', '2022-02-18 07:43:42'),
(131, '  ', 22, 8, '2022-02-18 07:43:42', '2022-02-18 07:43:42'),
(132, 'Aros De Calamares Crujientes', 23, 148, '2022-02-18 07:44:11', '2022-02-18 07:44:11'),
(133, '  ', 23, 8, '2022-02-18 07:44:11', '2022-02-18 07:44:11'),
(134, 'Pastel De Camote', 25, 148, '2022-02-18 07:44:46', '2022-02-18 07:44:46'),
(135, '  ', 25, 8, '2022-02-18 07:44:46', '2022-02-18 07:44:46'),
(136, 'Tempura', 26, 148, '2022-02-18 07:45:30', '2022-02-18 07:45:30'),
(137, '', 26, 8, '2022-02-18 07:45:30', '2022-02-18 07:45:30'),
(138, '', 28, 148, '2022-02-18 07:45:59', '2022-02-18 07:45:59'),
(139, '', 28, 8, '2022-02-18 07:45:59', '2022-02-18 07:45:59'),
(140, 'Sopa de miso', 30, 148, '2022-02-18 07:46:32', '2022-02-18 07:46:32'),
(141, '  ', 30, 8, '2022-02-18 07:46:32', '2022-02-18 07:46:32'),
(142, 'Unagi', 31, 148, '2022-02-18 07:46:57', '2022-02-18 07:46:57'),
(143, '', 31, 8, '2022-02-18 07:46:57', '2022-02-18 07:46:57'),
(144, 'Onigiri', 51, 148, '2022-02-18 07:53:57', '2022-02-18 07:53:57'),
(145, '', 51, 8, '2022-02-18 07:53:57', '2022-02-18 07:53:57'),
(146, 'Ensalada De Pasta A La Pimienta', 37, 148, '2022-02-18 07:55:13', '2022-02-18 07:55:13'),
(147, '  ', 37, 8, '2022-02-18 07:55:13', '2022-02-18 07:55:13'),
(148, 'Trenza De Salchicha De Manzana', 35, 148, '2022-02-18 07:56:13', '2022-02-18 07:56:13'),
(149, '  ', 35, 8, '2022-02-18 07:56:13', '2022-02-18 07:56:13'),
(150, 'Yakitori', 33, 148, '2022-02-18 07:56:57', '2022-02-18 07:56:57'),
(151, '', 33, 8, '2022-02-18 07:56:57', '2022-02-18 07:56:57');



-- --------------------------------------------------------


--
-- Dumping data for table `brands`
--

INSERT INTO `brands` (`id`, `title`, `image`, `image_banner`, `position`, `status`, `created_at`, `updated_at`) VALUES
(1, 'Mcdonald\'s', 'brand/yV9mYaMfeUJV3xOdA2fDIKCh2eDYNK17MNIelrLC.png', 'brand/XttLVfqXwgNWaXV5Q0W60dqYzvefAunuvFzMZAOV.png', 1, 1, NULL, '2022-02-17 12:54:11'),
(2, 'KFC', 'brand/62skDHs1V4Z3ROybswFfkuLW2C9exSJRxbofbWfE.png', 'brand/wL2q7rtWnJUACEtWcBDIG88iNysEB3BesUcgrowR.jpg', 2, 1, NULL, '2021-10-08 07:31:34'),
(3, 'Domino\'s', 'brand/gWTaMyGdo5mO0x9Xi5JPVJ7zq2wlqtGcpjCOM9I7.png', 'brand/gcYfdTk1FxT5T4aA4rzzjQagluY6lgFw03swq8XC.jpg', 3, 1, NULL, '2021-10-08 07:33:12'),
(4, 'Burger king', 'brand/DEQTU5g4XEbGDl2cGv9DOUCjRMOCRI0fBcnBSB43.jpg', 'brand/0bFxkEh5WbIOvH2L7rtqyYPMclrQyipug8EFEeoB.jpg', 4, 1, NULL, '2021-10-08 07:34:22');


--
-- Dumping data for table `brand_categories`
--


INSERT INTO `brand_categories` (`id`, `brand_id`, `category_id`, `created_at`, `updated_at`) VALUES
(73, 2, 18, NULL, NULL),
(74, 2, 19, NULL, NULL),
(75, 3, 16, NULL, NULL),
(76, 3, 20, NULL, NULL),
(77, 4, 14, NULL, NULL),
(78, 4, 16, NULL, NULL),
(79, 4, 19, NULL, NULL),
(80, 1, 14, NULL, NULL),
(81, 1, 15, NULL, NULL),
(82, 1, 16, NULL, NULL);




-- --------------------------------------------------------

-- --------------------------------------------------------

--
-- Dumping data for table `category_translations`
--

INSERT INTO `category_translations` (`id`, `name`, `trans-slug`, `meta_title`, `meta_description`, `meta_keywords`, `category_id`, `language_id`, `created_at`, `updated_at`) VALUES
(1, 'root', '', 'root', '', '', 1, 1, NULL, '2022-02-17 10:42:42'),
(2, 'Delivery', '', 'Delivery', NULL, NULL, 2, 1, NULL, '2022-02-17 10:42:42'),
(3, 'Restaurant', '', 'Restaurant', NULL, NULL, 3, 1, NULL, '2022-02-17 10:42:42'),
(4, 'Supermarket', '', 'Supermarket', NULL, NULL, 4, 1, NULL, '2022-02-17 10:42:42'),
(5, 'Pharmacy', '', 'Pharmacy', NULL, NULL, 5, 1, NULL, '2022-02-17 10:42:42'),
(6, 'Send something', '', 'Send something', '', '', 6, 1, NULL, '2022-02-17 10:42:42'),
(7, 'Buy something', '', 'Buy something', '', '', 7, 1, NULL, '2022-02-17 10:42:42'),
(8, 'Vegetables', '', 'Vegetables', '', '', 8, 1, NULL, '2022-02-17 10:42:42'),
(9, 'Fruits', '', 'Fruits', '', '', 9, 1, NULL, '2022-02-17 10:42:42'),
(10, 'Dairy and Eggs', '', 'Dairy and Eggs', '', '', 10, 1, NULL, '2022-02-17 10:42:42'),
(11, 'E-Commerce', '', 'E-Commerce', NULL, NULL, 11, 1, NULL, '2022-02-17 10:42:42'),
(12, 'Cloth', '', 'Cloth', NULL, NULL, 12, 1, NULL, '2022-02-17 10:42:42'),
(13, 'Dispatcher', '', 'Dispatcher', NULL, NULL, 13, 1, NULL, '2022-02-17 10:42:42'),
(14, 'Continental', NULL, 'Continental', NULL, NULL, 14, 1, '2021-09-29 06:34:01', '2022-02-17 10:42:42'),
(15, 'Beverages', NULL, 'Beverages', NULL, NULL, 15, 1, '2021-09-29 06:34:36', '2022-02-17 10:42:42'),
(16, 'Italian', NULL, 'Italian', NULL, NULL, 16, 1, '2021-09-29 06:35:17', '2022-02-17 10:42:42'),
(17, 'Desserts', NULL, 'Desserts', NULL, NULL, 17, 1, '2021-09-29 06:35:37', '2022-02-17 10:42:42'),
(18, 'Chinese', NULL, 'Chinese', NULL, NULL, 18, 1, '2021-09-29 06:36:28', '2022-02-17 10:42:42'),
(19, 'Japanese', NULL, 'Japanese', NULL, NULL, 19, 1, '2021-10-08 04:50:56', '2022-02-17 10:42:42'),
(20, 'American', NULL, 'American', NULL, NULL, 20, 1, '2021-10-08 04:52:43', '2022-02-17 10:42:42'),
(21, 'French', NULL, 'French', NULL, NULL, 21, 1, '2021-10-08 04:53:22', '2022-02-17 10:42:42'),
(22, 'italian', NULL, 'italian', NULL, NULL, 22, 1, '2022-02-17 11:25:03', '2022-02-17 11:25:03'),
(23, 'italiano', NULL, 'italiano', NULL, NULL, 22, 148, '2022-02-17 11:25:03', '2022-02-17 12:45:46'),
(24, '', NULL, '', NULL, NULL, 22, 8, '2022-02-17 11:25:03', '2022-02-17 12:45:46'),
(25, 'Continental', NULL, 'Continental', NULL, NULL, 14, 148, '2022-02-17 12:37:49', '2022-02-17 12:37:49'),
(26, '', NULL, '', NULL, NULL, 14, 8, '2022-02-17 12:37:49', '2022-02-17 12:37:49'),
(27, 'Bebidas', NULL, 'Bebidas', NULL, NULL, 15, 148, '2022-02-17 12:39:03', '2022-02-17 12:39:03'),
(28, '', NULL, '', NULL, NULL, 15, 8, '2022-02-17 12:39:03', '2022-02-17 12:39:03'),
(29, 'Italiano', NULL, 'Italiano', NULL, NULL, 16, 148, '2022-02-17 12:40:24', '2022-02-17 12:40:24'),
(30, '', NULL, '', NULL, NULL, 16, 8, '2022-02-17 12:40:24', '2022-02-17 12:40:24'),
(31, 'Postres', NULL, 'Postres', NULL, NULL, 17, 148, '2022-02-17 12:41:05', '2022-02-17 12:41:05'),
(32, '', NULL, '', NULL, NULL, 17, 8, '2022-02-17 12:41:05', '2022-02-17 12:41:05'),
(33, 'Chino', NULL, 'Chino', NULL, NULL, 18, 148, '2022-02-17 12:41:58', '2022-02-17 12:41:58'),
(34, '', NULL, '', NULL, NULL, 18, 8, '2022-02-17 12:41:58', '2022-02-17 12:41:58'),
(35, 'Japons', NULL, 'Japons', NULL, NULL, 19, 148, '2022-02-17 12:43:15', '2022-02-17 12:43:15'),
(36, '', NULL, '', NULL, NULL, 19, 8, '2022-02-17 12:43:15', '2022-02-17 12:43:15'),
(37, 'Americano', NULL, 'Americano', NULL, NULL, 20, 148, '2022-02-17 12:43:50', '2022-02-17 12:43:50'),
(38, '', NULL, '', NULL, NULL, 20, 8, '2022-02-17 12:43:50', '2022-02-17 12:43:50'),
(39, 'Francs', NULL, 'Francs', NULL, NULL, 21, 148, '2022-02-17 12:44:49', '2022-02-17 12:44:49'),
(40, '', NULL, '', NULL, NULL, 21, 8, '2022-02-17 12:44:49', '2022-02-17 12:44:49');


-- --------------------------------------------------------

--
-- Dumping data for table `products`
--

INSERT INTO `products` (`id`, `sku`, `title`, `url_slug`, `description`, `body_html`, `vendor_id`, `category_id`, `type_id`, `country_origin_id`, `is_new`, `is_featured`, `is_live`, `is_physical`, `weight`, `weight_unit`, `has_inventory`, `has_variant`, `sell_when_out_of_stock`, `requires_shipping`, `Requires_last_mile`, `averageRating`, `inquiry_only`, `publish_at`, `created_at`, `updated_at`, `brand_id`, `tax_category_id`, `deleted_at`, `pharmacy_check`, `tags`, `need_price_from_dispatcher`, `mode_of_service`, `delay_order_hrs`, `delay_order_min`, `pickup_delay_order_hrs`, `pickup_delay_order_min`, `dropoff_delay_order_hrs`, `dropoff_delay_order_min`, `need_shipment`, `minimum_order_count`, `batch_count`, `delay_order_hrs_for_dine_in`, `delay_order_min_for_dine_in`, `delay_order_hrs_for_takeway`, `delay_order_min_for_takeway`) VALUES
(1, 'sku-id', '1', 'sku-id', NULL, NULL, 1, NULL, 1, NULL, 1, 1, 1, 1, NULL, NULL, 0, 0, 0, 0, 0, '5.00', 0, NULL, NULL, NULL, NULL, NULL, NULL, 0, NULL, NULL, NULL, 0, 0, 0, 0, 0, 0, 0, 1, 1, 0, 0, 0, 0),
(2, 'CN907', 'Dim Sums', 'CN907', NULL, '', 6, 18, 1, NULL, 1, 1, 1, 0, NULL, NULL, 1, 0, 0, 0, 1, '5.00', 0, '2021-09-29 07:02:58', NULL, '2022-02-21 13:15:37', 2, NULL, NULL, 0, NULL, '0', NULL, 0, 0, 0, 0, 0, 0, 0, 1, 555, 0, 0, 0, 0),
(3, 'CN908', 'Hot and Sour Soup', 'CN908', NULL, '', 6, 18, 1, NULL, 1, 1, 1, 0, NULL, NULL, 1, 0, 0, 0, 1, '3.00', 0, '2021-09-29 07:04:51', NULL, '2022-02-21 12:35:45', 2, NULL, NULL, 0, NULL, '0', NULL, 0, 0, 0, 0, 0, 0, 0, 1, 1, 0, 0, 0, 0),
(4, 'CN909', 'Chicken with Chestnuts', 'CN909', NULL, '', 6, 18, 1, NULL, 1, 1, 0, 0, NULL, NULL, 1, 0, 0, 0, 1, '5.00', 0, '2021-09-29 07:06:03', NULL, '2022-02-25 09:10:20', 2, NULL, NULL, 0, NULL, '0', NULL, 0, 0, 0, 0, 0, 0, 0, 1, 1, 0, 0, 0, 0),
(5, 'CN910', 'Spring Rolls', 'CN910', NULL, '', 6, 18, 1, NULL, 1, 1, 1, 0, NULL, NULL, 1, 0, 0, 0, 1, '5.00', 0, '2021-09-29 07:08:27', NULL, '2021-10-08 08:28:15', 2, NULL, NULL, 0, NULL, '0', NULL, 0, 0, 0, 0, 0, 0, 0, 1, 1, 0, 0, 0, 0),
(6, 'BVRG277', 'Lemonade', 'BVRG277', NULL, '', 5, 15, 1, NULL, 1, 1, 1, 0, NULL, NULL, 1, 0, 0, 0, 1, '5.00', 0, '2021-09-29 07:11:46', NULL, '2021-10-04 13:56:27', NULL, NULL, NULL, 0, NULL, '0', NULL, 0, 0, 0, 0, 0, 0, 0, 1, 1, 0, 0, 0, 0),
(7, 'BVRG278', 'Hot chocolate', 'BVRG278', NULL, '', 5, 15, 1, NULL, 1, 1, 1, 0, NULL, NULL, 1, 0, 0, 0, 1, '5.00', 0, '2021-09-29 07:12:51', NULL, '2021-10-04 13:56:32', NULL, NULL, NULL, 0, NULL, '0', NULL, 0, 0, 0, 0, 0, 0, 0, 1, 1, 0, 0, 0, 0),
(8, 'BVRG279', 'Iced tea', 'BVRG279', NULL, '', 5, 15, 1, NULL, 1, 1, 1, 0, NULL, NULL, 1, 0, 0, 0, 1, '5.00', 0, '2021-09-29 07:13:44', NULL, '2021-10-04 13:56:37', NULL, NULL, NULL, 0, NULL, '0', NULL, 0, 0, 0, 0, 0, 0, 0, 1, 1, 0, 0, 0, 0),
(9, 'BVRG280', 'Smoothie', 'BVRG280', NULL, '', 5, 15, 1, NULL, 1, 1, 1, 0, NULL, NULL, 1, 0, 0, 0, 1, '5.00', 0, '2021-09-29 07:14:33', NULL, '2021-10-04 13:56:41', NULL, NULL, NULL, 0, NULL, '0', NULL, 0, 0, 0, 0, 0, 0, 0, 1, 1, 0, 0, 0, 0),
(10, 'ITA555', 'Margherita pizza', 'ITA555', NULL, '', 4, 16, 1, NULL, 1, 1, 1, 0, NULL, NULL, 1, 0, 0, 0, 1, '5.00', 0, '2021-09-29 07:17:52', NULL, '2021-10-05 12:20:16', 3, NULL, NULL, 0, NULL, '0', NULL, 0, 0, 0, 0, 0, 0, 0, 1, 1, 0, 0, 0, 0),
(11, 'ITA556', 'Mushroom Risotto', 'ITA556', NULL, '', 4, 16, 1, NULL, 1, 1, 1, 0, NULL, NULL, 1, 0, 0, 0, 1, '5.00', 0, '2021-09-29 07:19:14', NULL, '2021-10-08 12:01:49', 1, NULL, NULL, 0, NULL, '0', NULL, 0, 0, 0, 0, 0, 0, 0, 1, 1, 0, 0, 0, 0),
(12, 'ITA557', 'Focaccia Bread ', 'ITA557', NULL, '', 4, 16, 1, NULL, 1, 1, 1, 0, NULL, NULL, 1, 0, 0, 0, 1, '4.00', 0, '2021-09-29 07:20:10', NULL, '2021-10-08 09:17:04', 4, NULL, NULL, 0, NULL, '0', NULL, 0, 0, 0, 0, 0, 0, 0, 1, 1, 0, 0, 0, 0),
(13, 'ITA558', 'Bruschetta', 'ITA558', NULL, '', 4, 16, 1, NULL, 1, 1, 1, 0, NULL, NULL, 1, 0, 0, 0, 1, '5.00', 0, '2021-09-29 07:21:46', NULL, '2021-10-08 12:02:01', 1, NULL, NULL, 0, NULL, '0', NULL, 0, 0, 0, 0, 0, 0, 0, 1, 1, 0, 0, 0, 0),
(14, 'DRS567', 'Almond and date cake', 'DRS567', NULL, '', 3, 17, 1, NULL, 1, 1, 1, 0, NULL, NULL, 1, 0, 0, 0, 1, '2.75', 0, '2021-09-29 07:24:10', NULL, '2022-02-21 13:36:14', NULL, NULL, NULL, 0, NULL, '0', NULL, 0, 0, 0, 0, 0, 0, 0, 1, 1, 0, 0, 0, 0),
(15, 'DRS568', 'Chocolate mousse', 'DRS568', NULL, '', 3, 17, 1, NULL, 1, 1, 1, 0, NULL, NULL, 1, 0, 0, 0, 1, '5.00', 0, '2021-09-29 07:25:39', NULL, '2021-10-04 13:55:15', NULL, NULL, NULL, 0, NULL, '0', NULL, 0, 0, 0, 0, 0, 0, 0, 1, 1, 0, 0, 0, 0),
(16, 'DRS569', 'Roasted strawberry crumble', 'DRS569', NULL, '', 3, 17, 1, NULL, 1, 1, 1, 0, NULL, NULL, 1, 0, 0, 0, 1, '5.00', 0, '2021-09-29 07:31:52', NULL, '2021-10-04 13:55:20', NULL, NULL, NULL, 0, NULL, '0', NULL, 0, 0, 0, 0, 0, 0, 0, 1, 1, 0, 0, 0, 0),
(17, 'DRS570', 'Apple cinnamon custard cake', 'DRS570', NULL, '', 3, 17, 1, NULL, 1, 1, 1, 0, NULL, NULL, 1, 0, 0, 0, 1, '5.00', 0, '2021-09-29 07:33:41', NULL, '2021-10-04 13:55:24', NULL, NULL, NULL, 0, NULL, '0', NULL, 0, 0, 0, 0, 0, 0, 0, 1, 1, 0, 0, 0, 0),
(18, 'CNN0088', 'Prawn Pie', 'CNN0088', NULL, '', 2, 14, 1, NULL, 1, 1, 1, 0, NULL, NULL, 1, 0, 0, 0, 1, '5.00', 0, '2021-09-29 07:43:07', NULL, '2022-02-26 09:54:04', 1, NULL, NULL, 0, NULL, '0', NULL, 0, 0, 0, 0, 0, 0, 0, 1, 1, 0, 0, 0, 0),
(19, 'CNN0089', 'Poached Pear Salad', 'CNN0089', NULL, '', 2, 14, 1, NULL, 1, 1, 1, 0, NULL, NULL, 1, 0, 0, 0, 1, '5.00', 0, '2021-09-29 07:43:54', NULL, '2021-10-04 13:55:40', NULL, NULL, NULL, 0, NULL, '0', NULL, 0, 0, 0, 0, 0, 0, 0, 1, 1, 0, 0, 0, 0),
(20, 'CNN0090', 'Crispy Calamari Rings', 'CNN0090', NULL, '', 2, 14, 1, NULL, 1, 1, 1, 0, NULL, NULL, 1, 0, 0, 0, 1, '5.00', 0, '2021-09-29 07:45:17', NULL, '2021-10-08 07:20:14', 1, NULL, NULL, 0, NULL, '0', NULL, 0, 0, 0, 0, 0, 0, 0, 1, 1, 0, 0, 0, 0),
(21, 'CNN0091', 'Sweet Potato Pie', 'CNN0091', NULL, '', 2, 14, 1, NULL, 1, 1, 1, 0, NULL, NULL, 1, 0, 0, 0, 1, '5.00', 0, '2021-09-29 07:46:11', NULL, '2022-02-18 12:30:52', NULL, NULL, NULL, 0, NULL, '0', NULL, 0, 0, 0, 0, 0, 0, 0, 1, 1, 0, 0, 0, 0),
(22, 'burger', NULL, 'Burger', NULL, NULL, 4, 16, 1, NULL, 1, 1, 1, 0, NULL, NULL, 1, 0, 0, 0, 1, '4.00', 0, '2021-10-05 12:17:55', '2021-10-05 12:15:00', '2021-10-05 12:47:25', 4, NULL, NULL, 0, NULL, '0', NULL, 0, 0, 0, 0, 0, 0, 0, 1, 1, 0, 0, 0, 0),
(23, 'French fries', NULL, 'French fries', NULL, NULL, 4, 16, 1, NULL, 1, 1, 1, 0, NULL, NULL, 1, 0, 0, 0, 1, '4.00', 0, '2021-10-05 12:27:06', '2021-10-05 12:24:33', '2021-10-08 09:16:42', 4, NULL, NULL, 0, NULL, '0', NULL, 0, 0, 0, 0, 0, 0, 0, 1, 1, 0, 0, 0, 0),
(24, 'Hot&CrispyChicken1633437837', NULL, 'Hot & Crispy Chicken1633437837', NULL, NULL, 6, 18, 1, NULL, 1, 1, 1, 0, NULL, NULL, 1, 0, 0, 0, 1, '4.00', 0, '2021-10-05 12:34:38', '2021-10-05 12:32:56', '2021-10-05 12:43:57', 2, NULL, '2021-10-05 12:43:57', 0, NULL, '0', NULL, 0, 0, 0, 0, 0, 0, 0, 1, 1, 0, 0, 0, 0),
(25, 'Hot&CrispyChicken', NULL, 'Hot&CrispyChicken', NULL, NULL, 6, 18, 1, NULL, 1, 1, 1, 0, NULL, NULL, 1, 0, 0, 0, 1, '4.00', 0, '2021-10-05 12:44:38', '2021-10-05 12:44:10', '2021-10-05 12:44:38', 2, NULL, NULL, 0, NULL, '0', NULL, 0, 0, 0, 0, 0, 0, 0, 1, 1, 0, 0, 0, 0),
(26, 'DRS167', 'Tempura', 'DRS167', NULL, '', 2, 19, 1, NULL, 1, 1, 1, 0, NULL, NULL, 1, 0, 0, 0, 1, '4.00', 0, '2021-10-08 05:24:58', NULL, '2021-10-08 12:08:14', 4, NULL, NULL, 0, NULL, '0', NULL, 0, 0, 0, 0, 0, 0, 0, 1, 1, 0, 0, 0, 0),
(27, 'DRS168', 'Sushi', 'DRS168', NULL, '', 2, 19, 1, NULL, 1, 1, 1, 0, NULL, NULL, 1, 0, 0, 0, 1, '4.00', 0, '2021-10-08 05:25:41', NULL, '2021-10-08 05:25:41', NULL, NULL, NULL, 0, NULL, '0', NULL, 0, 0, 0, 0, 0, 0, 0, 1, 1, 0, 0, 0, 0),
(28, 'DRS169', 'Miso Soup', 'DRS169', NULL, '', 2, 19, 1, NULL, 1, 1, 1, 0, NULL, NULL, 1, 0, 0, 0, 1, '4.00', 0, '2021-10-08 05:27:21', NULL, '2021-10-08 05:27:21', NULL, NULL, NULL, 0, NULL, '0', NULL, 0, 0, 0, 0, 0, 0, 0, 1, 1, 0, 0, 0, 0),
(29, 'DRS170', 'Unagi', 'DRS170', NULL, '', 2, 19, 1, NULL, 1, 1, 1, 0, NULL, NULL, 1, 0, 0, 0, 1, '4.00', 0, '2021-10-08 05:31:56', NULL, '2021-10-08 12:09:38', 4, NULL, NULL, 0, NULL, '0', NULL, 0, 0, 0, 0, 0, 0, 0, 1, 1, 0, 0, 0, 0),
(30, 'AMS123', 'Fajitas', 'AMS123', NULL, '', 6, 20, 1, NULL, 1, 1, 1, 0, NULL, NULL, 1, 0, 0, 0, 1, '5.00', 0, '2021-10-08 05:20:21', NULL, '2022-02-22 13:18:30', 3, NULL, NULL, 0, NULL, '0', NULL, 0, 0, 0, 0, 0, 0, 0, 1, 1, 0, 0, 0, 0),
(31, 'AMS124', 'Twinkies', 'AMS124', NULL, '', 6, 20, 1, NULL, 1, 1, 1, 0, NULL, NULL, 1, 0, 0, 0, 1, '4.00', 0, '2021-10-08 05:23:29', NULL, '2021-10-08 12:04:22', 3, NULL, NULL, 0, NULL, '0', NULL, 0, 0, 0, 0, 0, 0, 0, 1, 1, 0, 0, 0, 0),
(32, 'AMS125', 'Pot roast', 'AMS125', NULL, '', 6, 20, 1, NULL, 1, 1, 1, 0, NULL, NULL, 1, 0, 0, 0, 1, '4.00', 0, '2021-10-08 05:24:47', NULL, '2021-10-08 12:04:36', 3, NULL, NULL, 0, NULL, '0', NULL, 0, 0, 0, 0, 0, 0, 0, 1, 1, 0, 0, 0, 0),
(33, 'AMS126', 'Cobb salad', 'AMS126', NULL, '', 6, 20, 1, NULL, 1, 1, 1, 0, NULL, NULL, 1, 0, 0, 0, 1, '4.00', 0, '2021-10-08 05:26:04', NULL, '2021-10-08 12:04:50', 3, NULL, NULL, 0, NULL, '0', NULL, 0, 0, 0, 0, 0, 0, 0, 1, 1, 0, 0, 0, 0),
(34, 'FR321', 'French onion soup', 'FR321', NULL, '', 5, 21, 1, NULL, 1, 1, 1, 0, NULL, NULL, 1, 0, 0, 0, 1, '4.00', 0, '2021-10-08 05:11:15', NULL, '2021-10-08 05:11:15', NULL, NULL, NULL, 0, NULL, '0', NULL, 0, 0, 0, 0, 0, 0, 0, 1, 1, 0, 0, 0, 0),
(35, 'FR322', 'Chicken confit', 'FR322', NULL, '', 5, 21, 1, NULL, 1, 1, 1, 0, NULL, NULL, 1, 0, 0, 0, 1, '4.00', 0, '2021-10-08 05:12:57', NULL, '2021-10-08 05:12:57', NULL, NULL, NULL, 0, NULL, '0', NULL, 0, 0, 0, 0, 0, 0, 0, 1, 1, 0, 0, 0, 0),
(36, 'FR323', 'Salmon en papillote', 'FR323', NULL, '', 5, 21, 1, NULL, 1, 1, 1, 0, NULL, NULL, 1, 0, 0, 0, 1, '4.00', 0, '2021-10-08 05:15:13', NULL, '2021-10-08 05:15:13', NULL, NULL, NULL, 0, NULL, '0', NULL, 0, 0, 0, 0, 0, 0, 0, 1, 1, 0, 0, 0, 0),
(37, 'FR324', 'Quiche Lorraine', 'FR324', NULL, '', 5, 21, 1, NULL, 1, 1, 1, 0, NULL, NULL, 1, 0, 0, 0, 1, '4.00', 0, '2021-10-08 05:18:07', NULL, '2021-10-08 05:19:28', NULL, NULL, NULL, 0, NULL, '0', NULL, 0, 0, 0, 0, 0, 0, 0, 1, 1, 0, 0, 0, 0),
(38, 'DRS571', 'Small cakes and pastries', 'DRS571', NULL, '', 3, 17, 1, NULL, 1, 1, 1, 0, NULL, NULL, 1, 0, 0, 0, 1, '4.00', 0, '2021-10-08 05:41:06', NULL, '2021-10-08 05:41:06', NULL, NULL, NULL, 0, NULL, '0', NULL, 0, 0, 0, 0, 0, 0, 0, 1, 1, 0, 0, 0, 0),
(39, 'DRS5721633671725', 'Cheesecake', 'DRS5721633671725', NULL, '', 3, 17, 1, NULL, 1, 0, 1, 0, NULL, NULL, 0, 0, 0, 0, 0, '4.00', 0, NULL, NULL, '2021-10-08 05:42:05', NULL, NULL, '2021-10-08 05:42:05', 0, NULL, NULL, NULL, 0, 0, 0, 0, 0, 0, 0, 1, 1, 0, 0, 0, 0),
(40, 'CA221', 'Dumplings', 'CA221', NULL, '', 6, 18, 1, NULL, 1, 1, 1, 0, NULL, NULL, 1, 0, 0, 0, 1, '4.00', 0, '2021-10-08 05:43:29', NULL, '2021-10-08 05:43:29', NULL, NULL, NULL, 0, NULL, '0', NULL, 0, 0, 0, 0, 0, 0, 0, 1, 1, 0, 0, 0, 0),
(41, 'CA222', 'Chow Mein', 'CA222', NULL, '', 6, 18, 1, NULL, 1, 1, 1, 0, NULL, NULL, 1, 0, 0, 0, 1, '4.00', 0, '2021-10-08 05:45:55', NULL, '2021-10-08 08:30:01', 2, NULL, NULL, 0, NULL, '0', NULL, 0, 0, 0, 0, 0, 0, 0, 1, 1, 0, 0, 0, 0),
(42, 'CA223', 'Barbecue Ribs', 'CA223', NULL, '', 6, 20, 1, NULL, 1, 1, 1, 0, NULL, NULL, 1, 0, 0, 0, 1, '4.00', 0, '2021-10-08 05:48:04', NULL, '2021-10-08 05:48:04', NULL, NULL, NULL, 0, NULL, '0', NULL, 0, 0, 0, 0, 0, 0, 0, 1, 1, 0, 0, 0, 0),
(43, 'CA224', 'Hot Dogs', 'CA224', NULL, '', 6, 20, 1, NULL, 1, 1, 1, 0, NULL, NULL, 1, 0, 0, 0, 1, '4.00', 0, '2021-10-08 05:50:00', NULL, '2021-10-08 12:05:06', 3, NULL, NULL, 0, NULL, '0', NULL, 0, 0, 0, 0, 0, 0, 0, 1, 1, 0, 0, 0, 0),
(44, 'HJ632', 'Flamiche', 'HJ632', NULL, '', 5, 21, 1, NULL, 1, 1, 1, 0, NULL, NULL, 1, 0, 0, 0, 1, NULL, 0, '2021-10-08 05:49:17', NULL, '2021-10-08 05:56:47', NULL, NULL, NULL, 0, NULL, '0', NULL, 0, 0, 0, 0, 0, 0, 0, 1, 1, 0, 0, 0, 0),
(45, 'HJ633', 'Chocolate souffle', 'HJ633', NULL, '', 5, 21, 1, NULL, 1, 1, 1, 0, NULL, NULL, 1, 0, 0, 0, 1, NULL, 0, '2021-10-08 05:50:02', NULL, '2021-10-08 05:55:43', NULL, NULL, NULL, 0, NULL, '0', NULL, 0, 0, 0, 0, 0, 0, 0, 1, 1, 0, 0, 0, 0),
(46, 'KL135', 'Beer', 'KL135', NULL, '', 5, 15, 1, NULL, 1, 1, 1, 0, NULL, NULL, 1, 0, 0, 0, 1, NULL, 0, '2021-10-08 05:50:11', NULL, '2021-10-08 05:59:17', NULL, NULL, NULL, 0, NULL, '0', NULL, 0, 0, 0, 0, 0, 0, 0, 1, 1, 0, 0, 0, 0),
(47, 'KL136', 'Wine', 'KL136', NULL, '', 5, 15, 1, NULL, 1, 1, 1, 0, NULL, NULL, 1, 0, 0, 0, 1, NULL, 0, '2021-10-08 05:50:22', NULL, '2021-10-08 06:00:44', NULL, NULL, NULL, 0, NULL, '0', NULL, 0, 0, 0, 0, 0, 0, 0, 1, 1, 0, 0, 0, 0),
(48, 'OP185', 'almond cookie', 'OP185', NULL, '', 3, 17, 1, NULL, 1, 1, 1, 0, NULL, NULL, 1, 0, 0, 0, 1, NULL, 0, '2021-10-08 05:58:00', NULL, '2021-10-08 05:58:00', NULL, NULL, NULL, 0, NULL, '0', NULL, 0, 0, 0, 0, 0, 0, 0, 1, 1, 0, 0, 0, 0),
(49, 'NM456', 'Onigiri', 'NM456', NULL, '', 2, 19, 1, NULL, 1, 1, 1, 0, NULL, NULL, 1, 0, 0, 0, 1, NULL, 0, '2021-10-08 06:05:54', NULL, '2021-10-08 12:10:25', 4, NULL, NULL, 0, NULL, '0', NULL, 0, 0, 0, 0, 0, 0, 0, 1, 1, 0, 0, 0, 0),
(50, 'NM457', 'Yakitori', 'NM457', NULL, '', 2, 19, 1, NULL, 1, 1, 1, 0, NULL, NULL, 1, 0, 0, 0, 1, NULL, 0, '2021-10-08 06:12:55', NULL, '2022-02-24 11:20:34', NULL, NULL, NULL, 0, NULL, '0', NULL, 0, 0, 0, 0, 0, 0, 0, 1, 1, 0, 0, 0, 0),
(51, 'NM458', 'Apple Sausage Plait', 'NM458', NULL, '', 2, 14, 1, NULL, 1, 1, 1, 0, NULL, NULL, 1, 0, 0, 0, 1, NULL, 0, '2021-10-08 06:15:37', NULL, '2022-02-24 12:40:30', 1, NULL, NULL, 0, NULL, '0', NULL, 0, 0, 0, 0, 0, 0, 0, 1, 1, 0, 0, 0, 0),
(52, 'NM459', 'Peppered Pasta Salad', 'NM459', NULL, '', 2, 14, 1, NULL, 1, 1, 1, 0, NULL, NULL, 1, 0, 0, 0, 1, NULL, 0, '2021-10-08 06:17:18', NULL, '2022-02-25 10:18:12', 1, NULL, NULL, 0, NULL, '0', NULL, 0, 0, 0, 0, 0, 0, 0, 1, 1, 0, 0, 0, 0);

-- --------------------------------------------------------

--
-- Dumping data for table `product_addons`
--

INSERT INTO `product_addons` (`product_id`, `addon_id`, `created_at`, `updated_at`) VALUES
(3, 5, NULL, NULL),
(4, 4, NULL, NULL),
(5, 5, NULL, NULL),
(25, 6, NULL, NULL),
(30, 7, NULL, NULL),
(31, 8, NULL, NULL),
(32, 11, NULL, NULL),
(33, 13, NULL, NULL),
(40, 15, NULL, NULL),
(43, 6, NULL, NULL),
(41, 17, NULL, NULL),
(6, 12, NULL, NULL),
(7, 9, NULL, NULL),
(47, 36, NULL, NULL),
(46, 34, NULL, NULL),
(45, 32, NULL, NULL),
(44, 29, NULL, NULL),
(37, 27, NULL, NULL),
(36, 24, NULL, NULL),
(9, 16, NULL, NULL),
(8, 14, NULL, NULL),
(23, 45, NULL, NULL),
(22, 44, NULL, NULL),
(13, 43, NULL, NULL),
(12, 42, NULL, NULL),
(10, 41, NULL, NULL),
(11, 41, NULL, NULL),
(48, 50, NULL, NULL),
(38, 49, NULL, NULL),
(17, 48, NULL, NULL),
(16, 47, NULL, NULL),
(15, 46, NULL, NULL),
(14, 39, NULL, NULL),
(18, 21, NULL, NULL),
(51, 35, NULL, NULL),
(50, 33, NULL, NULL),
(49, 51, NULL, NULL),
(29, 31, NULL, NULL),
(52, 37, NULL, NULL),
(28, 30, NULL, NULL),
(27, 28, NULL, NULL),
(26, 26, NULL, NULL),
(21, 25, NULL, NULL),
(20, 23, NULL, NULL),
(19, 22, NULL, NULL),
(2, 2, NULL, NULL);

-- --------------------------------------------------------

--
-- Dumping data for table `product_categories`
--

INSERT INTO `product_categories` (`product_id`, `category_id`, `created_at`, `updated_at`) VALUES
(1, 11, NULL, NULL),
(2, 18, NULL, NULL),
(2, 18, NULL, NULL),
(3, 18, NULL, NULL),
(2, 18, NULL, NULL),
(3, 18, NULL, NULL),
(4, 18, NULL, NULL),
(2, 18, NULL, NULL),
(3, 18, NULL, NULL),
(4, 18, NULL, NULL),
(5, 18, NULL, NULL),
(6, 15, NULL, NULL),
(6, 15, NULL, NULL),
(7, 15, NULL, NULL),
(6, 15, NULL, NULL),
(7, 15, NULL, NULL),
(8, 15, NULL, NULL),
(6, 15, NULL, NULL),
(7, 15, NULL, NULL),
(8, 15, NULL, NULL),
(9, 15, NULL, NULL),
(10, 16, NULL, NULL),
(10, 16, NULL, NULL),
(11, 16, NULL, NULL),
(10, 16, NULL, NULL),
(11, 16, NULL, NULL),
(12, 16, NULL, NULL),
(10, 16, NULL, NULL),
(11, 16, NULL, NULL),
(12, 16, NULL, NULL),
(13, 16, NULL, NULL),
(14, 17, NULL, NULL),
(14, 17, NULL, NULL),
(15, 17, NULL, NULL),
(14, 17, NULL, NULL),
(15, 17, NULL, NULL),
(16, 17, NULL, NULL),
(14, 17, NULL, NULL),
(15, 17, NULL, NULL),
(16, 17, NULL, NULL),
(17, 17, NULL, NULL),
(18, 14, NULL, NULL),
(18, 14, NULL, NULL),
(19, 14, NULL, NULL),
(18, 14, NULL, NULL),
(19, 14, NULL, NULL),
(20, 14, NULL, NULL),
(18, 14, NULL, NULL),
(19, 14, NULL, NULL),
(20, 14, NULL, NULL),
(21, 14, NULL, NULL),
(22, 16, '2021-10-05 12:15:00', '2021-10-05 12:15:00'),
(23, 16, '2021-10-05 12:24:33', '2021-10-05 12:24:33'),
(24, 18, '2021-10-05 12:32:56', '2021-10-05 12:32:56'),
(25, 18, '2021-10-05 12:44:10', '2021-10-05 12:44:10'),
(26, 19, NULL, NULL),
(26, 19, NULL, NULL),
(27, 19, NULL, NULL),
(26, 19, NULL, NULL),
(27, 19, NULL, NULL),
(28, 19, NULL, NULL),
(26, 19, NULL, NULL),
(27, 19, NULL, NULL),
(28, 19, NULL, NULL),
(29, 19, NULL, NULL),
(30, 20, NULL, NULL),
(30, 20, NULL, NULL),
(31, 20, NULL, NULL),
(30, 20, NULL, NULL),
(31, 20, NULL, NULL),
(32, 20, NULL, NULL),
(30, 20, NULL, NULL),
(31, 20, NULL, NULL),
(32, 20, NULL, NULL),
(33, 20, NULL, NULL),
(34, 21, NULL, NULL),
(34, 21, NULL, NULL),
(35, 21, NULL, NULL),
(34, 21, NULL, NULL),
(35, 21, NULL, NULL),
(36, 21, NULL, NULL),
(34, 21, NULL, NULL),
(35, 21, NULL, NULL),
(36, 21, NULL, NULL),
(37, 21, NULL, NULL),
(38, 17, NULL, NULL),
(38, 17, NULL, NULL),
(39, 17, NULL, NULL),
(40, 18, NULL, NULL),
(40, 18, NULL, NULL),
(41, 18, NULL, NULL),
(40, 18, NULL, NULL),
(41, 18, NULL, NULL),
(42, 20, NULL, NULL),
(40, 18, NULL, NULL),
(41, 18, NULL, NULL),
(42, 20, NULL, NULL),
(43, 20, NULL, NULL),
(44, 21, NULL, NULL),
(44, 21, NULL, NULL),
(45, 21, NULL, NULL),
(46, 15, NULL, NULL),
(46, 15, NULL, NULL),
(47, 15, NULL, NULL),
(48, 17, NULL, NULL),
(49, 19, NULL, NULL),
(49, 19, NULL, NULL),
(50, 19, NULL, NULL),
(49, 19, NULL, NULL),
(50, 19, NULL, NULL),
(51, 14, NULL, NULL),
(49, 19, NULL, NULL),
(50, 19, NULL, NULL),
(51, 14, NULL, NULL),
(52, 14, NULL, NULL);

-- --------------------------------------------------------

--
-- Dumping data for table `vendor_media`
--

INSERT INTO `vendor_media` (`id`, `media_type`, `vendor_id`, `path`, `created_at`, `updated_at`) VALUES
(6, 1, 5, 'prods/jKHlA2FDrfbK0ClGItyXuhgC9PLOYuiuRNCH0wXA.jpg', '2021-09-29 07:12:38', '2021-09-29 07:12:38'),
(42, 1, 6, 'prods/ReUH9eAtYGUQzgI5FnU0aFYbQCKNeWX3f4i8dTxk.jpg', '2021-10-04 12:56:07', '2021-10-04 12:56:07'),
(43, 1, 6, 'prods/ftNkfhwvDnZbmuoY36iB5K9dXMy7S8ZvMoWgpcDE.jpg', '2021-10-04 13:02:12', '2021-10-04 13:02:12'),
(44, 1, 6, 'prods/2umYQSTnGYgbCyG0AGHAqhqG3TqnI6e50mHVQgkF.jpg', '2021-10-04 13:05:39', '2021-10-04 13:05:39'),
(45, 1, 6, 'prods/3fEwz3DRWVjsxooRMhZoFQSp5epqlToocHBdNftu.webp', '2021-10-04 13:06:44', '2021-10-04 13:06:44'),
(46, 1, 6, 'prods/rEHP6l6qfvAI1BUmMNhdT1SfWFoSBbwuFfNWkXJB.webp', '2021-10-04 13:07:15', '2021-10-04 13:07:15'),
(48, 1, 6, 'prods/ZRsRQew8AihXdI6i8HIxVM3w36ZWhirQea7uHH5i.jpg', '2021-10-04 13:09:19', '2021-10-04 13:09:19'),
(49, 1, 5, 'prods/BWxtGVIKhviD4LRn4tOcBpieTV58jo1HpUNWnBxs.jpg', '2021-10-04 13:12:57', '2021-10-04 13:12:57'),
(50, 1, 5, 'prods/hyqmjfhyokSbOKR9puwqi8wBc3EmU2GTt8OFCbgL.jpg', '2021-10-04 13:14:43', '2021-10-04 13:14:43'),
(51, 1, 5, 'prods/EDH8rOBmGTskGP4mpjUKJf9xWIkIhClWKrJrhD1k.jpg', '2021-10-04 13:15:59', '2021-10-04 13:15:59'),
(52, 1, 4, 'prods/CKffO1ZO1iMJOsxTXTabFfKXU2wAqi7E1TYgUPYb.jpg', '2021-10-04 13:17:25', '2021-10-04 13:17:25'),
(53, 1, 4, 'prods/ZQe0MWn1B5qKVeZYCPekm4QWTCrweFQTsPn8AJ86.jpg', '2021-10-04 13:18:21', '2021-10-04 13:18:21'),
(54, 1, 4, 'prods/YS2KmpBd1Ksz5u9LIKPuX3O4UWO0czluFLLQmkET.jpg', '2021-10-04 13:19:32', '2021-10-04 13:19:32'),
(55, 1, 4, 'prods/B3qgZln06x5icoWpaqi5wkqeWWQ2ySdMsDzMgjkQ.jpg', '2021-10-04 13:20:28', '2021-10-04 13:20:28'),
(56, 1, 4, 'prods/h5MHm1BTHNi7SYS3AaNmWa2wTH5hQkU2xM5DIeT0.jpg', '2021-10-04 13:20:37', '2021-10-04 13:20:37'),
(57, 1, 3, 'prods/McxNqDQIPqLDhuE9faNcHsV2xQPjl98Uuw6lhZZN.jpg', '2021-10-04 13:25:23', '2021-10-04 13:25:23'),
(58, 1, 3, 'prods/2CbJrmq3IDki5Z9VakFGvavUUxTZFNThCDcZGw9V.jpg', '2021-10-04 13:26:25', '2021-10-04 13:26:25'),
(59, 1, 3, 'prods/9hIYWULjgYY3ZHSTZ43snRqGcQC8cXUzfMSVCVJg.jpg', '2021-10-04 13:27:34', '2021-10-04 13:27:34'),
(60, 1, 3, 'prods/vgrIRz6CW1230F1H41WRAFQmjT6tc6MKMZqsZoLy.jpg', '2021-10-04 13:31:06', '2021-10-04 13:31:06'),
(61, 1, 2, 'prods/g9DGIQ7mXccCWKXjbFuZfLFHUIJWb9WZfksbcWqA.jpg', '2021-10-04 13:33:12', '2021-10-04 13:33:12'),
(62, 1, 2, 'prods/eO05yDLTjXGXm8yicGE12D52n7dHD2LrhH5rIexo.jpg', '2021-10-04 13:35:57', '2021-10-04 13:35:57'),
(63, 1, 2, 'prods/yfg2ff60I7VFlkSHuxHjQ1bobAbFwg8i6pARjWuB.jpg', '2021-10-04 13:37:04', '2021-10-04 13:37:04'),
(64, 1, 2, 'prods/FdEJkZ1xyKQxTUiW8BZziRgdNGqsaZi6qJSZ9bv3.jpg', '2021-10-04 13:38:58', '2021-10-04 13:38:58'),
(65, 1, 5, 'prods/F1vg43H4ijZtP0dHWElyAK1Xm1IT74Q3CDcyREea.jpg', '2021-10-04 13:40:22', '2021-10-04 13:40:22'),
(66, 1, 4, 'prods/f53lnS2ZvNKRS11N6APCjjm3E5aINLH7MRsHXQli.jpg', '2021-10-05 12:17:34', '2021-10-05 12:17:34'),
(67, 1, 4, 'prods/HPCaYN9uRJnjVFhaBHiH1MiiXiaQAAP5BLq9m3re.jpg', '2021-10-05 12:26:38', '2021-10-05 12:26:38'),
(68, 1, 6, 'prods/2xcne1GNrE2aYSKMyuP8VmF7Tnp8eLe56mTpWp8O.jpg', '2021-10-05 12:34:42', '2021-10-05 12:34:42'),
(69, 1, 6, 'prods/54xgpcoZJl8Te3f5RGxkC0MxgEpBPm4TNGtXmbHa.jpg', '2021-10-05 12:34:55', '2021-10-05 12:34:55'),
(70, 1, 6, 'prods/zGC9nSVldyYIBvDjgpGzyujqz5tihvZzFfzYFySS.jpg', '2021-10-05 12:44:21', '2021-10-05 12:44:21'),
(71, 1, 5, 'prods/B0XhcXXO3EP6O23OVDdeoZqTJ0G4UjPvFHKRRLiu.jpg', '2021-10-08 05:10:58', '2021-10-08 05:10:58'),
(72, 1, 5, 'prods/LhMtDMTTQZjevLQ9N3eflLVPHyReWGydNbNqIN7I.jpg', '2021-10-08 05:12:36', '2021-10-08 05:12:36'),
(73, 1, 5, 'prods/hRRHWRJMk1Qw9lC1s2Y6W7AB2AE0BvdthtBU4uf3.jpg', '2021-10-08 05:14:25', '2021-10-08 05:14:25'),
(74, 1, 5, 'prods/2veh58Kka6yT9jspjD8cQC23PJBmwjaURlEASd59.jpg', '2021-10-08 05:19:11', '2021-10-08 05:19:11'),
(75, 1, 6, 'prods/NCTzrzygdDSlGwA05yViuwzz8uuGZkmJFirnGAT6.jpg', '2021-10-08 05:21:50', '2021-10-08 05:21:50'),
(76, 1, 6, 'prods/hp1VFhGtgGCDiyBchhBnDV4TXNk58iddox2OMCFc.jpg', '2021-10-08 05:21:53', '2021-10-08 05:21:53'),
(77, 1, 6, 'prods/c2BKBvzbM0AzKHCP1mQYXV8Zm7BHKAa55fobOjd9.jpg', '2021-10-08 05:23:16', '2021-10-08 05:23:16'),
(78, 1, 6, 'prods/tw2JvtlKkRu2WqyoTPCyhYDT6UJ90ahqyMvmctfH.jpg', '2021-10-08 05:24:37', '2021-10-08 05:24:37'),
(79, 1, 6, 'prods/XQ25pgz3316CV5hKTojxbaoGAJzJal8QjMtzdD6Q.jpg', '2021-10-08 05:26:00', '2021-10-08 05:26:00'),
(80, 1, 2, 'prods/Sm9WkDSEwyfZ3YKWlpqvhEEt7FTQZecoRBXniuIH.jpg', '2021-10-08 05:27:40', '2021-10-08 05:27:40'),
(81, 1, 2, 'prods/P5iCKRHePLFdhvuWUfgoe3W9jTpfCEftZm8KkA8x.jpg', '2021-10-08 05:29:50', '2021-10-08 05:29:50'),
(82, 1, 2, 'prods/epiaMxeqILxttO8CRlan9f2Bcip2DPkCBfs5QUHV.jpg', '2021-10-08 05:30:45', '2021-10-08 05:30:45'),
(83, 1, 2, 'prods/oLtOJ5N5d0UWVXSd35SEfjiARsV4LxXc0ENBYjCC.jpg', '2021-10-08 05:31:53', '2021-10-08 05:31:53'),
(84, 1, 3, 'prods/skuHhDKh39Zh7XaR7aI0nLUZN7tbiR33ojeFVdNH.jpg', '2021-10-08 05:40:55', '2021-10-08 05:40:55'),
(85, 1, 6, 'prods/v3JkIqtfAcANEBiauuKEaqeTCqCislQ79SVIaYaG.jpg', '2021-10-08 05:43:18', '2021-10-08 05:43:18'),
(86, 1, 6, 'prods/UIGFsixDBMEs9pawFEdOwU1nf765rwA5y0Rr5d7K.jpg', '2021-10-08 05:45:40', '2021-10-08 05:45:40'),
(87, 1, 6, 'prods/8YSETZtKdp1GOUKXbQuRzOqxdJA2KnIHE9YqeBxk.jpg', '2021-10-08 05:47:54', '2021-10-08 05:47:54'),
(88, 1, 6, 'prods/Y2iS8VvcjVr9zssWfI1Ysx7TaA52mfEFDN3S6OE7.jpg', '2021-10-08 05:49:46', '2021-10-08 05:49:46'),
(89, 1, 5, 'prods/YDtrguJbVfQUWZx9VVe1WM9BNEwD6SQg6qt6u7N5.jpg', '2021-10-08 05:52:20', '2021-10-08 05:52:20'),
(90, 1, 5, 'prods/HVdGV477aFMoXvngyS90crjBHYA8u6UCMdxT2jxm.jpg', '2021-10-08 05:54:57', '2021-10-08 05:54:57'),
(91, 1, 3, 'prods/xMBhgVMqEqsvRTOqOgiq1YoBpJMBXk8EUTcqYoEI.jpg', '2021-10-08 05:57:48', '2021-10-08 05:57:48'),
(92, 1, 5, 'prods/MaTBEOUO53VFuqyYJlTL4S2QkefJpL42NSvK7iyB.jpg', '2021-10-08 05:59:09', '2021-10-08 05:59:09'),
(93, 1, 5, 'prods/aGan4fdLK5ZgFpCaKw2JVbxpp75CoGasjxFSobq4.jpg', '2021-10-08 06:00:33', '2021-10-08 06:00:33'),
(94, 1, 2, 'prods/vb0sGHXa468mmtDJHuSFIalxYs568SqkFTRvagTl.jpg', '2021-10-08 06:05:43', '2021-10-08 06:05:43'),
(95, 1, 2, 'prods/YMsw2i8V3QncwrFITJGP5r2lfUlcXP0I212UF3sE.jpg', '2021-10-08 06:12:42', '2021-10-08 06:12:42'),
(96, 1, 2, 'prods/jAQsLl9B7AxonWnlkkdJR6icBd5Z5SQkHCEWcs7B.jpg', '2021-10-08 06:15:30', '2021-10-08 06:15:30'),
(97, 1, 2, 'prods/WkIp5HrPQYXXhr5FNA9qDu6QTfBtMbah9fP1sQmj.jpg', '2021-10-08 06:17:10', '2021-10-08 06:17:10');


-- --------------------------------------------------------
--
-- Dumping data for table `product_images`
--


INSERT INTO `product_images` (`id`, `product_id`, `media_id`, `is_default`, `created_at`, `updated_at`) VALUES
(41, 2, 42, 1, NULL, NULL),
(42, 3, 43, 1, NULL, NULL),
(43, 4, 44, 1, NULL, NULL),
(45, 5, 48, 1, NULL, NULL),
(46, 6, 49, 1, NULL, NULL),
(47, 7, 50, 1, NULL, NULL),
(48, 8, 51, 1, NULL, NULL),
(49, 10, 52, 1, NULL, NULL),
(50, 11, 53, 1, NULL, NULL),
(51, 12, 54, 1, NULL, NULL),
(52, 13, 56, 1, NULL, NULL),
(53, 14, 57, 1, NULL, NULL),
(54, 15, 58, 1, NULL, NULL),
(55, 16, 59, 1, NULL, NULL),
(56, 17, 60, 1, NULL, NULL),
(57, 18, 61, 1, NULL, NULL),
(58, 19, 62, 1, NULL, NULL),
(59, 20, 63, 1, NULL, NULL),
(60, 21, 64, 1, NULL, NULL),
(61, 9, 65, 1, NULL, NULL),
(62, 22, 66, 1, NULL, NULL),
(63, 23, 67, 1, NULL, NULL),
(64, 24, 69, 1, NULL, NULL),
(65, 25, 70, 1, NULL, NULL),
(66, 34, 71, 1, NULL, NULL),
(67, 35, 72, 1, NULL, NULL),
(68, 36, 73, 1, NULL, NULL),
(69, 37, 74, 1, NULL, NULL),
(70, 30, 75, 1, NULL, NULL),
(71, 30, 76, 1, NULL, NULL),
(72, 31, 77, 1, NULL, NULL),
(73, 32, 78, 1, NULL, NULL),
(74, 33, 79, 1, NULL, NULL),
(75, 26, 80, 1, NULL, NULL),
(76, 27, 81, 1, NULL, NULL),
(77, 28, 82, 1, NULL, NULL),
(78, 29, 83, 1, NULL, NULL),
(79, 38, 84, 1, NULL, NULL),
(80, 40, 85, 1, NULL, NULL),
(81, 41, 86, 1, NULL, NULL),
(82, 42, 87, 1, NULL, NULL),
(83, 43, 88, 1, NULL, NULL),
(84, 44, 89, 1, NULL, NULL),
(85, 45, 90, 1, NULL, NULL),
(86, 48, 91, 1, NULL, NULL),
(87, 46, 92, 1, NULL, NULL),
(88, 47, 93, 1, NULL, NULL),
(89, 49, 94, 1, NULL, NULL),
(90, 50, 95, 1, NULL, NULL),
(91, 51, 96, 1, NULL, NULL),
(92, 52, 97, 1, NULL, NULL);

-- --------------------------------------------------------

--
-- Dumping data for table `product_related`
--

INSERT INTO `product_related` (`product_id`, `related_product_id`, `created_at`, `updated_at`) VALUES
(3, 2, NULL, NULL),
(3, 4, NULL, NULL),
(3, 5, NULL, NULL),
(3, 25, NULL, NULL),
(3, 30, NULL, NULL),
(3, 31, NULL, NULL),
(3, 32, NULL, NULL),
(3, 33, NULL, NULL),
(3, 40, NULL, NULL),
(3, 41, NULL, NULL),
(3, 42, NULL, NULL),
(3, 43, NULL, NULL),
(4, 2, NULL, NULL),
(4, 3, NULL, NULL),
(4, 5, NULL, NULL),
(4, 25, NULL, NULL),
(4, 30, NULL, NULL),
(4, 31, NULL, NULL),
(4, 32, NULL, NULL),
(4, 33, NULL, NULL),
(4, 40, NULL, NULL),
(4, 41, NULL, NULL),
(4, 42, NULL, NULL),
(4, 43, NULL, NULL),
(5, 2, NULL, NULL),
(5, 3, NULL, NULL),
(5, 4, NULL, NULL),
(5, 25, NULL, NULL),
(5, 30, NULL, NULL),
(5, 31, NULL, NULL),
(5, 32, NULL, NULL),
(5, 33, NULL, NULL),
(5, 40, NULL, NULL),
(5, 41, NULL, NULL),
(5, 42, NULL, NULL),
(5, 43, NULL, NULL),
(25, 2, NULL, NULL),
(25, 3, NULL, NULL),
(25, 4, NULL, NULL),
(25, 5, NULL, NULL),
(25, 30, NULL, NULL),
(25, 31, NULL, NULL),
(25, 32, NULL, NULL),
(25, 33, NULL, NULL),
(25, 40, NULL, NULL),
(25, 41, NULL, NULL),
(25, 42, NULL, NULL),
(25, 43, NULL, NULL),
(30, 2, NULL, NULL),
(30, 3, NULL, NULL),
(30, 4, NULL, NULL),
(30, 5, NULL, NULL),
(30, 25, NULL, NULL),
(30, 31, NULL, NULL),
(30, 32, NULL, NULL),
(30, 33, NULL, NULL),
(30, 40, NULL, NULL),
(30, 41, NULL, NULL),
(30, 42, NULL, NULL),
(30, 43, NULL, NULL),
(31, 2, NULL, NULL),
(31, 3, NULL, NULL),
(31, 4, NULL, NULL),
(31, 5, NULL, NULL),
(31, 25, NULL, NULL),
(31, 30, NULL, NULL),
(31, 32, NULL, NULL),
(31, 33, NULL, NULL),
(31, 40, NULL, NULL),
(31, 41, NULL, NULL),
(32, 2, NULL, NULL),
(32, 3, NULL, NULL),
(32, 4, NULL, NULL),
(32, 5, NULL, NULL),
(32, 25, NULL, NULL),
(32, 30, NULL, NULL),
(32, 31, NULL, NULL),
(32, 33, NULL, NULL),
(32, 40, NULL, NULL),
(32, 41, NULL, NULL),
(32, 42, NULL, NULL),
(33, 2, NULL, NULL),
(33, 3, NULL, NULL),
(33, 4, NULL, NULL),
(33, 5, NULL, NULL),
(33, 25, NULL, NULL),
(33, 30, NULL, NULL),
(33, 31, NULL, NULL),
(33, 32, NULL, NULL),
(33, 40, NULL, NULL),
(33, 41, NULL, NULL),
(33, 42, NULL, NULL),
(33, 43, NULL, NULL),
(40, 2, NULL, NULL),
(40, 3, NULL, NULL),
(40, 4, NULL, NULL),
(40, 5, NULL, NULL),
(40, 25, NULL, NULL),
(40, 30, NULL, NULL),
(40, 31, NULL, NULL),
(40, 32, NULL, NULL),
(40, 33, NULL, NULL),
(40, 41, NULL, NULL),
(40, 42, NULL, NULL),
(40, 43, NULL, NULL),
(43, 2, NULL, NULL),
(43, 3, NULL, NULL),
(43, 4, NULL, NULL),
(43, 5, NULL, NULL),
(43, 25, NULL, NULL),
(43, 30, NULL, NULL),
(43, 31, NULL, NULL),
(43, 32, NULL, NULL),
(43, 33, NULL, NULL),
(43, 40, NULL, NULL),
(43, 41, NULL, NULL),
(43, 42, NULL, NULL),
(42, 2, NULL, NULL),
(42, 3, NULL, NULL),
(42, 4, NULL, NULL),
(42, 5, NULL, NULL),
(42, 25, NULL, NULL),
(42, 30, NULL, NULL),
(42, 31, NULL, NULL),
(42, 32, NULL, NULL),
(42, 33, NULL, NULL),
(42, 40, NULL, NULL),
(42, 41, NULL, NULL),
(41, 2, NULL, NULL),
(41, 3, NULL, NULL),
(41, 4, NULL, NULL),
(41, 5, NULL, NULL),
(41, 25, NULL, NULL),
(41, 30, NULL, NULL),
(41, 31, NULL, NULL),
(41, 32, NULL, NULL),
(41, 33, NULL, NULL),
(41, 40, NULL, NULL),
(41, 43, NULL, NULL),
(6, 7, NULL, NULL),
(6, 8, NULL, NULL),
(6, 9, NULL, NULL),
(6, 34, NULL, NULL),
(6, 35, NULL, NULL),
(6, 36, NULL, NULL),
(6, 37, NULL, NULL),
(6, 44, NULL, NULL),
(6, 46, NULL, NULL),
(7, 6, NULL, NULL),
(7, 8, NULL, NULL),
(7, 9, NULL, NULL),
(7, 34, NULL, NULL),
(7, 35, NULL, NULL),
(7, 36, NULL, NULL),
(7, 37, NULL, NULL),
(7, 44, NULL, NULL),
(7, 45, NULL, NULL),
(7, 47, NULL, NULL),
(47, 6, NULL, NULL),
(47, 7, NULL, NULL),
(47, 8, NULL, NULL),
(47, 9, NULL, NULL),
(47, 34, NULL, NULL),
(47, 35, NULL, NULL),
(47, 36, NULL, NULL),
(47, 37, NULL, NULL),
(47, 44, NULL, NULL),
(47, 45, NULL, NULL),
(47, 46, NULL, NULL),
(46, 6, NULL, NULL),
(46, 7, NULL, NULL),
(46, 8, NULL, NULL),
(46, 9, NULL, NULL),
(46, 34, NULL, NULL),
(46, 35, NULL, NULL),
(46, 36, NULL, NULL),
(46, 37, NULL, NULL),
(46, 44, NULL, NULL),
(46, 45, NULL, NULL),
(46, 47, NULL, NULL),
(45, 6, NULL, NULL),
(45, 7, NULL, NULL),
(45, 8, NULL, NULL),
(45, 9, NULL, NULL),
(45, 34, NULL, NULL),
(45, 35, NULL, NULL),
(45, 36, NULL, NULL),
(45, 37, NULL, NULL),
(45, 44, NULL, NULL),
(44, 6, NULL, NULL),
(44, 7, NULL, NULL),
(44, 8, NULL, NULL),
(44, 9, NULL, NULL),
(44, 34, NULL, NULL),
(44, 35, NULL, NULL),
(44, 36, NULL, NULL),
(44, 37, NULL, NULL),
(44, 45, NULL, NULL),
(37, 6, NULL, NULL),
(37, 7, NULL, NULL),
(37, 8, NULL, NULL),
(37, 9, NULL, NULL),
(37, 34, NULL, NULL),
(37, 35, NULL, NULL),
(37, 36, NULL, NULL),
(37, 44, NULL, NULL),
(37, 45, NULL, NULL),
(37, 46, NULL, NULL),
(36, 6, NULL, NULL),
(36, 7, NULL, NULL),
(36, 8, NULL, NULL),
(36, 9, NULL, NULL),
(36, 34, NULL, NULL),
(36, 35, NULL, NULL),
(36, 44, NULL, NULL),
(36, 45, NULL, NULL),
(36, 46, NULL, NULL),
(35, 6, NULL, NULL),
(35, 7, NULL, NULL),
(35, 8, NULL, NULL),
(35, 9, NULL, NULL),
(35, 34, NULL, NULL),
(35, 36, NULL, NULL),
(35, 37, NULL, NULL),
(35, 44, NULL, NULL),
(35, 45, NULL, NULL),
(34, 7, NULL, NULL),
(34, 9, NULL, NULL),
(34, 35, NULL, NULL),
(34, 36, NULL, NULL),
(34, 37, NULL, NULL),
(34, 44, NULL, NULL),
(34, 45, NULL, NULL),
(34, 46, NULL, NULL),
(9, 6, NULL, NULL),
(9, 7, NULL, NULL),
(9, 8, NULL, NULL),
(9, 34, NULL, NULL),
(9, 35, NULL, NULL),
(9, 36, NULL, NULL),
(9, 37, NULL, NULL),
(9, 45, NULL, NULL),
(9, 46, NULL, NULL),
(8, 6, NULL, NULL),
(8, 7, NULL, NULL),
(8, 9, NULL, NULL),
(8, 34, NULL, NULL),
(8, 35, NULL, NULL),
(8, 36, NULL, NULL),
(8, 37, NULL, NULL),
(8, 44, NULL, NULL),
(8, 45, NULL, NULL),
(8, 46, NULL, NULL),
(23, 10, NULL, NULL),
(23, 11, NULL, NULL),
(23, 12, NULL, NULL),
(23, 13, NULL, NULL),
(23, 22, NULL, NULL),
(22, 10, NULL, NULL),
(22, 11, NULL, NULL),
(22, 12, NULL, NULL),
(22, 13, NULL, NULL),
(22, 23, NULL, NULL),
(13, 10, NULL, NULL),
(13, 11, NULL, NULL),
(13, 12, NULL, NULL),
(13, 22, NULL, NULL),
(13, 23, NULL, NULL),
(12, 10, NULL, NULL),
(12, 11, NULL, NULL),
(12, 13, NULL, NULL),
(12, 22, NULL, NULL),
(12, 23, NULL, NULL),
(10, 11, NULL, NULL),
(10, 12, NULL, NULL),
(10, 13, NULL, NULL),
(10, 22, NULL, NULL),
(10, 23, NULL, NULL),
(11, 10, NULL, NULL),
(11, 12, NULL, NULL),
(11, 13, NULL, NULL),
(11, 22, NULL, NULL),
(11, 23, NULL, NULL),
(48, 15, NULL, NULL),
(48, 16, NULL, NULL),
(48, 17, NULL, NULL),
(48, 38, NULL, NULL),
(38, 14, NULL, NULL),
(38, 15, NULL, NULL),
(38, 16, NULL, NULL),
(38, 17, NULL, NULL),
(38, 48, NULL, NULL),
(17, 14, NULL, NULL),
(17, 15, NULL, NULL),
(17, 16, NULL, NULL),
(17, 38, NULL, NULL),
(17, 48, NULL, NULL),
(16, 14, NULL, NULL),
(16, 15, NULL, NULL),
(16, 17, NULL, NULL),
(16, 38, NULL, NULL),
(16, 48, NULL, NULL),
(15, 14, NULL, NULL),
(15, 16, NULL, NULL),
(15, 17, NULL, NULL),
(15, 38, NULL, NULL),
(15, 48, NULL, NULL),
(14, 15, NULL, NULL),
(14, 16, NULL, NULL),
(14, 17, NULL, NULL),
(14, 38, NULL, NULL),
(14, 48, NULL, NULL),
(18, 19, NULL, NULL),
(18, 20, NULL, NULL),
(18, 21, NULL, NULL),
(18, 26, NULL, NULL),
(18, 28, NULL, NULL),
(18, 50, NULL, NULL),
(18, 51, NULL, NULL),
(18, 52, NULL, NULL),
(51, 18, NULL, NULL),
(51, 19, NULL, NULL),
(51, 20, NULL, NULL),
(51, 21, NULL, NULL),
(51, 26, NULL, NULL),
(51, 27, NULL, NULL),
(51, 28, NULL, NULL),
(51, 29, NULL, NULL),
(51, 49, NULL, NULL),
(51, 50, NULL, NULL),
(51, 52, NULL, NULL),
(50, 18, NULL, NULL),
(50, 19, NULL, NULL),
(50, 20, NULL, NULL),
(50, 21, NULL, NULL),
(50, 26, NULL, NULL),
(50, 27, NULL, NULL),
(50, 49, NULL, NULL),
(50, 51, NULL, NULL),
(50, 52, NULL, NULL),
(49, 18, NULL, NULL),
(49, 19, NULL, NULL),
(49, 20, NULL, NULL),
(49, 21, NULL, NULL),
(49, 26, NULL, NULL),
(49, 27, NULL, NULL),
(49, 28, NULL, NULL),
(49, 29, NULL, NULL),
(49, 50, NULL, NULL),
(49, 51, NULL, NULL),
(29, 18, NULL, NULL),
(29, 19, NULL, NULL),
(29, 20, NULL, NULL),
(29, 21, NULL, NULL),
(29, 26, NULL, NULL),
(29, 27, NULL, NULL),
(29, 28, NULL, NULL),
(29, 49, NULL, NULL),
(29, 50, NULL, NULL),
(29, 51, NULL, NULL),
(52, 18, NULL, NULL),
(52, 19, NULL, NULL),
(52, 20, NULL, NULL),
(52, 21, NULL, NULL),
(52, 26, NULL, NULL),
(52, 27, NULL, NULL),
(52, 28, NULL, NULL),
(52, 29, NULL, NULL),
(52, 49, NULL, NULL),
(52, 50, NULL, NULL),
(52, 51, NULL, NULL),
(28, 18, NULL, NULL),
(28, 19, NULL, NULL),
(28, 20, NULL, NULL),
(28, 21, NULL, NULL),
(28, 26, NULL, NULL),
(28, 27, NULL, NULL),
(28, 29, NULL, NULL),
(28, 49, NULL, NULL),
(28, 50, NULL, NULL),
(28, 51, NULL, NULL),
(28, 52, NULL, NULL),
(27, 18, NULL, NULL),
(27, 19, NULL, NULL),
(27, 20, NULL, NULL),
(27, 21, NULL, NULL),
(27, 26, NULL, NULL),
(27, 28, NULL, NULL),
(27, 29, NULL, NULL),
(27, 49, NULL, NULL),
(27, 50, NULL, NULL),
(27, 51, NULL, NULL),
(27, 52, NULL, NULL),
(26, 18, NULL, NULL),
(26, 19, NULL, NULL),
(26, 20, NULL, NULL),
(26, 21, NULL, NULL),
(26, 27, NULL, NULL),
(26, 28, NULL, NULL),
(26, 29, NULL, NULL),
(26, 49, NULL, NULL),
(26, 50, NULL, NULL),
(26, 51, NULL, NULL),
(26, 52, NULL, NULL),
(21, 18, NULL, NULL),
(21, 19, NULL, NULL),
(21, 20, NULL, NULL),
(21, 26, NULL, NULL),
(21, 27, NULL, NULL),
(21, 28, NULL, NULL),
(21, 29, NULL, NULL),
(21, 49, NULL, NULL),
(21, 50, NULL, NULL),
(21, 51, NULL, NULL),
(20, 18, NULL, NULL),
(20, 19, NULL, NULL),
(20, 21, NULL, NULL),
(20, 26, NULL, NULL),
(20, 27, NULL, NULL),
(20, 28, NULL, NULL),
(20, 29, NULL, NULL),
(20, 49, NULL, NULL),
(20, 50, NULL, NULL),
(20, 51, NULL, NULL),
(20, 52, NULL, NULL),
(19, 18, NULL, NULL),
(19, 20, NULL, NULL),
(19, 21, NULL, NULL),
(19, 26, NULL, NULL),
(19, 27, NULL, NULL),
(19, 28, NULL, NULL),
(19, 29, NULL, NULL),
(19, 49, NULL, NULL),
(19, 50, NULL, NULL),
(19, 51, NULL, NULL),
(19, 52, NULL, NULL),
(2, 3, NULL, NULL),
(2, 4, NULL, NULL),
(2, 5, NULL, NULL),
(2, 25, NULL, NULL),
(2, 30, NULL, NULL),
(2, 31, NULL, NULL),
(2, 32, NULL, NULL),
(2, 33, NULL, NULL),
(2, 40, NULL, NULL),
(2, 41, NULL, NULL),
(2, 42, NULL, NULL);


-- --------------------------------------------------------

--
-- Dumping data for table `product_translations`
--

INSERT INTO `product_translations` (`id`, `title`, `body_html`, `meta_title`, `meta_keyword`, `meta_description`, `product_id`, `language_id`, `created_at`, `updated_at`) VALUES
(1, 'Xiaomi', NULL, 'Xiaomi', 'Xiaomi', NULL, 1, 1, NULL, '2022-02-17 10:42:42'),
(2, 'Dim Sums', '<p>Dim sum is a&nbsp;traditional Chinese meal made up of small plates of dumplings and other snack dishes&nbsp;and is usually accompanied by tea.</p>', NULL, NULL, NULL, 2, 1, NULL, '2022-02-17 10:42:42'),
(3, 'Dim Sums', '', '', '', '', 2, 1, NULL, '2022-02-17 10:42:42'),
(4, 'Hot and Sour Soup', '<p>Hot and sour soup is a soup from Asian culinary traditions. In all cases, the soup contains ingredients to make it both spicy and sour.</p>', NULL, NULL, NULL, 3, 1, NULL, '2022-02-17 10:42:42'),
(5, 'Dim Sums', '', '', '', '', 2, 1, NULL, '2022-02-17 10:42:42'),
(6, 'Hot and Sour Soup', '', '', '', '', 3, 1, NULL, '2022-02-17 10:42:42'),
(7, 'Chicken with Chestnuts', '<p>Minced chicken stir fried with mushrooms, water chestnuts and radish and served on a bed of lettuce.</p>', NULL, NULL, NULL, 4, 1, NULL, '2022-02-17 10:42:42'),
(8, 'Dim Sums', '', '', '', '', 2, 1, NULL, '2022-02-17 10:42:42'),
(9, 'Hot and Sour Soup', '', '', '', '', 3, 1, NULL, '2022-02-17 10:42:42'),
(10, 'Chicken with Chestnuts', '', '', '', '', 4, 1, NULL, '2022-02-17 10:42:42'),
(11, 'Spring Rolls', '<p>Spring rolls are a large variety of filled, rolled appetizers or dim sum found in East Asian, Southeast Asian cuisine.</p>', NULL, NULL, NULL, 5, 1, NULL, '2022-02-17 10:42:42'),
(12, 'Lemonade', '<p>Lemonade is a sweetened lemon-flavored beverage. There are varieties of lemonade found throughout the world.&nbsp;</p>', NULL, NULL, NULL, 6, 1, NULL, '2022-02-17 10:42:42'),
(13, 'Lemonade', '', '', '', '', 6, 1, NULL, '2022-02-17 10:42:42'),
(14, 'Hot chocolate', '<p>Hot chocolate, also known as hot cocoa or drinking chocolate, is a heated drink consisting of shaved chocolate, melted chocolate or cocoa powder, heated milk or water, and usually a sweetener.</p>', NULL, NULL, NULL, 7, 1, NULL, '2022-02-17 10:42:42'),
(15, 'Lemonade', '', '', '', '', 6, 1, NULL, '2022-02-17 10:42:42'),
(16, 'Hot chocolate', '', '', '', '', 7, 1, NULL, '2022-02-17 10:42:42'),
(17, 'Iced tea', '<p>Iced tea is a form of cold tea. Though usually served in a glass with ice, it can refer to any tea that has been chilled or cooled.</p>', NULL, NULL, NULL, 8, 1, NULL, '2022-02-17 10:42:42'),
(18, 'Lemonade', '', '', '', '', 6, 1, NULL, '2022-02-17 10:42:42'),
(19, 'Hot chocolate', '', '', '', '', 7, 1, NULL, '2022-02-17 10:42:42'),
(20, 'Iced tea', '', '', '', '', 8, 1, NULL, '2022-02-17 10:42:42'),
(21, 'Smoothie', '<p>Smoothie&nbsp; is a drink made by pur&eacute;eing fruit and vegetables in a blender.</p>', NULL, NULL, NULL, 9, 1, NULL, '2022-02-17 10:42:42'),
(22, 'Margherita pizza', '<p>Pizza margherita, as the Italians call it, is a simple pizza hailing from Naples. When done right, margherita pizza features a&nbsp;bubbly crust, crushed San Marzano tomato sauce, fresh mozzarella and basil, a drizzle of olive oil, and a sprinkle of salt.</p>', NULL, NULL, NULL, 10, 1, NULL, '2022-02-17 10:42:42'),
(23, 'Margherita pizza', '', '', '', '', 10, 1, NULL, '2022-02-17 10:42:42'),
(24, 'Mushroom Risotto', '<p>Mushroom risotto is a&nbsp;rich, creamy dish&nbsp;with nearly a porridge-like consistency, yet each grain of rice retains a distinct bite.</p>', NULL, NULL, NULL, 11, 1, NULL, '2022-02-17 10:42:42'),
(25, 'Margherita pizza', '', '', '', '', 10, 1, NULL, '2022-02-17 10:42:42'),
(26, 'Mushroom Risotto', '', '', '', '', 11, 1, NULL, '2022-02-17 10:42:42'),
(27, 'Focaccia Bread', '<p>Focaccia is a flat oven-baked Italian bread similar in style and texture to pizza; in some places, it is called pizza bianca. Focaccia can be served as a side dish or as sandwich bread.&nbsp;</p>', NULL, NULL, NULL, 12, 1, NULL, '2022-02-17 10:42:42'),
(28, 'Margherita pizza', '', '', '', '', 10, 1, NULL, '2022-02-17 10:42:42'),
(29, 'Mushroom Risotto', '', '', '', '', 11, 1, NULL, '2022-02-17 10:42:42'),
(30, 'Focaccia Bread ', '', '', '', '', 12, 1, NULL, '2022-02-17 10:42:42'),
(31, 'Bruschetta', '<p>Bruschetta is an antipasto from Italy consisting of grilled bread rubbed with garlic and topped with olive oil and salt. Variations may include toppings of tomato, vegetables, beans, cured meat, or cheese.</p>', NULL, NULL, NULL, 13, 1, NULL, '2022-02-17 10:42:42'),
(32, 'Almond and date cake', '<p>Almond and date cake made with combine sugar and butter in a large bowl; beat with an electric mixer until creamy. Beat in yogurt and eggs. Mix in flour, bicarbonate of soda, nutmeg and salt.</p>', NULL, NULL, NULL, 14, 1, NULL, '2022-02-17 10:42:42'),
(33, 'Almond and date cake', '', '', '', '', 14, 1, NULL, '2022-02-17 10:42:42'),
(34, 'Chocolate mousse', '<p>Chocolate mousse is made by cooking the milk and sugar base and adding cornstarch to thicken the mixture. Mousse is made by folding beaten egg whites or whipped cream into a cold milk and sugar base.&nbsp;</p>', NULL, NULL, NULL, 15, 1, NULL, '2022-02-17 10:42:42'),
(35, 'Almond and date cake', '', '', '', '', 14, 1, NULL, '2022-02-17 10:42:42'),
(36, 'Chocolate mousse', '', '', '', '', 15, 1, NULL, '2022-02-17 10:42:42'),
(37, 'Roasted strawberry crumble', '<p>Roasted strawberry crumb&nbsp;bars have a soft, buttery crust and crumbly topping and are filled with a layer of sweet&nbsp;roasted strawberries.</p>', NULL, NULL, NULL, 16, 1, NULL, '2022-02-17 10:42:42'),
(38, 'Almond and date cake', '', '', '', '', 14, 1, NULL, '2022-02-17 10:42:42'),
(39, 'Chocolate mousse', '', '', '', '', 15, 1, NULL, '2022-02-17 10:42:42'),
(40, 'Roasted strawberry crumble', '', '', '', '', 16, 1, NULL, '2022-02-17 10:42:42'),
(41, 'Apple cinnamon custard cake', '<p>Apple&nbsp;and&nbsp;Cinnamon&nbsp;Bars Soft&nbsp;Cake&nbsp;bottom, creamy&nbsp;Custard&nbsp;filling and Caramelized&nbsp;Apple&nbsp;topping baked all at once makes a delicious Fall dessert.</p>', NULL, NULL, NULL, 17, 1, NULL, '2022-02-17 10:42:42'),
(42, 'Prawn Pie', '<p>Prawns Pie&nbsp;and hard boiled eggs are other common additional ingredients. Parsley or chives are sometimes added to the sauce.</p>', NULL, NULL, NULL, 18, 1, NULL, '2022-02-17 10:42:42'),
(43, 'Prawn Pie', '', '', '', '', 18, 1, NULL, '2022-02-17 10:42:42'),
(44, 'Poached Pear Salad', '<p>Poaching pears&nbsp;Salad couldn&#39;t be easier, but during cooking, the one thing you want to watch out for is the pears either&nbsp;poking&nbsp;out of the water or not cooking them enough.</p>', NULL, NULL, NULL, 19, 1, NULL, '2022-02-17 10:42:42'),
(45, 'Prawn Pie', '', '', '', '', 18, 1, NULL, '2022-02-17 10:42:42'),
(46, 'Poached Pear Salad', '', '', '', '', 19, 1, NULL, '2022-02-17 10:42:42'),
(47, 'Crispy Calamari Rings', '<p>Crispy Calamari Rings fried calamari recipe is&nbsp;tender pieces of squid soaked in buttermilk, then coated in seasoned flour and deep fried to golden brown perfection.</p>', NULL, NULL, NULL, 20, 1, NULL, '2022-02-17 10:42:42'),
(48, 'Prawn Pie', '', '', '', '', 18, 1, NULL, '2022-02-17 10:42:42'),
(49, 'Poached Pear Salad', '', '', '', '', 19, 1, NULL, '2022-02-17 10:42:42'),
(50, 'Crispy Calamari Rings', '', '', '', '', 20, 1, NULL, '2022-02-17 10:42:42'),
(51, 'Sweet Potato Pie', '<p>Sweet potato pie is a traditional dessert, originating in the Southern United States among the African American community.</p>', NULL, NULL, NULL, 21, 1, NULL, '2022-02-17 10:42:42'),
(52, 'Burger', '<p>Burger is a food, typically considered a sandwich, consisting of one or more cooked patties&mdash;usually ground meat, typically beef&mdash;placed inside a sliced bread roll or bun.</p>', NULL, NULL, NULL, 22, 1, NULL, '2022-02-17 10:42:42'),
(53, 'French fries', '<p>French fries, chips, finger chips, French-fried potatoes, or simply fries are batonnet or allumette-cut deep-fried potatoes, originating from either Belgium or France.&nbsp;</p>', NULL, NULL, NULL, 23, 1, NULL, '2022-02-17 10:42:42'),
(54, 'Hot & Crispy Chicken', NULL, NULL, NULL, NULL, 24, 1, NULL, '2022-02-17 10:42:42'),
(55, 'Hot&CrispyChicken', '<p>Hot and Crispy Chicken. I am a big fan of KFC and their Hot and Crispy Chicken, so I went inside and ordered 4 pcs of Hot and Crispy Chicken along with a Virgin Mojito.&nbsp;</p>', NULL, NULL, NULL, 25, 1, NULL, '2022-02-17 10:42:42'),
(56, 'Tempura', '<p>Tempura is a Japanese dish that&nbsp;is made out of crispy deep fried seafood and vegetables. Usually ingredients such as prawns, squash, carrots, eggplants, green beans, sweet potatoes and okra are used.</p>', NULL, NULL, NULL, 26, 1, NULL, '2022-02-17 10:42:42'),
(57, 'Tempura', '', '', '', '', 26, 1, NULL, '2022-02-17 10:42:42'),
(58, 'Sushi', '<p>Sushi,&nbsp;a staple rice dish of Japanese cuisine, consisting of cooked rice flavoured with vinegar and a variety of vegetable, egg, or raw seafood garnishes and served cold. ... For maki-zushi, a sheet of nori (laver, a seaweed) is spread with rice, then with seafood or vegetables and garnishes.</p>', NULL, NULL, NULL, 27, 1, NULL, '2022-02-17 10:42:42'),
(59, 'Tempura', '', '', '', '', 26, 1, NULL, '2022-02-17 10:42:42'),
(60, 'Sushi', '', '', '', '', 27, 1, NULL, '2022-02-17 10:42:42'),
(61, 'Miso Soup', '<p>Miso soup as&nbsp;salty and earthy, with sweet and spicy flavors becoming more prevalent during cooking. In many Asian cultures, miso paste&nbsp; is mixed with dashi broth cooked for hours to make this Japanese staple dish called miso soup.</p>', NULL, NULL, NULL, 28, 1, NULL, '2022-02-17 10:42:42'),
(62, 'Tempura', '', '', '', '', 26, 1, NULL, '2022-02-17 10:42:42'),
(63, 'Sushi', '', '', '', '', 27, 1, NULL, '2022-02-17 10:42:42'),
(64, 'Miso Soup', '', '', '', '', 28, 1, NULL, '2022-02-17 10:42:42'),
(65, 'Unagi', '<p>Unagi is&nbsp;the Japanese word for freshwater eel, especially the Japanese eel, Anguilla japonica. Unagi is a common ingredient in Japanese cooking, often as kabayaki. It is not to be confused with saltwater eel, which is known as anago in Japanese.</p>', NULL, NULL, NULL, 29, 1, NULL, '2022-02-17 10:42:42'),
(66, 'Fajitas', '<p>Fajitas. Made&nbsp;with sauted onions, tomatoes and bell peppers. Serverd with rice, beans, garnish, guacamole and your choice of corn or flour tortillas.</p>', NULL, NULL, NULL, 30, 1, NULL, '2022-02-17 10:42:42'),
(67, 'Fajitas', '', '', '', '', 30, 1, NULL, '2022-02-17 10:42:42'),
(68, 'Twinkies', '<p>Twinkie as we know it today was born. The vanilla cream has been the dominant flavor for Twinkies ever since, with a few brief limited time productions of chocolate, banana, and other fruit flavors.</p>', NULL, NULL, NULL, 31, 1, NULL, '2022-02-17 10:42:42'),
(69, 'Fajitas', '', '', '', '', 30, 1, NULL, '2022-02-17 10:42:42'),
(70, 'Twinkies', '', '', '', '', 31, 1, NULL, '2022-02-17 10:42:42'),
(71, 'Pot roast', '<p>Pot roast is&nbsp;<strong>a big, tough beef cut</strong>&nbsp;(usually a cheap cut perfect for slow cooking), seared, covered and cooked slow with herbs and veggies in a flavourful broth until fall apart tender. A good pot roast can be made with any cut of beef roast: chuck roast, round roast, or briskets.</p>', NULL, NULL, NULL, 32, 1, NULL, '2022-02-17 10:42:42'),
(72, 'Fajitas', '', '', '', '', 30, 1, NULL, '2022-02-17 10:42:42'),
(73, 'Twinkies', '', '', '', '', 31, 1, NULL, '2022-02-17 10:42:42'),
(74, 'Pot roast', '', '', '', '', 32, 1, NULL, '2022-02-17 10:42:42'),
(75, 'Cobb salad', '<p>The Cobb salad is a&nbsp;<strong>main-dish American garden salad</strong>&nbsp;typically made with chopped salad greens (iceberg lettuce, watercress, endives and romaine lettuce), tomato, crisp bacon, fried chicken breast, hard-boiled eggs, avocado, chives, blue cheese, and red-wine vinaigrette.</p>', NULL, NULL, NULL, 33, 1, NULL, '2022-02-17 10:42:42'),
(76, 'French onion soup', '<p>French onion&nbsp;soup is a type of soup usually based on meat stock and onions, and often served gratin&eacute;ed with croutons or a larger piece of bread.</p>', NULL, NULL, NULL, 34, 1, NULL, '2022-02-17 10:42:42'),
(77, 'French onion soup', '', '', '', '', 34, 1, NULL, '2022-02-17 10:42:42'),
(78, 'Chicken confit', '<p>Chicken confit is&nbsp;the act of preserving or slow-cooking meat in fat. Our version uses olive oil for an extremely juicy chicken and a nice crispy skin.</p>', NULL, NULL, NULL, 35, 1, NULL, '2022-02-17 10:42:42'),
(79, 'French onion soup', '', '', '', '', 34, 1, NULL, '2022-02-17 10:42:42'),
(80, 'Chicken confit', '', '', '', '', 35, 1, NULL, '2022-02-17 10:42:42'),
(81, 'Salmon en papillote', '<p>Cooking salmon in parchment with vegetables is nearly fool-proof&mdash;the steam<strong>-</strong>cooking that happens en papillote guarantees that your fish comes out of the oven beautifully moist and tender.</p>', NULL, NULL, NULL, 36, 1, NULL, '2022-02-17 10:42:42'),
(82, 'French onion soup', '', '', '', '', 34, 1, NULL, '2022-02-17 10:42:42'),
(83, 'Chicken confit', '', '', '', '', 35, 1, NULL, '2022-02-17 10:42:42'),
(84, 'Salmon en papillote', '', '', '', '', 36, 1, NULL, '2022-02-17 10:42:42'),
(85, 'Quiche Lorraine', '<p>Quiche Lorraine creamy mushroom soup is seasoned generously with dill, paprika, parsley, and lemon juice. Sour cream is added at the end of cooking, making the soup&nbsp;.</p>', NULL, NULL, NULL, 37, 1, NULL, '2022-02-17 10:42:42'),
(86, 'Small cakes and pastries', '<p>Small cakes and pastries is a small teacake, variously frosted and decorated. This lower temperature was perfect for baking individual pastries and bite-sized cookies and appetizers, all of which came to be called petits fours.</p>', NULL, NULL, NULL, 38, 1, NULL, '2022-02-17 10:42:42'),
(87, 'Small cakes and pastries', '', '', '', '', 38, 1, NULL, '2022-02-17 10:42:42'),
(88, 'Cheesecake', '', '', '', '', 39, 1, NULL, '2022-02-17 10:42:42'),
(89, 'Dumplings', '<p>dumpling,&nbsp;<strong>small mass of leavened dough that is either boiled or steamed and served</strong>&nbsp;in soups or stews or with fruit. Dumplings are most commonly formed from flour or meal bound with egg and then simmered in water or gravy stock until they take on a light cakey texture</p>', NULL, NULL, NULL, 40, 1, NULL, '2022-02-17 10:42:42'),
(90, 'Dumplings', '', '', '', '', 40, 1, NULL, '2022-02-17 10:42:42'),
(91, 'Chow Mein', '<p>Chow mein is a popular Chinese dish of stir fried noodles with mix vegetables, soy sauce, aromatics and spices. My street style veg chowmein recipe is a delightful Indo-Chinese fusion. This vegan dish is a savory masterpiece of smooth, velvety noodles and oodles of crunchy veggies. You&rsquo;re sure to fall in love with this Asian noodles dish; it is utterly slurp-able to the last bite.</p>', NULL, NULL, NULL, 41, 1, NULL, '2022-02-17 10:42:42'),
(92, 'Dumplings', '', '', '', '', 40, 1, NULL, '2022-02-17 10:42:42'),
(93, 'Chow Mein', '', '', '', '', 41, 1, NULL, '2022-02-17 10:42:42'),
(94, 'Barbecue Ribs', '<p>A&nbsp;<strong>reference often made to pork or beef ribs</strong>&nbsp;that are cooked using the low, indirect heat and smoke of a barbecue pit or the high, direct heat of a grill. Prior to cooking the ribs, a rub or marinade is often used to flavor and tenderize the meat.</p>', NULL, NULL, NULL, 42, 1, NULL, '2022-02-17 10:42:42'),
(95, 'Dumplings', '', '', '', '', 40, 1, NULL, '2022-02-17 10:42:42'),
(96, 'Chow Mein', '', '', '', '', 41, 1, NULL, '2022-02-17 10:42:42'),
(97, 'Barbecue Ribs', '', '', '', '', 42, 1, NULL, '2022-02-17 10:42:42'),
(98, 'Hot Dogs', '<p>&ldquo;Hot dog&rdquo; means&nbsp;<strong>a whole, cured, cooked sausage that is skinless or stuffed in a casing</strong>, that may be known as a frankfurter, frank, furter, wiener, red hot, vienna, bologna, garlic bologna, or knockwurst, and that may be served in a bun or roll.</p>', NULL, NULL, NULL, 43, 1, NULL, '2022-02-17 10:42:42'),
(99, 'Flamiche', '<p>Flamiche is a specialty of Picardy (located in northern France), and&nbsp;<strong>a puff pastry tart made with leeks and cream</strong>. The pastry is made of a brioche type dough. It resembles a quiche.</p>', NULL, NULL, NULL, 44, 1, NULL, '2022-02-17 10:42:42'),
(100, 'Flamiche', '', '', '', '', 44, 1, NULL, '2022-02-17 10:42:42'),
(101, 'Chocolate souffle', '<p>A souffle is&nbsp;a baked dish with a flavorful base mixed with beaten egg whites. When baked, air bubbles in the egg whites expand, puffing the souffl&eacute; up over the top of the dish. The name for this signature French dish is a derivative of the French verb &ldquo;souffler,&rdquo; which means &ldquo;to blow&rdquo; or &ldquo;to inflate.&rdquo;</p>', NULL, NULL, NULL, 45, 1, NULL, '2022-02-17 10:42:42'),
(102, 'Beer', '<p>A&nbsp;<strong>carbonated, fermented alcoholic beverage</strong>&nbsp;that is usually made from malted cereal grain (especially barley), is flavored with hops, and typically contains less than a 5% alcohol content &mdash; compare ale, craft beer, lager entry 1, malt liquor sense 2</p>', NULL, NULL, NULL, 46, 1, NULL, '2022-02-17 10:42:42'),
(103, 'Beer', '', '', '', '', 46, 1, NULL, '2022-02-17 10:42:42'),
(104, 'Wine', '<p>In simple terms, wine is&nbsp;<strong>fermented grape juice</strong>. Malolactic Fermentation: This is a secondary fermentation in which naturally occurring malic acid (which is tart like tart apples) changes into lactic acid (which is smooth like butter). Many wines described as &ldquo;buttery&rdquo; or &ldquo;creamy&rdquo; have gone through the process of Malo</p>', NULL, NULL, NULL, 47, 1, NULL, '2022-02-17 10:42:42'),
(105, 'Almond cookie', '<p>Almond Cookies are buttery, soft and chewy these cookies are made with&nbsp;almond flour, almond extract, and topped with slices of toasted almond! These cookies are quick and easy to make and are perfect for gifting to others or putting onto a dessert platter for the holidays.</p>', NULL, NULL, NULL, 48, 1, NULL, '2022-02-17 10:42:42'),
(106, 'Onigiri', '<p>Onigiri, also known as omusubi nigirimeshi, or rice ball, is&nbsp;a Japanese food made from white rice formed into triangular or cylindrical shapes and often wrapped in nori. Onigiri makes rice portable and easy to eat as well as preserving it, while sushi originated as a way of preserving fish.</p>', NULL, NULL, NULL, 49, 1, NULL, '2022-02-17 10:42:42'),
(107, 'Onigiri', '', '', '', '', 49, 1, NULL, '2022-02-17 10:42:42'),
(108, 'Yakitori', '<p>Yakitori is&nbsp;<strong>a Japanese dish of bite-sized pieces of chicken that are skewered and roasted over a grill</strong>, typically a charcoal grill. Yakitori is commonly eaten as a snack with drinks, or as a whole meal, and is very popular in Japan given the rich and diverse flavor of the meat, and the casual dining style</p>', NULL, NULL, NULL, 50, 1, NULL, '2022-02-17 10:42:42'),
(109, 'Onigiri', '', '', '', '', 49, 1, NULL, '2022-02-17 10:42:42'),
(110, 'Yakitori', '', '', '', '', 50, 1, NULL, '2022-02-17 10:42:42'),
(111, 'Apple Sausage Plait', '<p>This is a crowd pleaser and a really good quick dinner for the family. Make your own rough puff pastry or buy some ready made from the shop. This Sausage Plait recipe is made from sausage meat, apples and a light puff pastry. Getting the plait right is the trickiest bit but really this is a simple recipe for a family dinner. We&#39;ve added in one of our classic videos to walk you through making your own puff pastry, but if you are short on time you can always use the shop bought stuff.</p>', NULL, NULL, NULL, 51, 1, NULL, '2022-02-17 10:42:42'),
(112, 'Onigiri', '', '', '', '', 49, 1, NULL, '2022-02-17 10:42:42'),
(113, 'Yakitori', '', '', '', '', 50, 1, NULL, '2022-02-17 10:42:42'),
(114, 'Apple Sausage Plait', '', '', '', '', 51, 1, NULL, '2022-02-17 10:42:42'),
(115, 'Peppered Pasta Salad', '<p>This spicy, sweet, and punchy pasta salad is perfect for a hot summer picnic when mayonnaise just doesn&rsquo;t feel right. If you aren&rsquo;t a big fan of heat, skip the chiles in favor of all sweet bell peppers&shy;&mdash;it will still be bright and delicious, and perfect at room (ahem, air) temperature.</p>', NULL, NULL, NULL, 52, 1, NULL, '2022-02-17 10:42:42'),
(116, 'sumas dbiles', '<pre>\r\nEl dim sum es una&nbsp;comida tradicional china compuesta por peque&ntilde;os platos de alb&oacute;ndigas y otros platos de aperitivos&nbsp;y suele ir acompa&ntilde;ada de t&eacute;.</pre>', NULL, NULL, NULL, 2, 148, '2022-02-17 13:00:10', '2022-02-17 13:00:10'),
(117, ' ', '<p>                    .</p>', NULL, NULL, NULL, 2, 8, '2022-02-17 13:02:32', '2022-02-17 13:02:32'),
(118, 'sopa caliente y amarga', '<pre>\r\nLa sopa agridulce es una sopa de las tradiciones culinarias asi&aacute;ticas. En todos los casos, la sopa contiene ingredientes para hacerla picante y &aacute;cida.</pre>', NULL, NULL, NULL, 3, 148, '2022-02-17 13:05:27', '2022-02-17 13:05:27'),
(119, '  ', '<pre>\r\n        .           .</pre>', NULL, NULL, NULL, 3, 8, '2022-02-17 13:06:44', '2022-02-17 13:06:44'),
(120, 'Pollo con Castaas', '<p>Pollo picado salteado con champi&ntilde;ones, casta&ntilde;as de agua y r&aacute;bano y servido sobre una cama de lechuga</p>', NULL, NULL, NULL, 4, 148, '2022-02-17 13:25:02', '2022-02-17 13:25:15'),
(121, '  ', '<pre>\r\n            </pre>', NULL, NULL, NULL, 4, 8, '2022-02-17 13:25:59', '2022-02-17 13:25:59'),
(122, 'Rollitos de primavera', '<p>Los rollitos de primavera son una gran variedad de aperitivos rellenos, enrollados o dim sum que se encuentran en la cocina del este y sudeste asi&aacute;tico.</p>', NULL, NULL, NULL, 5, 148, '2022-02-17 13:27:11', '2022-02-17 13:28:08'),
(123, '  \"', '<pre>\r\n                    .</pre>', NULL, NULL, NULL, 5, 8, '2022-02-17 13:27:54', '2022-02-17 13:27:54'),
(124, 'Pollo caliente y crujiente', '<p>Pollo caliente y crujiente. Soy un gran admirador de KFC y su Hot and Crispy Chicken, as&iacute; que entr&eacute; y ped&iacute; 4 piezas de Hot and Crispy Chicken junto con un Virgin Mojito.</p>', NULL, NULL, NULL, 25, 148, '2022-02-17 13:29:11', '2022-02-17 13:29:57'),
(125, '   ', '<pre>\r\n  .      KFC        4        .</pre>', NULL, NULL, NULL, 25, 8, '2022-02-17 13:29:45', '2022-02-17 13:29:45'),
(126, 'fajitas', '<p>Fajitas. Hecho con cebollas, tomates y pimientos salteados. Servido con arroz, frijoles, guarnici&oacute;n, guacamole y su elecci&oacute;n de tortillas de ma&iacute;z o harina.</p>', NULL, NULL, NULL, 30, 148, '2022-02-17 13:31:10', '2022-02-17 13:31:20'),
(127, '', '<pre>\r\n.      .               .</pre>', NULL, NULL, NULL, 30, 8, '2022-02-17 13:31:43', '2022-02-17 13:31:43'),
(128, 'Twinkies', '<pre>\r\nTwinkie como lo conocemos hoy naci&oacute;. La crema de vainilla ha sido el sabor dominante de los Twinkies desde entonces, con algunas breves producciones de tiempo limitado de chocolate, pl&aacute;tano y otros sabores de frutas.</pre>', NULL, NULL, NULL, 31, 148, '2022-02-17 13:33:05', '2022-02-17 13:33:05'),
(129, '', '<pre>\r\n    .        Twinkies                 .</pre>', NULL, NULL, NULL, 31, 8, '2022-02-17 13:33:32', '2022-02-17 13:33:32'),
(130, 'Rostizado', '<p>El asado a la olla es un corte de carne de res grande y duro (generalmente un corte barato perfecto para cocinar a fuego lento), sellado, cubierto y cocinado a fuego lento con hierbas y verduras en un caldo sabroso hasta que se desmorona y est&aacute; tierno. Se puede hacer un buen asado a la olla con cualquier corte de carne asada: asado, asado redondo o pechuga.</p>', NULL, NULL, NULL, 32, 148, '2022-02-17 13:34:53', '2022-02-17 13:34:53'),
(131, '  ', '<p>          (       )              .            :          .</p>', NULL, NULL, NULL, 32, 8, '2022-02-17 13:35:16', '2022-02-17 13:35:16'),
(132, 'Ensalada Cobb', '<p>La ensalada Cobb es un plato principal de ensalada de jard&iacute;n estadounidense t&iacute;picamente hecha con verduras de ensalada picadas (lechuga iceberg, berros, endibias y lechuga romana), tomate, tocino crujiente, pechuga de pollo frita, huevos duros, aguacate, cebollino, queso azul, y vinagreta de vino tinto.</p>', NULL, NULL, NULL, 33, 148, '2022-02-17 13:36:25', '2022-02-17 13:36:25'),
(133, ' ', '<pre>\r\n                (        )                         .</pre>', NULL, NULL, NULL, 33, 8, '2022-02-17 13:36:47', '2022-02-17 13:36:47'),
(134, 'albndigas', '<p>Bola de masa hervida, masa peque&ntilde;a de masa con levadura que se hierve o se cuece al vapor y se sirve en sopas, guisos o con frutas. Las alb&oacute;ndigas se forman m&aacute;s com&uacute;nmente a partir de harina o s&eacute;mola unidas con huevo y luego se cuecen a fuego lento en agua o caldo de salsa hasta que adquieren una textura de torta ligera.</p>', NULL, NULL, NULL, 40, 148, '2022-02-17 13:38:04', '2022-02-17 13:38:04'),
(135, '', '<pre>\r\n:                  .                          </pre>', NULL, NULL, NULL, 40, 8, '2022-02-17 13:38:29', '2022-02-17 13:38:29'),
(136, 'perritos calientes', '<p>&ldquo;Hot dog&rdquo; significa una salchicha entera, curada y cocida sin piel o rellena en una envoltura, que puede conocerse como frankfurter, frank, furter, wiener, red hot, vienna, mortadela, mortadela con ajo o kokwurst, y que se puede servir en un bollo o rollo.</p>', NULL, NULL, NULL, 43, 148, '2022-02-17 13:39:47', '2022-02-17 13:39:47'),
(137, '', '<pre>\r\n&quot; &quot;                                                    .</pre>', NULL, NULL, NULL, 43, 8, '2022-02-17 13:40:11', '2022-02-17 13:40:11'),
(138, 'Costillas a la barbacoa', '<pre>\r\nUna&nbsp;referencia que a menudo se hace a las costillas de cerdo o de res&nbsp;que se cocinan usando el calor bajo e indirecto y el humo de una parrilla para barbacoa o el calor alto y directo de una parrilla. Antes de cocinar las costillas, a menudo se usa un adobo o adobo para dar sabor y ablandar la carne.</pre>', NULL, NULL, NULL, 42, 148, '2022-02-17 13:41:41', '2022-02-17 13:41:41'),
(139, ' ', '<pre>\r\n                       .                 .</pre>', NULL, NULL, NULL, 42, 8, '2022-02-17 13:42:07', '2022-02-17 13:42:07'),
(140, 'Chow mein', '<pre>\r\nChow mein es un plato chino popular de fideos salteados con mezcla de verduras, salsa de soja, arom&aacute;ticos y especias. Mi receta de chowmein de verduras al estilo callejero es una deliciosa fusi&oacute;n indochina. Este plato vegano es una obra maestra sabrosa de fideos suaves y aterciopelados y montones de verduras crujientes. Seguro que te enamorar&aacute;s de este plato de fideos asi&aacute;ticos; es absolutamente capaz de sorber hasta el &uacute;ltimo bocado.</pre>', NULL, NULL, NULL, 41, 148, '2022-02-17 13:42:59', '2022-02-17 13:42:59'),
(141, ' ', '<pre>\r\n               .             .             .                   .</pre>', NULL, NULL, NULL, 41, 8, '2022-02-17 13:43:27', '2022-02-17 13:49:12'),
(142, 'Limonada', '<pre>\r\nLa limonada es una bebida endulzada con sabor a lim&oacute;n. Hay variedades de limonada que se encuentran en todo el mundo.</pre>', NULL, NULL, NULL, 6, 148, '2022-02-17 13:52:30', '2022-02-17 13:52:30'),
(143, ' ', '<pre>\r\n      .          .</pre>', NULL, NULL, NULL, 6, 8, '2022-02-17 13:52:48', '2022-02-17 13:52:48'),
(144, 'Chocolate caliente', '<pre>\r\nEl chocolate caliente, tambi&eacute;n conocido como chocolate caliente o chocolate para beber, es una bebida caliente que consiste en chocolate raspado, chocolate derretido o cacao en polvo, leche o agua calentada y, por lo general, un edulcorante.</pre>', NULL, NULL, NULL, 7, 148, '2022-02-17 13:53:55', '2022-02-17 13:53:55'),
(145, ' ', '<pre>\r\n                                    .</pre>', NULL, NULL, NULL, 7, 8, '2022-02-17 13:54:17', '2022-02-17 13:54:17'),
(146, 'Vino', '<p>En t&eacute;rminos simples, el vino es jugo de uva fermentado. Fermentaci&oacute;n malol&aacute;ctica: esta es una fermentaci&oacute;n secundaria en la que el &aacute;cido m&aacute;lico natural (que es &aacute;cido como las manzanas &aacute;cidas) se transforma en &aacute;cido l&aacute;ctico (que es suave como la mantequilla). Muchos vinos descritos como &ldquo;mantecosos&rdquo; o &ldquo;cremosos&rdquo; han pasado por el proceso de Malo</p>', NULL, NULL, NULL, 47, 148, '2022-02-17 13:55:41', '2022-02-17 13:55:41'),
(147, '', '<pre>\r\n       .  Malolactic:            (    )    (   ).        &quot;&quot;  &quot;&quot;    </pre>', NULL, NULL, NULL, 47, 8, '2022-02-17 13:56:20', '2022-02-17 13:56:20'),
(148, 'Cerveza', '<p>Una bebida alcoh&oacute;lica fermentada carbonatada que generalmente se elabora a partir de cereales malteados (especialmente cebada), tiene sabor a l&uacute;pulo y, por lo general, contiene menos del 5 % de contenido de alcohol: compare ale, cerveza artesanal, lager entrada 1, licor de malta sentido 2</p>', NULL, NULL, NULL, 46, 148, '2022-02-17 13:57:13', '2022-02-17 13:57:13'),
(149, '', '<pre>\r\n          ( )          5   -         1     2</pre>', NULL, NULL, NULL, 46, 8, '2022-02-17 13:57:41', '2022-02-17 13:57:41'),
(150, 'Sufl de chocolate', '<p>Un souffl&eacute; es un plato horneado con una base sabrosa mezclada con claras de huevo batidas. Cuando se hornea, las burbujas de aire en las claras de huevo se expanden, inflando el souffl&eacute; sobre la parte superior del plato. El nombre de este plato franc&eacute;s caracter&iacute;stico es un derivado del verbo franc&eacute;s &quot;souffler&quot;, que significa &quot;soplar&quot; o &quot;inflar&quot;.</p>', NULL, NULL, NULL, 45, 148, '2022-02-17 13:58:24', '2022-02-17 13:58:24'),
(151, ' ', '<pre>\r\n          .                 .          &quot;&quot;    &quot;&quot;  &quot;&quot;.</pre>', NULL, NULL, NULL, 45, 8, '2022-02-17 13:58:52', '2022-02-17 13:58:52'),
(152, 'Flamiche', '<pre>\r\nFlamiche es una especialidad de Picard&iacute;a (ubicada en el norte de Francia), y una tarta de hojaldre hecha con puerros y crema. La masa est&aacute; hecha de una masa tipo brioche. Se parece a una quiche.</pre>', NULL, NULL, NULL, 44, 148, '2022-02-17 13:59:46', '2022-02-17 13:59:46'),
(153, 'Flamiche', '<p>Flamiche    (   )       .       .   .</p>', NULL, NULL, NULL, 44, 8, '2022-02-17 14:00:38', '2022-02-17 14:00:38'),
(154, 'Quich Lorena', '<pre>\r\nLa sopa cremosa de champi&ntilde;ones Quiche Lorraine se sazona generosamente con eneldo, piment&oacute;n, perejil y jugo de lim&oacute;n. La crema agria se agrega al final de la cocci&oacute;n, haciendo la sopa.</pre>', NULL, NULL, NULL, 37, 148, '2022-02-17 14:01:38', '2022-02-17 14:01:38'),
(155, ' ', '<pre>\r\n           .        .</pre>', NULL, NULL, NULL, 37, 8, '2022-02-17 14:02:01', '2022-02-17 14:02:01'),
(156, 'salmn al papillote', '<p>Cocinar salm&oacute;n en pergamino con verduras es casi infalible: la cocci&oacute;n al vapor que ocurre en papillote garantiza que el pescado salga del horno maravillosamente h&uacute;medo y tierno.</p>', NULL, NULL, NULL, 36, 148, '2022-02-17 14:02:55', '2022-02-17 14:03:26'),
(157, '  ', '<p>         -                .</p>', NULL, NULL, NULL, 36, 8, '2022-02-17 14:03:15', '2022-02-17 14:03:15'),
(158, 'Confit de pollo', '<p>El pollo confitado es el acto de conservar o cocer a fuego lento la carne en grasa. Nuestra versi&oacute;n utiliza aceite de oliva para un pollo extremadamente jugoso y una piel crujiente agradable.</p>', NULL, NULL, NULL, 35, 148, '2022-02-17 14:04:38', '2022-02-17 14:04:38'),
(159, ' ', '<pre>\r\n          .            .</pre>', NULL, NULL, NULL, 35, 8, '2022-02-17 14:05:03', '2022-02-17 14:05:03'),
(160, 'sopa francesa de cebolla', '<pre>\r\nLa sopa de cebolla francesa es un tipo de sopa que generalmente se basa en caldo de carne y cebollas, y a menudo se sirve gratinada con picatostes o un trozo de pan m&aacute;s grande.</pre>', NULL, NULL, NULL, 34, 148, '2022-02-17 14:06:05', '2022-02-17 14:06:05'),
(161, '  ', '<pre>\r\n                        .</pre>', NULL, NULL, NULL, 34, 8, '2022-02-17 14:06:26', '2022-02-17 14:06:26'),
(162, 'Zalamero', '<pre>\r\nEl batido es una bebida que se prepara triturando frutas y verduras en una licuadora.</pre>', NULL, NULL, NULL, 9, 148, '2022-02-17 14:07:54', '2022-02-17 14:07:54'),
(163, '', '<pre>\r\n            .</pre>', NULL, NULL, NULL, 9, 8, '2022-02-17 14:08:17', '2022-02-17 14:08:17'),
(164, 'Te helado', '<pre>\r\nEl t&eacute; helado es una forma de t&eacute; fr&iacute;o. Aunque generalmente se sirve en un vaso con hielo, puede referirse a cualquier t&eacute; que se haya enfriado o enfriado.</pre>', NULL, NULL, NULL, 8, 148, '2022-02-17 14:09:00', '2022-02-17 14:09:00'),
(165, ' ', '<pre>\r\n       .                      .</pre>', NULL, NULL, NULL, 8, 8, '2022-02-17 14:09:27', '2022-02-17 14:09:27'),
(166, 'papas fritas', '<p>Las papas fritas, papas fritas, papas fritas, papas fritas o simplemente papas fritas son papas fritas cortadas en batonnet o allumette, originarias de B&eacute;lgica o Francia.</p>', NULL, NULL, NULL, 23, 148, '2022-02-17 14:10:42', '2022-02-17 14:11:14'),
(167, ' ', '<pre>\r\n                              .</pre>', NULL, NULL, NULL, 23, 8, '2022-02-17 14:11:04', '2022-02-17 14:11:04'),
(168, 'Hamburguesa', '<pre>\r\nLa hamburguesa es un alimento, generalmente considerado un s&aacute;ndwich, que consiste en una o m&aacute;s hamburguesas cocidas, generalmente carne molida, generalmente carne de res, colocadas dentro de un bollo o bollo de pan rebanado.</pre>', NULL, NULL, NULL, 22, 148, '2022-02-17 14:12:09', '2022-02-17 14:12:09'),
(169, '', '<pre>\r\n               -            -       </pre>', NULL, NULL, NULL, 22, 8, '2022-02-17 14:12:32', '2022-02-17 14:12:32'),
(170, 'Bruschetta', '<pre>\r\nBruschetta es un antipasto de Italia que consiste en pan a la parrilla frotado con ajo y cubierto con aceite de oliva y sal. Las variaciones pueden incluir aderezos de tomate, verduras, frijoles, carne curada o queso.</pre>', NULL, NULL, NULL, 13, 148, '2022-02-17 14:13:38', '2022-02-17 14:13:38'),
(171, '', '<pre>\r\n                .               .</pre>', NULL, NULL, NULL, 13, 8, '2022-02-17 14:14:30', '2022-02-17 14:14:30'),
(172, 'Pan Focaccia', '<p>La focaccia es un pan italiano plano horneado similar en estilo y textura a la pizza; en algunos lugares se llama pizza bianca. La focaccia se puede servir como guarnici&oacute;n o como pan de molde.</p>', NULL, NULL, NULL, 12, 148, '2022-02-17 14:16:06', '2022-02-17 14:16:23'),
(173, ' ', '<pre>\r\n                      .        .</pre>', NULL, NULL, NULL, 12, 8, '2022-02-17 14:16:45', '2022-02-17 14:16:45'),
(174, 'pizza margarita', '<pre>\r\nLa pizza margherita, como la llaman los italianos, es una pizza sencilla procedente de N&aacute;poles. Cuando se hace bien, la pizza margherita tiene una corteza burbujeante, salsa de tomate San Marzano triturada, mozzarella fresca y albahaca, un chorrito de aceite de oliva y una pizca de sal.</pre>', NULL, NULL, NULL, 10, 148, '2022-02-17 14:17:50', '2022-02-17 14:17:50'),
(175, ' ', '<pre>\r\n            .                            .</pre>', NULL, NULL, NULL, 10, 8, '2022-02-17 14:18:21', '2022-02-17 14:18:21'),
(176, 'Risotto de hongos', '<pre>\r\nEl risotto de champi&ntilde;ones es un plato rico y cremoso con una consistencia casi similar a la de una papilla, pero cada grano de arroz conserva un sabor distintivo.</pre>', NULL, NULL, NULL, 11, 148, '2022-02-17 14:19:20', '2022-02-17 14:19:20'),
(177, '  ', '<pre>\r\n                   .</pre>', NULL, NULL, NULL, 11, 8, '2022-02-17 14:19:42', '2022-02-17 14:19:42'),
(178, 'Galleta de almendras', '<p>Las galletas de almendras son mantecosas, suaves y masticables. Estas galletas est&aacute;n hechas con harina de almendras, extracto de almendras y cubiertas con rodajas de almendra tostada. Estas galletas son r&aacute;pidas y f&aacute;ciles de hacer y son perfectas para regalar a otros o ponerlas en un plato de postre para las fiestas.</p>', NULL, NULL, NULL, 48, 148, '2022-02-17 14:21:39', '2022-02-17 14:21:39'),
(179, ' ', '<pre>\r\n                   !                 .</pre>', NULL, NULL, NULL, 48, 8, '2022-02-17 14:22:12', '2022-02-17 14:22:12'),
(180, 'Tartas y pasteles pequeos', '<pre>\r\nPasteles y pasteles peque&ntilde;os es un pastel de t&eacute; peque&ntilde;o, glaseado y decorado de diversas formas. Esta temperatura m&aacute;s baja era perfecta para hornear pasteles individuales y galletas y aperitivos del tama&ntilde;o de un bocado, todos los cuales llegaron a llamarse petits fours.</pre>', NULL, NULL, NULL, 38, 148, '2022-02-17 14:23:28', '2022-02-17 14:23:28'),
(181, '  ', '<pre>\r\n            .                       .</pre>', NULL, NULL, NULL, 38, 8, '2022-02-17 14:23:52', '2022-02-17 14:23:52'),
(182, 'Tarta de crema pastelera de manzana y canela', '<pre>\r\nBarras de manzana y canela Fondo de pastel suave, relleno cremoso de natillas y cobertura de manzana caramelizada horneadas al mismo tiempo hacen un delicioso postre de oto&ntilde;o.</pre>', NULL, NULL, NULL, 17, 148, '2022-02-17 14:24:43', '2022-02-17 14:24:43'),
(183, '   ', '<pre>\r\n                   .</pre>', NULL, NULL, NULL, 17, 8, '2022-02-17 14:25:11', '2022-02-17 14:25:11'),
(184, 'Crumble de fresas asadas', '<pre>\r\nLas barras de migas de fresa tostadas tienen una corteza suave y mantecosa y una cubierta que se desmorona y est&aacute;n rellenas con una capa de fresas tostadas dulces.</pre>', NULL, NULL, NULL, 16, 148, '2022-02-17 14:26:18', '2022-02-17 14:26:18'),
(185, '  ', '<pre>\r\n                 .</pre>', NULL, NULL, NULL, 16, 8, '2022-02-17 14:26:42', '2022-02-17 14:26:42'),
(186, 'Mousse de chocolate', '<pre>\r\nLa mousse de chocolate se hace cocinando la base de leche y az&uacute;car y agregando maicena para espesar la mezcla. La mousse se prepara mezclando claras de huevo batidas o nata montada en una base de leche fr&iacute;a y az&uacute;car.</pre>', NULL, NULL, NULL, 15, 148, '2022-02-17 14:27:46', '2022-02-17 14:27:46'),
(187, ' ', '<pre>\r\n             .                .</pre>', NULL, NULL, NULL, 15, 8, '2022-02-17 14:28:13', '2022-02-17 14:28:13'),
(188, 'Tarta de almendras y dtiles', '<pre>\r\nPastel de almendras y d&aacute;tiles hecho con az&uacute;car y mantequilla en un taz&oacute;n grande; batir con una batidora el&eacute;ctrica hasta que est&eacute; cremoso. Batir el yogur y los huevos. Mezcle la harina, el bicarbonato de sodio, la nuez moscada y la sal.</pre>', NULL, NULL, NULL, 14, 148, '2022-02-17 14:29:21', '2022-02-17 14:29:21'),
(189, '  ', '<pre>\r\n         .       .    .       .</pre>', NULL, NULL, NULL, 14, 8, '2022-02-17 14:30:04', '2022-02-17 14:30:04'),
(190, 'Tarta De Gambas', '<pre>\r\nEl pastel de gambas y los huevos duros son otros ingredientes adicionales comunes. A veces se a&ntilde;ade perejil o cebollino a la salsa.</pre>', NULL, NULL, NULL, 18, 148, '2022-02-18 03:58:07', '2022-02-18 03:58:07'),
(191, ' ', '<pre>\r\n        .        .</pre>', NULL, NULL, NULL, 18, 8, '2022-02-18 03:58:35', '2022-02-18 03:58:35'),
(192, 'Trenza De Salchicha De Manzana', '<p>Este es un placer para la multitud y una muy buena cena r&aacute;pida para la familia. Haga su propia masa de hojaldre &aacute;spera o compre algo ya hecho en la tienda. Esta receta de trenza de salchicha est&aacute; hecha con carne de salchicha, manzanas y una masa de hojaldre ligera. Hacer bien la trenza es la parte m&aacute;s complicada, pero en realidad esta es una receta simple para una cena familiar. Hemos agregado uno de nuestros videos cl&aacute;sicos para guiarlo a trav&eacute;s de la elaboraci&oacute;n de su propia masa de hojaldre, pero si tiene poco tiempo, siempre puede usar las cosas compradas en la tienda.</p>', NULL, NULL, NULL, 51, 148, '2022-02-18 05:39:56', '2022-02-18 05:39:56'),
(193, '  ', '<pre>\r\n       .               .            .                 .                                .</pre>', NULL, NULL, NULL, 51, 8, '2022-02-18 05:40:34', '2022-02-18 05:40:34'),
(194, 'Yakitori', '<pre>\r\nYakitori es un plato japon&eacute;s de trozos de pollo del tama&ntilde;o de un bocado que se ensartan y asan sobre una parrilla, generalmente una parrilla de carb&oacute;n. El yakitori se come com&uacute;nmente como refrigerio con bebidas o como una comida completa, y es muy popular en Jap&oacute;n dado el rico y diverso sabor de la carne y el estilo de cena informal.</pre>', NULL, NULL, NULL, 50, 148, '2022-02-18 05:41:57', '2022-02-18 05:41:57'),
(195, '', '<pre>\r\n                      .                              </pre>', NULL, NULL, NULL, 50, 8, '2022-02-18 05:44:10', '2022-02-18 05:44:10'),
(196, 'Onigiri', '<pre>\r\nEl onigiri, tambi&eacute;n conocido como omusubi nigirimeshi, o bola de arroz, es una comida japonesa hecha de arroz blanco en formas triangulares o cil&iacute;ndricas y, a menudo, envuelto en nori. Onigiri hace que el arroz sea port&aacute;til y f&aacute;cil de comer, adem&aacute;s de conservarlo, mientras que el sushi se origin&oacute; como una forma de conservar el pescado.</pre>', NULL, NULL, NULL, 49, 148, '2022-02-18 05:45:14', '2022-02-18 05:45:14'),
(197, '', '<pre>\r\n                            .                .</pre>', NULL, NULL, NULL, 49, 8, '2022-02-18 05:46:03', '2022-02-18 05:47:51'),
(198, 'Unagi', '<pre>\r\nUnagi es la palabra japonesa para la anguila de agua dulce, especialmente la anguila japonesa, Anguilla japonica. Unagi es un ingrediente com&uacute;n en la cocina japonesa, a menudo como kabayaki. No debe confundirse con la anguila de agua salada, que se conoce como anago en japon&eacute;s.</pre>', NULL, NULL, NULL, 29, 148, '2022-02-18 05:49:32', '2022-02-18 05:49:32'),
(199, '', '<pre>\r\n             .           .               .</pre>', NULL, NULL, NULL, 29, 8, '2022-02-18 05:50:44', '2022-02-18 05:50:44'),
(200, 'Ensalada De Pasta A La Pimienta', '<pre>\r\nEsta ensalada de pasta picante, dulce y contundente es perfecta para un caluroso picnic de verano cuando la mayonesa simplemente no se siente bien. Si no eres un gran fan&aacute;tico del picante, omite los chiles en favor de todos los pimientos dulces; seguir&aacute; siendo brillante y delicioso, y perfecto a temperatura ambiente (ejem, aire).</pre>', NULL, NULL, NULL, 52, 148, '2022-02-18 05:51:48', '2022-02-18 05:51:48'),
(201, '  ', '<pre>\r\n               .                -          (  ).</pre>', NULL, NULL, NULL, 52, 8, '2022-02-18 05:52:11', '2022-02-18 05:52:11'),
(202, 'Sopa de miso', '<pre>\r\nLa sopa de miso es salada y terrosa, con sabores dulces y picantes que se vuelven m&aacute;s frecuentes durante la cocci&oacute;n. En muchas culturas asi&aacute;ticas, la pasta de miso se mezcla con caldo dashi cocinado durante horas para hacer este plato b&aacute;sico japon&eacute;s llamado sopa de miso.</pre>', NULL, NULL, NULL, 28, 148, '2022-02-18 05:54:03', '2022-02-18 05:54:03'),
(203, ' ', '<pre>\r\n             .                       .</pre>', NULL, NULL, NULL, 28, 8, '2022-02-18 05:54:28', '2022-02-18 05:54:28'),
(204, 'Sushi', '<pre>\r\nSushi, un plato de arroz b&aacute;sico de la cocina japonesa, que consiste en arroz cocido aromatizado con vinagre y una variedad de guarniciones de vegetales, huevos o mariscos crudos y se sirve fr&iacute;o. ... Para maki-zushi, una hoja de nori (laver, un alga) se unta con arroz, luego con mariscos o verduras y guarniciones.</pre>', NULL, NULL, NULL, 27, 148, '2022-02-18 05:55:25', '2022-02-18 05:55:25');
INSERT INTO `product_translations` (`id`, `title`, `body_html`, `meta_title`, `meta_keyword`, `meta_description`, `product_id`, `language_id`, `created_at`, `updated_at`) VALUES
(205, '', '<pre>\r\n                           . ...  -     (   )         .</pre>', NULL, NULL, NULL, 27, 8, '2022-02-18 05:55:45', '2022-02-18 05:55:45'),
(206, 'Tempura', '<pre>\r\nTempura es un plato japon&eacute;s que est&aacute; hecho de mariscos y verduras fritos y crujientes. Por lo general, se utilizan ingredientes como gambas, calabaza, zanahorias, berenjenas, jud&iacute;as verdes, batatas y okra.</pre>', NULL, NULL, NULL, 26, 148, '2022-02-18 05:57:01', '2022-02-18 05:57:01'),
(207, '', '<pre>\r\n         .               .</pre>', NULL, NULL, NULL, 26, 8, '2022-02-18 05:57:23', '2022-02-18 05:57:23'),
(208, 'Pastel De Camote', '<pre>\r\nEl pastel de camote es un postre tradicional, originario del sur de los Estados Unidos entre la comunidad afroamericana.</pre>', NULL, NULL, NULL, 21, 148, '2022-02-18 05:58:28', '2022-02-18 05:58:28'),
(209, '  ', '<pre>\r\n                 .</pre>', NULL, NULL, NULL, 21, 8, '2022-02-18 05:58:51', '2022-02-18 05:58:51'),
(210, 'Aros De Calamares Crujientes', '<pre>\r\nLa receta de calamares fritos con anillos de calamares crujientes consiste en tiernos trozos de calamar empapados en suero de leche, luego cubiertos con harina sazonada y fritos hasta que est&eacute;n dorados a la perfecci&oacute;n.</pre>', NULL, NULL, NULL, 20, 148, '2022-02-18 05:59:52', '2022-02-18 05:59:52'),
(211, '  ', '<pre>\r\n                      .</pre>', NULL, NULL, NULL, 20, 8, '2022-02-18 06:00:29', '2022-02-18 06:00:29'),
(212, 'Ensalada De Peras Escalfadas', '<pre>\r\nEscalfar la ensalada de peras no podr&iacute;a ser m&aacute;s f&aacute;cil, pero durante la cocci&oacute;n, lo &uacute;nico que debe tener en cuenta es que las peras sobresalen del agua o no se cocinan lo suficiente.</pre>', NULL, NULL, NULL, 19, 148, '2022-02-18 06:01:33', '2022-02-18 06:01:33'),
(213, '  ', '<pre>\r\n                              .</pre>', NULL, NULL, NULL, 19, 8, '2022-02-18 06:02:41', '2022-02-18 06:02:41');

-- --------------------------------------------------------

--
-- Dumping data for table `product_variants`
--

INSERT INTO `product_variants` (`id`, `sku`, `product_id`, `title`, `quantity`, `price`, `position`, `compare_at_price`, `barcode`, `cost_price`, `currency_id`, `tax_category_id`, `inventory_policy`, `fulfillment_service`, `inventory_management`, `created_at`, `updated_at`, `status`, `container_charges`) VALUES
(1, 'sku-id', 1, NULL, 100, '500.00000000', 1, '500.00000000', '7543ebf012007e', '300.0000', NULL, NULL, NULL, NULL, NULL, NULL, NULL, 1, '0.0000'),
(2, 'sku-id-1*5', 1, 'sku-id-Black-Black', 100, '500.00000000', 1, '500.00000000', '1500cdf2d597df', '300.0000', NULL, NULL, NULL, NULL, NULL, NULL, NULL, 1, '0.0000'),
(3, 'sku-id-1*6', 1, 'sku-id-Black-Grey', 100, '500.00000000', 1, '500.00000000', '2ea56327679387', '300.0000', NULL, NULL, NULL, NULL, NULL, NULL, NULL, 1, '0.0000'),
(4, 'sku-id-7*5', 1, 'sku-id-Medium-Black', 100, '500.00000000', 1, '500.00000000', '8f47f11a19433f', '300.0000', NULL, NULL, NULL, NULL, NULL, NULL, NULL, 1, '0.0000'),
(5, 'sku-id-7*6', 1, 'sku-id-Medium-Grey', 100, '500.00000000', 1, '500.00000000', '8f7318b112bbe9', '300.0000', NULL, NULL, NULL, NULL, NULL, NULL, NULL, 1, '0.0000'),
(6, 'CN907', 2, NULL, 239, '12.00000000', 1, '13.00000000', 'b37342e29590c2', NULL, NULL, NULL, NULL, NULL, NULL, '2021-09-29 06:56:51', '2022-02-18 11:50:36', 1, '0.0000'),
(7, 'CN908', 3, NULL, 153, '10.00000000', 1, '12.00000000', '7a017ebdf25655', NULL, NULL, NULL, NULL, NULL, NULL, '2021-09-29 06:56:51', '2022-02-18 11:50:36', 1, '0.0000'),
(8, 'CN909', 4, NULL, 99, '9.00000000', 1, '10.00000000', '8f3902274c8ea6', NULL, NULL, NULL, NULL, NULL, NULL, '2021-09-29 06:56:51', '2022-02-18 10:37:34', 1, '0.0000'),
(9, 'CN910', 5, NULL, 144, '10.00000000', 1, '13.00000000', 'f970ef827244b2', NULL, NULL, NULL, NULL, NULL, NULL, '2021-09-29 06:56:51', '2022-02-18 10:37:34', 1, '0.0000'),
(10, 'BVRG277', 6, NULL, 160, '12.00000000', 1, '14.00000000', 'a6f0030742a43d', NULL, NULL, NULL, NULL, NULL, NULL, '2021-09-29 07:10:56', '2021-09-29 07:11:55', 1, '0.0000'),
(11, 'BVRG278', 7, NULL, 140, '9.00000000', 1, '10.00000000', '1b2a2840d6dea6', NULL, NULL, NULL, NULL, NULL, NULL, '2021-09-29 07:10:56', '2021-09-29 07:13:00', 1, '0.0000'),
(12, 'BVRG279', 8, NULL, 160, '5.00000000', 1, '6.00000000', 'dd913aecdfa215', NULL, NULL, NULL, NULL, NULL, NULL, '2021-09-29 07:10:56', '2021-09-29 07:13:53', 1, '0.0000'),
(13, 'BVRG280', 9, NULL, 120, '6.00000000', 1, '8.00000000', 'b61500ca1ba7b6', NULL, NULL, NULL, NULL, NULL, NULL, '2021-09-29 07:10:56', '2021-09-29 07:14:42', 1, '0.0000'),
(14, 'ITA555', 10, NULL, 160, '9.00000000', 1, '10.00000000', '601e39b34cff83', NULL, NULL, NULL, NULL, NULL, NULL, '2021-09-29 07:16:40', '2021-09-29 07:19:32', 1, '0.0000'),
(15, 'ITA556', 11, NULL, 100, '11.00000000', 1, '12.00000000', 'c95831c1184869', NULL, NULL, NULL, NULL, NULL, NULL, '2021-09-29 07:16:40', '2021-09-29 07:19:22', 1, '0.0000'),
(16, 'ITA557', 12, NULL, 110, '8.00000000', 1, '9.00000000', '34566caf1cd66a', NULL, NULL, NULL, NULL, NULL, NULL, '2021-09-29 07:16:40', '2021-09-29 07:20:28', 1, '0.0000'),
(17, 'ITA558', 13, NULL, 140, '12.00000000', 1, '13.00000000', '449c55256011c4', NULL, NULL, NULL, NULL, NULL, NULL, '2021-09-29 07:16:40', '2021-09-29 07:21:58', 1, '0.0000'),
(18, 'DRS567', 14, NULL, 101, '9.00000000', 1, '10.00000000', '1b69919cb0f82b', NULL, NULL, NULL, NULL, NULL, NULL, '2021-09-29 07:23:21', '2022-02-26 09:41:33', 1, '0.0000'),
(19, 'DRS568', 15, NULL, 148, '10.00000000', 1, '13.00000000', '9bb27b825bbb06', NULL, NULL, NULL, NULL, NULL, NULL, '2021-09-29 07:23:21', '2022-02-18 07:39:23', 1, '0.0000'),
(20, 'DRS569', 16, NULL, 117, '10.00000000', 1, '12.00000000', 'b4dfc90cc96f1f', NULL, NULL, NULL, NULL, NULL, NULL, '2021-09-29 07:23:21', '2022-02-18 13:44:22', 1, '0.0000'),
(21, 'DRS570', 17, NULL, 119, '12.00000000', 1, '13.00000000', '30721185b7c399', NULL, NULL, NULL, NULL, NULL, NULL, '2021-09-29 07:23:21', '2022-02-17 12:04:59', 1, '0.0000'),
(22, 'CNN0088', 18, NULL, 109, '12.00000000', 1, '13.00000000', '0b0edd5899e2a1', NULL, NULL, NULL, NULL, NULL, NULL, '2021-09-29 07:38:20', '2022-02-26 09:49:50', 1, '0.0000'),
(23, 'CNN0089', 19, NULL, 160, '10.00000000', 1, '12.00000000', '62856877bbf3c2', NULL, NULL, NULL, NULL, NULL, NULL, '2021-09-29 07:38:20', '2021-09-29 07:44:08', 1, '0.0000'),
(24, 'CNN0090', 20, NULL, 110, '12.00000000', 1, '14.00000000', 'bd740a8b59d018', NULL, NULL, NULL, NULL, NULL, NULL, '2021-09-29 07:38:20', '2021-09-29 07:45:26', 1, '0.0000'),
(25, 'CNN0091', 21, NULL, 128, '8.00000000', 1, '9.00000000', '1bcbbc8e95f86f', NULL, NULL, NULL, NULL, NULL, NULL, '2021-09-29 07:38:20', '2022-02-18 12:28:44', 1, '0.0000'),
(26, 'burger', 22, NULL, 250, '15.00000000', 1, '16.00000000', '31a715fed0bb49', NULL, NULL, NULL, NULL, NULL, NULL, '2021-10-05 12:15:00', '2021-10-05 12:17:55', 1, '0.0000'),
(27, 'French fries', 23, NULL, 150, '10.00000000', 1, '12.00000000', '5ce7ef98ce158f', NULL, NULL, NULL, NULL, NULL, NULL, '2021-10-05 12:24:33', '2021-10-05 12:27:06', 1, '0.0000'),
(28, 'Hot&CrispyChicken16334378377f70082', 24, NULL, 220, '10.00000000', 1, '12.00000000', '73d0fcf336bb59', NULL, NULL, NULL, NULL, NULL, NULL, '2021-10-05 12:32:56', '2021-10-05 12:43:57', 1, '0.0000'),
(29, 'Hot&CrispyChicken', 25, NULL, 145, '10.00000000', 1, '13.00000000', 'd4f58aded52386', NULL, NULL, NULL, NULL, NULL, NULL, '2021-10-05 12:44:10', '2022-02-18 10:37:34', 1, '0.0000'),
(30, 'DRS167', 26, NULL, 250, '22.00000000', 1, '23.00000000', '4731d520c21ae8', NULL, NULL, NULL, NULL, NULL, NULL, '2021-10-08 05:03:42', '2021-10-08 05:24:58', 1, '0.0000'),
(31, 'DRS168', 27, NULL, 270, '15.00000000', 1, '17.00000000', 'fbe02c05d149d7', NULL, NULL, NULL, NULL, NULL, NULL, '2021-10-08 05:03:42', '2021-10-08 05:25:41', 1, '0.0000'),
(32, 'DRS169', 28, NULL, 260, '12.00000000', 1, '14.00000000', 'e2d29f0495719d', NULL, NULL, NULL, NULL, NULL, NULL, '2021-10-08 05:03:42', '2021-10-08 05:27:21', 1, '0.0000'),
(33, 'DRS170', 29, NULL, 160, '12.00000000', 1, '14.00000000', '063d24c44e83ee', NULL, NULL, NULL, NULL, NULL, NULL, '2021-10-08 05:03:42', '2021-10-08 05:37:23', 1, '0.0000'),
(34, 'AMS123', 30, NULL, 207, '15.00000000', 1, '17.00000000', 'df42607ceccbe3', NULL, NULL, NULL, NULL, NULL, NULL, '2021-10-08 05:06:56', '2022-02-21 13:15:04', 1, '0.0000'),
(35, 'AMS124', 31, NULL, 246, '20.00000000', 1, '22.00000000', 'ff9510a75a727b', NULL, NULL, NULL, NULL, NULL, NULL, '2021-10-08 05:06:56', '2022-02-18 10:37:34', 1, '0.0000'),
(36, 'AMS125', 32, NULL, 1994, '18.00000000', 1, '20.00000000', '878f54453ee476', NULL, NULL, NULL, NULL, NULL, NULL, '2021-10-08 05:06:56', '2022-02-18 10:37:34', 1, '0.0000'),
(37, 'AMS126', 33, NULL, 175, '10.00000000', 1, '13.00000000', '08a40cd7cf7806', NULL, NULL, NULL, NULL, NULL, NULL, '2021-10-08 05:06:56', '2022-02-18 10:37:34', 1, '0.0000'),
(38, 'FR321', 34, NULL, 150, '10.00000000', 1, '12.00000000', '14b5329f029749', NULL, NULL, NULL, NULL, NULL, NULL, '2021-10-08 05:09:19', '2021-10-08 05:11:15', 1, '0.0000'),
(39, 'FR322', 35, NULL, 200, '12.00000000', 1, '15.00000000', 'ecc353fcf792b1', NULL, NULL, NULL, NULL, NULL, NULL, '2021-10-08 05:09:19', '2021-10-08 05:12:57', 1, '0.0000'),
(40, 'FR323', 36, NULL, 200, '15.00000000', 1, '16.00000000', '14e47170a8bdd2', NULL, NULL, NULL, NULL, NULL, NULL, '2021-10-08 05:09:19', '2021-10-08 05:15:13', 1, '0.0000'),
(41, 'FR324', 37, NULL, 150, '15.00000000', 1, '16.00000000', '5b0553a88e6f4e', NULL, NULL, NULL, NULL, NULL, NULL, '2021-10-08 05:09:19', '2021-10-08 05:19:28', 1, '0.0000'),
(42, 'DRS571', 38, NULL, 1880, '18.00000000', 1, '23.00000000', '6756a46dcb3769', NULL, NULL, NULL, NULL, NULL, NULL, '2021-10-08 05:39:53', '2021-10-08 05:41:06', 1, '0.0000'),
(43, 'DRS5721633671725ae21e80', 39, NULL, 0, '0.00000000', 1, '0.00000000', '53e1ce591855e8', NULL, NULL, NULL, NULL, NULL, NULL, '2021-10-08 05:39:53', '2021-10-08 05:42:05', 1, '0.0000'),
(44, 'CA221', 40, NULL, 1990, '18.00000000', 1, '23.00000000', '32f55aebef4d64', NULL, NULL, NULL, NULL, NULL, NULL, '2021-10-08 05:41:12', '2021-10-08 05:43:29', 1, '0.0000'),
(45, 'CA222', 41, NULL, 23, '17.00000000', 1, '20.00000000', '8fbe35e14ce968', NULL, NULL, NULL, NULL, NULL, NULL, '2021-10-08 05:41:12', '2021-10-08 05:45:55', 1, '0.0000'),
(46, 'CA223', 42, NULL, 1886, '18.00000000', 1, '21.00000000', '8b32ee08f31634', NULL, NULL, NULL, NULL, NULL, NULL, '2021-10-08 05:41:12', '2022-02-18 10:37:34', 1, '0.0000'),
(47, 'CA224', 43, NULL, 1888, '18.00000000', 1, '21.00000000', '94f6a72d1e584a', NULL, NULL, NULL, NULL, NULL, NULL, '2021-10-08 05:41:12', '2021-10-08 05:50:00', 1, '0.0000'),
(48, 'HJ632', 44, NULL, 1999, '13.00000000', 1, '18.00000000', '0f5dae47cf0677', NULL, NULL, NULL, NULL, NULL, NULL, '2021-10-08 05:46:54', '2021-10-08 05:56:47', 1, '0.0000'),
(49, 'HJ633', 45, NULL, 1990, '18.00000000', 1, '21.00000000', '89355f6db80ee8', NULL, NULL, NULL, NULL, NULL, NULL, '2021-10-08 05:46:54', '2021-10-08 05:55:43', 1, '0.0000'),
(50, 'KL135', 46, NULL, 21, '19.00000000', 1, '22.00000000', 'dea2c6baf963dd', NULL, NULL, NULL, NULL, NULL, NULL, '2021-10-08 05:49:02', '2021-10-08 05:59:17', 1, '0.0000'),
(51, 'KL136', 47, NULL, 1901, '18.00000000', 1, '21.00000000', '0344e6a86c3fbf', NULL, NULL, NULL, NULL, NULL, NULL, '2021-10-08 05:49:02', '2021-10-08 06:00:44', 1, '0.0000'),
(52, 'OP185', 48, NULL, 257, '15.00000000', 1, '17.00000000', 'a225e256c8de38', NULL, NULL, NULL, NULL, NULL, NULL, '2021-10-08 05:55:00', '2022-02-25 09:11:06', 1, '0.0000'),
(53, 'NM456', 49, NULL, 170, '12.00000000', 1, '15.00000000', 'de60b4f5140229', NULL, NULL, NULL, NULL, NULL, NULL, '2021-10-08 06:03:42', '2021-10-08 06:05:54', 1, '0.0000'),
(54, 'NM457', 50, NULL, 1999, '12.00000000', 1, '14.00000000', '500fb91fc734ce', NULL, NULL, NULL, NULL, NULL, NULL, '2021-10-08 06:03:42', '2021-10-08 06:12:55', 1, '0.0000'),
(55, 'NM458', 51, NULL, 1999, '18.00000000', 1, '21.00000000', '92fd0d561b345b', NULL, NULL, NULL, NULL, NULL, NULL, '2021-10-08 06:03:42', '2021-10-08 06:15:37', 1, '0.0000'),
(56, 'NM459', 52, NULL, 999, '18.00000000', 1, '21.00000000', '58b04fb587674f', NULL, NULL, NULL, NULL, NULL, NULL, '2021-10-08 06:03:42', '2022-02-17 12:08:55', 1, '0.0000');

-- --------------------------------------------------------

--
-- Dumping data for table `product_variant_sets`
--

INSERT INTO `product_variant_sets` (`id`, `product_id`, `product_variant_id`, `variant_type_id`, `variant_option_id`, `created_at`, `updated_at`) VALUES
(1, 1, 2, 1, 1, NULL, NULL),
(2, 1, 2, 2, 5, NULL, NULL),
(3, 1, 3, 1, 1, NULL, NULL),
(4, 1, 3, 2, 6, NULL, NULL),
(5, 1, 3, 1, 1, NULL, NULL),
(6, 1, 3, 2, 6, NULL, NULL),
(7, 1, 4, 1, 7, NULL, NULL),
(8, 1, 4, 2, 5, NULL, NULL),
(9, 1, 5, 1, 7, NULL, NULL),
(10, 1, 5, 2, 6, NULL, NULL);



-- --------------------------------------------------------


--
-- Dumping data for table `variant_option_translations`
--


INSERT INTO `variant_option_translations` (`id`, `title`, `variant_option_id`, `language_id`, `created_at`, `updated_at`) VALUES
(1, 'Small', 1, 1, NULL, '2022-02-17 10:42:42'),
(2, 'White', 2, 1, NULL, '2022-02-17 10:42:42'),
(3, 'Black', 3, 1, NULL, '2022-02-17 10:42:42'),
(4, 'Grey', 4, 1, NULL, '2022-02-17 10:42:42'),
(5, 'Medium', 5, 1, NULL, '2022-02-17 10:42:42'),
(6, 'Large', 6, 1, NULL, '2022-02-17 10:42:42'),
(7, 'IPhone', 7, 1, NULL, '2022-02-17 10:42:42'),
(8, 'Samsung', 8, 1, NULL, '2022-02-17 10:42:42'),
(9, 'Xiaomi', 9, 1, NULL, '2022-02-17 10:42:42');

-- --------------------------------------------------------


--
-- Dumping data for table `variant_translations`
--


INSERT INTO `variant_translations` (`id`, `title`, `variant_id`, `language_id`, `created_at`, `updated_at`) VALUES
(1, 'Size', 1, 1, NULL, '2022-02-17 10:42:42'),
(2, 'Color', 2, 1, NULL, '2022-02-17 10:42:42'),
(3, 'Phones', 3, 1, NULL, '2022-02-17 10:42:42');


-- --------------------------------------------------------

--
-- Dumping data for table `vendor_categories`
--

INSERT INTO `vendor_categories` (`id`, `vendor_id`, `category_id`, `status`, `created_at`, `updated_at`) VALUES
(1, 6, 18, 1, '2021-09-29 06:55:46', '2021-09-29 06:55:46'),
(2, 5, 15, 1, '2021-09-29 07:10:05', '2021-09-29 07:10:05'),
(3, 4, 16, 1, '2021-09-29 07:15:56', '2021-09-29 07:15:56'),
(4, 3, 17, 1, '2021-09-29 07:22:29', '2021-09-29 07:22:29'),
(5, 2, 14, 1, '2021-09-29 07:36:48', '2021-09-29 07:36:48'),
(6, 7, 17, 1, '2021-10-05 08:11:50', '2021-10-05 08:11:50'),
(7, 3, 14, 1, '2021-10-08 04:51:31', '2021-10-08 04:51:31'),
(8, 3, 15, 1, '2021-10-08 04:51:31', '2021-10-08 04:51:31'),
(9, 3, 16, 1, '2021-10-08 04:51:33', '2021-10-08 04:51:33'),
(10, 3, 18, 1, '2021-10-08 04:51:34', '2021-10-08 04:51:34'),
(11, 2, 19, 1, '2021-10-08 05:01:58', '2021-10-08 05:01:58'),
(12, 6, 20, 1, '2021-10-08 05:06:14', '2021-10-08 05:06:14'),
(13, 5, 21, 1, '2021-10-08 05:09:11', '2021-10-08 05:09:11'),
(14, 2, 15, 1, '2021-10-08 08:34:05', '2021-10-08 08:34:05'),
(15, 2, 16, 1, '2021-10-08 08:34:06', '2021-10-08 08:34:06'),
(16, 2, 17, 1, '2021-10-08 08:34:07', '2021-10-08 08:34:07'),
(17, 2, 18, 1, '2021-10-08 08:34:08', '2021-10-08 08:34:08'),
(18, 2, 20, 1, '2021-10-08 08:34:09', '2021-10-08 08:34:09'),
(19, 2, 21, 1, '2021-10-08 08:34:09', '2021-10-08 08:34:09'),
(20, 3, 19, 1, '2021-10-08 08:34:18', '2021-10-08 08:34:18'),
(21, 3, 20, 1, '2021-10-08 08:34:19', '2021-10-08 08:34:19'),
(22, 3, 21, 1, '2021-10-08 08:34:20', '2021-10-08 08:34:20'),
(23, 4, 14, 1, '2021-10-08 08:34:31', '2021-10-08 08:34:31'),
(24, 4, 15, 1, '2021-10-08 08:34:32', '2021-10-08 08:34:32'),
(25, 4, 17, 1, '2021-10-08 08:34:33', '2021-10-08 08:34:33'),
(26, 4, 18, 1, '2021-10-08 08:34:34', '2021-10-08 08:34:34'),
(27, 4, 19, 1, '2021-10-08 08:34:34', '2021-10-08 08:34:34'),
(28, 4, 20, 1, '2021-10-08 08:34:35', '2021-10-08 08:34:35'),
(29, 4, 21, 1, '2021-10-08 08:34:36', '2021-10-08 08:34:36'),
(30, 5, 14, 1, '2021-10-08 08:34:46', '2021-10-08 08:34:46'),
(31, 5, 16, 1, '2021-10-08 08:34:47', '2021-10-08 08:34:47'),
(32, 5, 17, 1, '2021-10-08 08:34:48', '2021-10-08 08:34:48'),
(33, 5, 18, 1, '2021-10-08 08:34:48', '2021-10-08 08:34:48'),
(34, 5, 19, 1, '2021-10-08 08:34:50', '2021-10-08 08:34:50'),
(35, 5, 20, 1, '2021-10-08 08:34:50', '2021-10-08 08:34:50'),
(36, 6, 14, 1, '2021-10-08 08:35:00', '2021-10-08 08:35:00'),
(37, 6, 15, 1, '2021-10-08 08:35:00', '2021-10-08 08:35:00'),
(38, 6, 16, 1, '2021-10-08 08:35:01', '2021-10-08 08:35:01'),
(39, 6, 17, 1, '2021-10-08 08:35:01', '2021-10-08 08:35:01'),
(40, 6, 19, 1, '2021-10-08 08:35:02', '2021-10-08 08:35:02'),
(41, 6, 21, 1, '2021-10-08 08:35:03', '2021-10-08 08:35:03');

-- --------------------------------------------------------


INSERT INTO `banners` (`id`, `name`, `description`, `image`, `validity_on`, `sorting`, `status`, `start_date_time`, `end_date_time`, `redirect_category_id`, `redirect_vendor_id`, `link`, `created_at`, `updated_at`, `image_mobile`) VALUES
(3, 'Chinese', NULL, 'banner/hal2ZNmJCSoF8ijY3QDgYAVXKw9HhFy6wLNtGvpr.png', 1, 1, 1, '2021-10-05 16:51:00', '2025-12-31 12:00:00', 18, NULL, 'category', NULL, '2021-10-11 10:51:01', 'banner/2Ejx1UULNHZVM69t2jBIyP712fQfy75YlWPI28OW.png'),
(5, 'Beverages', NULL, 'banner/iIrzlu5rHvqTkMsnEBjrIzRlVOI54nyAUWg6tGN9.png', 0, 3, 1, '2021-10-05 17:19:00', '2025-12-31 12:00:00', 15, NULL, 'category', '2021-10-05 11:49:33', '2022-02-18 07:14:13', 'banner/jrI2bOdTkWYECLphAdagupwKAYPRfzSpxmqvwvoR.png'),
(6, 'Italian', NULL, 'banner/3rv5FpfNUeePxlLaRmRywCnClfmNo7nzuwrdSvfk.png', 0, 2, 1, '2021-10-06 12:08:00', '2025-02-25 12:00:00', 16, NULL, 'category', '2021-10-06 06:38:37', '2022-02-18 07:14:12', 'banner/jz13PvkmcMyAOv5ucAOMvQifRTISgCyaZpjvlBVr.png');

INSERT INTO `mobile_banners` (`id`, `name`, `description`, `image`, `validity_on`, `sorting`, `status`, `start_date_time`, `end_date_time`, `redirect_category_id`, `redirect_vendor_id`, `link`, `created_at`, `updated_at`) VALUES
(7, 'KFC', NULL, 'banner/i7gyztuJGGCZgUxANr2TWy1cABIQPkZLfUFDUytC.png', 0, 5, 1, '2021-11-15 12:56:00', '2025-11-30 12:00:00', NULL, NULL, 'vendor', '2021-11-15 07:27:19', '2022-02-14 06:33:02'),
(10, 'McDonald\'s', NULL, 'banner/ZbmHhvoBu1dLZB0zsEesUxj82TD3K8tNaQVNTTAF.png', 0, 3, 1, '2021-11-15 12:58:00', '2025-11-30 12:00:00', NULL, NULL, 'vendor', '2021-11-15 07:29:07', '2022-02-14 06:33:04'),
(11, 'Domino\'s Pizza', NULL, 'banner/hC24WiptaFMN2lS2chTksMAvLhKIeR0ylDcUcE8a.png', 0, 4, 1, '2021-11-15 13:01:00', '2025-12-31 12:00:00', 16, NULL, 'category', '2021-11-15 07:32:03', '2022-02-14 06:33:02'),
(12, 'Banner 1', NULL, 'banner/el05jtMhtXsYbxqhlRvdttCqGFxlaY1dRUJAEPZ1.png', 1, 1, 1, '2022-02-14 12:00:00', '2022-02-28 12:00:00', NULL, 2, 'vendor', '2022-02-14 06:32:08', '2022-02-14 06:32:27'),
(13, 'Banner 2', NULL, 'banner/GroCMkyIAhrJr5lLoNpuj3Cwc57vbV54NjhzTzXp.png', 1, 2, 1, '2022-02-14 12:02:00', '2022-04-19 12:00:00', NULL, 3, 'vendor', '2022-02-14 06:32:56', '2022-02-14 06:33:04');


INSERT INTO `cab_booking_layouts` (`id`, `title`, `slug`, `order_by`, `image`, `is_active`, `created_at`, `updated_at`, `for_no_product_found_html`) VALUES
(1, 'Vendors', 'vendors', 1, NULL, 1, NULL, '2021-10-08 14:59:45', 0),
(2, 'Featured Products', 'featured_products', 2, NULL, 1, NULL, '2021-10-08 14:59:45', 0),
(3, 'New Products', 'new_products', 3, NULL, 1, NULL, NULL, 0),
(4, 'On Sale', 'on_sale', 4, NULL, 1, NULL, NULL, 0),
(5, 'Best Sellers', 'best_sellers', 5, NULL, 1, NULL, NULL, 0),
(6, 'Brands', 'brands', 6, NULL, 1, NULL, NULL, 0);



INSERT INTO `cab_booking_layout_transaltions` (`id`, `title`, `cab_booking_layout_id`, `language_id`, `created_at`, `updated_at`, `body_html`) VALUES
(1, 'Restaurant\'s', 1, 1, '2021-10-05 11:39:52', '2021-10-05 11:39:52', NULL),
(2, 'Top Picks', 2, 1, '2021-10-05 11:39:52', '2021-10-05 11:39:52', NULL),
(3, 'What\'s New', 3, 1, '2021-10-05 11:39:52', '2021-10-05 11:40:00', NULL),
(4, 'Offers New You', 4, 1, '2021-10-05 11:39:52', '2021-10-05 11:40:21', NULL),
(5, 'Premium', 5, 1, '2021-10-05 11:39:52', '2021-10-05 11:40:31', NULL),
(6, 'Top Brands For You', 6, 1, '2021-10-05 11:39:52', '2021-10-05 11:40:43', NULL);


INSERT INTO `app_stylings` (`id`, `name`, `type`, `created_at`, `updated_at`) VALUES
(1, 'Regular Font', 2, NULL, NULL),
(2, 'Medium Font', 2, NULL, NULL),
(3, 'Bold Font', 2, NULL, NULL),
(4, 'Primary Color', 4, NULL, NULL),
(5, 'Secondary Color', 4, NULL, NULL),
(6, 'Tertiary Color', 4, NULL, NULL),
(7, 'Tab Bar Style', 3, NULL, NULL),
(8, 'Home Page Style', 3, NULL, NULL),
(9, 'Home Tag Line', 1, NULL, NULL);



INSERT INTO `app_styling_options` (`id`, `app_styling_id`, `name`, `image`, `is_selected`, `created_at`, `updated_at`, `template_id`) VALUES
(1, 1, 'CircularStd-Book', NULL, 0, NULL, '2021-11-11 20:42:36', NULL),
(2, 1, 'SFProText-Regular', NULL, 1, NULL, '2021-11-11 20:42:36', NULL),
(3, 1, 'Futura-Normal', NULL, 0, NULL, '2021-11-11 20:42:36', NULL),
(4, 1, 'Eina02-Regular', NULL, 0, NULL, '2021-11-11 20:42:36', NULL),
(5, 2, 'CircularStd-Medium', NULL, 1, NULL, NULL, NULL),
(6, 2, 'SFProText-Medium', NULL, 0, NULL, NULL, NULL),
(7, 2, 'Futura-Medium', NULL, 0, NULL, NULL, NULL),
(8, 2, 'Eina02-SemiBold', NULL, 0, NULL, NULL, NULL),
(9, 3, 'CircularStd-Bold', NULL, 1, NULL, NULL, NULL),
(10, 3, 'SFProText-Bold', NULL, 0, NULL, NULL, NULL),
(11, 3, 'FuturaBT-Heavy', NULL, 0, NULL, NULL, NULL),
(12, 3, 'Eina02-Bold', NULL, 0, NULL, NULL, NULL),
(13, 4, '#FA1C0A', NULL, 1, NULL, '2021-10-05 13:28:38', NULL),
(14, 5, '#F5F5F5', NULL, 1, NULL, '2021-11-15 07:16:14', NULL),
(15, 6, '#fff', NULL, 1, NULL, NULL, NULL),
(16, 7, 'Tab 1', 'bar.png', 0, NULL, '2021-11-15 07:34:31', 1),
(17, 7, 'Tab 2', 'bar_two.png', 0, NULL, '2021-11-15 07:34:31', 2),
(18, 7, 'Tab 3', 'bar_three.png', 0, NULL, '2021-11-15 07:34:31', 3),
(19, 7, 'Tab 4', 'bar_four.png', 1, NULL, '2021-11-15 07:34:31', 4),
(20, 7, 'Tab 5', 'bar_five.png', 0, NULL, '2021-11-15 07:34:31', 5),
(21, 8, 'Home Page 1', 'home.png', 0, NULL, '2022-02-18 10:08:23', 1),
(22, 8, 'Home Page 4', 'home_four.png', 0, NULL, '2022-02-18 10:08:23', 2),
(23, 8, 'Home Page 5', 'home_five.png', 0, NULL, '2022-02-18 10:08:23', 3),
(24, 9, 'Create a free account and join us!', NULL, 1, NULL, NULL, NULL),
(25, 8, 'Home Page 6', 'home_six.png', 0, '2021-10-12 14:10:13', '2022-02-18 10:08:23', 4),
(26, 8, 'Home Page 7', 'home_seven.png', 1, '2021-10-12 14:10:13', '2022-02-18 10:08:23', 5);

INSERT INTO `loyalty_cards` (`id`, `name`, `description`, `image`, `minimum_points`, `per_order_minimum_amount`, `per_order_points`, `per_purchase_minimum_amount`, `amount_per_loyalty_point`, `redeem_points_per_primary_currency`, `status`, `created_at`, `updated_at`, `loyalty_check`) VALUES
(1, 'Bronze Plan', 'Gold Loyalty Card', '2f3120/loyalty/image/69n4ZJWfp0rKyzE5wj39LJ5wqKSpu3Pj7vhJaOPN.png', 0, NULL, 10, NULL, 10, 10, '0', '2021-11-16 05:03:53', '2022-02-18 07:27:13', '0'),
(2, 'Silver Plan', 'Silver Loyalty Card', '2f3120/loyalty/image/3P1KygboIwoVfKXJ8VJ0BAqqTYnqUjjkzOFnhGCj.png', 5000, NULL, 20, NULL, 10, 10, '0', '2021-11-16 05:04:29', '2022-02-18 07:27:25', '0'),
(3, 'Gold Plan', 'Gold Loyalty Card', '2f3120/loyalty/image/W18TdC6k8gXGUr8LHW1KEWEXPZYyuwMPIyf3qImb.png', 8000, NULL, 30, NULL, 10, 10, '0', '2021-11-16 05:07:24', '2022-02-18 07:28:22', '0'),
(4, 'Platinum Plan', 'Platinum Plan', '2f3120/loyalty/image/oCjoFULn7I6WmjjnPcXRfCiDdXHl5yuIjlpsPp8k.png', 10000, NULL, 40, NULL, 10, NULL, '0', '2022-02-17 14:42:02', '2022-02-18 07:28:09', '0');


UPDATE `client_preferences` SET `business_type` = 'food_grocery_ecommerce' , `is_hyperlocal` = 0 WHERE `client_preferences`.`id` = 1;



INSERT INTO `service_areas` (`id`, `name`, `description`, `geo_array`, `zoom_level`, `polygon`, `vendor_id`, `created_at`, `updated_at`) VALUES
(1, 'Area - 10 Mile Radius', NULL, '(30.878242336232, 76.7794179),(30.875075321845, 76.817920064966),(30.865712692412, 76.85473950057),(30.850563639764, 76.888267020795),(30.830290250197, 76.917037312125),(30.805778568116, 76.939792974775),(30.778099871649, 76.955539477092),(30.748463852647, 76.963588621364),(30.718165747353, 76.963588621364),(30.688529728351, 76.955539477092),(30.660851031884, 76.939792974775),(30.636339349803, 76.917037312125),(30.616065960236, 76.888267020795),(30.600916907588, 76.85473950057),(30.591554278155, 76.817920064966),(30.588387263768, 76.7794179),(30.591554278155, 76.740915735034),(30.600916907588, 76.70409629943),(30.616065960236, 76.670568779205),(30.636339349803, 76.641798487875),(30.660851031884, 76.619042825225),(30.688529728351, 76.603296322908),(30.718165747353, 76.595247178636),(30.748463852647, 76.595247178636),(30.778099871649, 76.603296322908),(30.805778568116, 76.619042825225),(30.830290250197, 76.641798487875),(30.850563639764, 76.670568779205),(30.865712692412, 76.70409629943),(30.875075321845, 76.740915735034)', 3, 0x000000000103000000010000001f0000003e14607dd4e03e40b09a9dfbe131534067dcb0ef04e03e405b7166cd5834534043a4d5589fdd3e400b634e0db4365340fff3e789bed93e40831beb5dd9385340a5c8dee68dd43e40793244bdb03a53403de0158147ce3e40d4ea6e91253c534017c19d8d31c73e406a090d8f273d5340665bb9539bbf3e4097e39b6fab3d534011fdddb5d9b73e4097e39b6fab3d53406097f97b43b03e406a090d8f273d53403a7881882da93e40d4ea6e91253c5340d18fb822e7a23e40793244bdb03a53407864af7fb69d3e40831beb5dd938534034b4c1b0d5993e400b634e0db4365340107ce61970973e405b7166cd583453403844378ca0963e40b09a9dfbe1315340107ce61970973e4005c4d4296b2f534034b4c1b0d5993e4056d2ece90f2d53407864af7fb69d3e40dd195099ea2a5340d18fb822e7a23e40e702f739132953403a7881882da93e408c4acc659e2753406097f97b43b03e40f62b2e689c26534011fdddb5d9b73e40c9519f8718265340665bb9539bbf3e40c9519f871826534017c19d8d31c73e40f62b2e689c2653403de0158147ce3e408c4acc659e275340a5c8dee68dd43e40e702f73913295340fff3e789bed93e40dd195099ea2a534043a4d5589fdd3e4056d2ece90f2d534067dcb0ef04e03e4005c4d4296b2f53403e14607dd4e03e40b09a9dfbe1315340, 6, '2022-01-20 11:06:51', '2022-01-20 11:06:51'),
(3, 'Chandigarh', 'Chandigarh', '(30.629104531559918, 76.72713672800597),(30.707950445182885, 76.55513202829894),(30.819464864540418, 76.60079395456847),(30.83037335222187, 76.70928394480285),(30.806785876067735, 76.83391010447082),(30.70854080842591, 76.89296161814269),(30.65746103182449, 76.90703785105285)', 12, 0x0000000001030000000100000008000000b4d09cfe0ca13e4064a07c68892e5340c73f893d3cb53e4064a07c4887235340136c0973c8d13e4064a07c68732653404843175993d43e4064a07ce8642d5340ec95e88489ce3e4064a07cc85e355340181230ee62b53e4064a07c4826395340a214be5d4fa83e4064a07ce80c3a5340b4d09cfe0ca13e4064a07c68892e5340, 5, '2022-01-20 13:21:20', '2022-01-20 13:21:20'),
(4, 'Chandigarh', 'Chandigarh', '(30.629399954618368, 76.72782337351379),(30.715034565631402, 76.55993854685363),(30.79675944478882, 76.57950794382629),(30.830078544525385, 76.72713672800597),(30.798233985577006, 76.85416614695129),(30.708245627256023, 76.92523395700988)', 12, 0x00000000010300000001000000070000009530fd5a20a13e4064a07ca8942e53407de55a810cb73e4064a07c08d6235340a8254e6df8cb3e4064a07ca8162553400ad9090780d43e4064a07c68892e5340e69bfe0f59cc3e4064a07ca8aa3653408199de954fb53e4064a07c08373b53409530fd5a20a13e4064a07ca8942e5340, 4, '2022-01-20 13:22:05', '2022-01-20 13:22:05'),
(5, 'Chandigarh', 'Chandigarh', '(30.629104531559918, 76.734346505838),(30.697913717300487, 76.56440174265441),(30.794695049685412, 76.59015094919738),(30.821823561477846, 76.69829761667785),(30.805901233031474, 76.811250802713),(30.723298715167324, 76.9097844330841),(30.653030876735674, 76.84180652781066)', 12, 0x0000000001030000000100000008000000b4d09cfe0ca13e4064a07c88ff2e5340423c2f79aab23e4064a07c281f24534023b1802271cb3e4064a07c08c52553402da1670763d23e4064a07ce8b02c53401fad0f8b4fce3e4064a07c88eb335340eae1c61a2ab93e4064a07ce8393a5340a1db12082da73e4064a07c28e0355340b4d09cfe0ca13e4064a07c88ff2e5340, 3, '2022-01-20 13:22:32', '2022-01-20 13:22:32'),
(6, 'Chandigarh', 'Chandigarh', '(30.629104531559918, 76.74807941599425),(30.716805514443482, 76.57367145700988),(30.80619611494849, 76.62379657908019),(30.831847377124035, 76.73743641062316),(30.765788864196484, 76.8936482636505),(30.67901822118309, 76.91390430613097),(30.64269305871471, 76.83150684519347)', 12, 0x0000000001030000000100000008000000b4d09cfe0ca13e4064a07c88e02f53409120f29080b73e4064a07c08b7245340b4dd5bde62ce3e4064a07c48ec275340d80220f3f3d43e4064a07c28322f5340695d2fbd0ac43e4064a07c8831395340955e5d23d4ad3e4064a07c687d3a5340bf8b448887a43e4064a07c6837355340b4d09cfe0ca13e4064a07c88e02f5340, 2, '2022-01-20 13:23:03', '2022-01-20 13:23:03');

UPDATE `clients` SET `logo` = 'Clientlogo/620e2a054df41.png' WHERE  1;

INSERT INTO `tags` (`id`, `created_at`, `updated_at`, `icon`) VALUES
(1, '2021-11-23 17:35:09', '2022-01-20 13:01:31', '2f3120/tags/vv1zkoqcjW6mVNCU9Gdtsnt1IN55pztCk9qRPYtR.png'),
(2, '2021-11-23 17:35:25', '2022-01-20 13:01:47', '2f3120/tags/ZQ5EzTRd9ds8l9YQ3KCCPQ6ezSm2KRML1XebuAAO.png');


INSERT INTO `tag_translations` (`id`, `name`, `slug`, `language_id`, `tag_id`, `created_at`, `updated_at`) VALUES
(3, 'Veg', 'veg', 1, 1, '2022-01-20 13:01:31', '2022-01-20 13:01:31'),
(4, 'Non veg', 'non-veg', 1, 2, '2022-01-20 13:01:47', '2022-01-20 13:01:47');


INSERT INTO `product_tags` (`product_id`, `tag_id`, `created_at`, `updated_at`) VALUES
(108, 1, NULL, NULL),
(3, 1, NULL, NULL),
(4, 2, NULL, NULL),
(5, 1, NULL, NULL),
(25, 2, NULL, NULL),
(30, 1, NULL, NULL),
(31, 1, NULL, NULL),
(32, 1, NULL, NULL),
(33, 1, NULL, NULL),
(40, 2, NULL, NULL),
(43, 2, NULL, NULL),
(42, 2, NULL, NULL),
(41, 1, NULL, NULL),
(45, 1, NULL, NULL),
(44, 1, NULL, NULL),
(37, 1, NULL, NULL),
(36, 2, NULL, NULL),
(35, 2, NULL, NULL),
(34, 1, NULL, NULL),
(23, 1, NULL, NULL),
(22, 1, NULL, NULL),
(13, 1, NULL, NULL),
(12, 1, NULL, NULL),
(10, 1, NULL, NULL),
(11, 1, NULL, NULL),
(18, 2, NULL, NULL),
(51, 1, NULL, NULL),
(50, 2, NULL, NULL),
(29, 1, NULL, NULL),
(52, 1, NULL, NULL),
(28, 1, NULL, NULL),
(27, 1, NULL, NULL),
(26, 2, NULL, NULL),
(21, 1, NULL, NULL),
(20, 1, NULL, NULL),
(19, 1, NULL, NULL),
(2, 2, NULL, NULL);


INSERT INTO `promocodes` (`id`, `name`, `title`, `short_desc`, `amount`, `expiry_date`, `promo_type_id`, `allow_free_delivery`, `minimum_spend`, `maximum_spend`, `first_order_only`, `limit_per_user`, `limit_total`, `paid_by_vendor_admin`, `is_deleted`, `created_by`, `image`, `created_at`, `updated_at`, `restriction_on`, `restriction_type`, `added_by`, `promo_visibility`) VALUES
(1, 'WELCOME20', 'WELCOME20', 'WELCOME20', '20.00000000', '2024-02-29 12:00:00', 1, 0, '20.00000000', '1000.00000000', 0, 99, 1000, 1, 0, NULL, 'promocode/hT5HbzHX9vtO8gZrJ9yHMjbbhdtuL866GMm7kibz.png', '2022-02-17 06:49:25', '2022-02-21 11:09:23', 1, 0, 1, 'public'),
(2, '50OFF', '50OFF', '50OFF', '20.00000000', '2022-02-28 12:00:00', 1, 0, '20.00000000', '100.00000000', 0, 10, 1000, 1, 0, NULL, 'promocode/6Y9yMIPpkclr8It4w781ofblUkdmSfGxkCcvN8vr.png', '2022-02-17 06:50:25', '2022-02-17 13:08:48', 1, 0, 1, 'public');


 
INSERT INTO `promocode_details` (`id`, `promocode_id`, `refrence_id`, `created_at`, `updated_at`) VALUES
(11, 3, 2, '2022-02-17 06:51:50', '2022-02-17 06:51:50'),
(12, 3, 3, '2022-02-17 06:51:50', '2022-02-17 06:51:50'),
(13, 3, 4, '2022-02-17 06:51:50', '2022-02-17 06:51:50'),
(14, 3, 5, '2022-02-17 06:51:51', '2022-02-17 06:51:51'),
(15, 3, 6, '2022-02-17 06:51:51', '2022-02-17 06:51:51'),
(16, 4, 2, '2022-02-17 06:53:35', '2022-02-17 06:53:35'),
(17, 4, 3, '2022-02-17 06:53:35', '2022-02-17 06:53:35'),
(18, 4, 4, '2022-02-17 06:53:35', '2022-02-17 06:53:35'),
(19, 4, 5, '2022-02-17 06:53:35', '2022-02-17 06:53:35'),
(20, 4, 6, '2022-02-17 06:53:35', '2022-02-17 06:53:35'),
(21, 5, 2, '2022-02-17 06:54:31', '2022-02-17 06:54:31'),
(22, 5, 3, '2022-02-17 06:54:31', '2022-02-17 06:54:31'),
(23, 5, 4, '2022-02-17 06:54:31', '2022-02-17 06:54:31'),
(24, 5, 5, '2022-02-17 06:54:31', '2022-02-17 06:54:31'),
(25, 5, 6, '2022-02-17 06:54:32', '2022-02-17 06:54:32'),
(26, 6, 2, '2022-02-17 06:55:28', '2022-02-17 06:55:28'),
(27, 6, 3, '2022-02-17 06:55:28', '2022-02-17 06:55:28'),
(28, 6, 4, '2022-02-17 06:55:28', '2022-02-17 06:55:28'),
(29, 6, 5, '2022-02-17 06:55:28', '2022-02-17 06:55:28'),
(30, 6, 6, '2022-02-17 06:55:28', '2022-02-17 06:55:28'),
(31, 7, 2, '2022-02-17 06:56:22', '2022-02-17 06:56:22'),
(32, 7, 3, '2022-02-17 06:56:22', '2022-02-17 06:56:22'),
(33, 7, 4, '2022-02-17 06:56:22', '2022-02-17 06:56:22'),
(34, 7, 5, '2022-02-17 06:56:22', '2022-02-17 06:56:22'),
(35, 7, 6, '2022-02-17 06:56:22', '2022-02-17 06:56:22'),
(36, 8, 2, '2022-02-17 06:57:20', '2022-02-17 06:57:20'),
(37, 8, 3, '2022-02-17 06:57:20', '2022-02-17 06:57:20'),
(38, 8, 4, '2022-02-17 06:57:20', '2022-02-17 06:57:20'),
(39, 8, 5, '2022-02-17 06:57:20', '2022-02-17 06:57:20'),
(40, 8, 6, '2022-02-17 06:57:20', '2022-02-17 06:57:20'),
(41, 9, 2, '2022-02-17 06:58:19', '2022-02-17 06:58:19'),
(42, 9, 3, '2022-02-17 06:58:19', '2022-02-17 06:58:19'),
(43, 9, 4, '2022-02-17 06:58:19', '2022-02-17 06:58:19'),
(44, 9, 5, '2022-02-17 06:58:19', '2022-02-17 06:58:19'),
(45, 9, 6, '2022-02-17 06:58:19', '2022-02-17 06:58:19'),
(46, 10, 2, '2022-02-17 06:59:40', '2022-02-17 06:59:40'),
(47, 10, 3, '2022-02-17 06:59:40', '2022-02-17 06:59:40'),
(48, 10, 4, '2022-02-17 06:59:40', '2022-02-17 06:59:40'),
(49, 10, 5, '2022-02-17 06:59:40', '2022-02-17 06:59:40'),
(50, 10, 6, '2022-02-17 06:59:40', '2022-02-17 06:59:40'),
(61, 2, 2, '2022-02-17 13:08:48', '2022-02-17 13:08:48'),
(62, 2, 3, '2022-02-17 13:08:48', '2022-02-17 13:08:48'),
(63, 2, 4, '2022-02-17 13:08:48', '2022-02-17 13:08:48'),
(64, 2, 5, '2022-02-17 13:08:48', '2022-02-17 13:08:48'),
(65, 2, 6, '2022-02-17 13:08:48', '2022-02-17 13:08:48'),
(66, 1, 2, '2022-02-21 11:09:23', '2022-02-21 11:09:23'),
(67, 1, 3, '2022-02-21 11:09:23', '2022-02-21 11:09:23'),
(68, 1, 4, '2022-02-21 11:09:23', '2022-02-21 11:09:23'),
(69, 1, 5, '2022-02-21 11:09:23', '2022-02-21 11:09:23'),
(70, 1, 6, '2022-02-21 11:09:23', '2022-02-21 11:09:23');

Truncate `promo_types`;

INSERT INTO `promo_types` (`id`, `title`, `status`, `created_at`, `updated_at`) VALUES
(1, 'Percentage Discount', 1, NULL, NULL),
(2, 'Fixed Amount', 1, NULL, NULL);




INSERT INTO `pages` (`id`, `slug`, `created_at`, `updated_at`, `order_by`) VALUES
(1, 'terms-conditions', '2021-10-04 14:59:14', '2021-11-25 09:33:31', 0),
(2, 'privacy-policy', '2021-10-04 14:59:15', '2021-10-08 10:29:11', 0),
(7, 'vendor-registration', '2021-11-25 09:40:13', '2021-11-25 09:40:13', 0),
(10, 'faqs', '2022-02-18 09:21:14', '2022-02-18 09:21:14', 0);



INSERT INTO `page_translations` (`id`, `title`, `description`, `page_id`, `language_id`, `meta_title`, `meta_keyword`, `meta_description`, `is_published`, `created_at`, `updated_at`, `type_of_form`) VALUES
(1, 'Terms & Conditions', '<p><span style=\"font-size:11pt\"><span style=\"font-family:Arial\"><span style=\"color:#000000\">By accessing the Site or otherwise using the Services, you acknowledge that you have read and agree to be bound by this Agreement. If you do not agree with any of the terms of this Agreement, you do not have permission to access the Site or use the Services.</span></span></span></p>\n\n<p><span style=\"font-size:11pt\"><span style=\"font-family:Arial\"><span style=\"color:#000000\">In addition, you may also be asked to enter into additional agreements before being permitted to access certain of the Services. Those additional agreements are made a part of this Agreement and will govern your use of the Services covered by the additional agreements. In the event of a conflict between the terms of this Agreement and those additional agreements, the terms of the additional agreements shall govern.</span></span></span></p>\n\n<p><span style=\"font-size:11pt\"><span style=\"font-family:Arial\"><span style=\"color:#000000\">Grub reserves the right, in its sole discretion, to modify this Agreement at any time by posting a modified version of this Agreement to the Site. You agree to be bound by the modified Agreement through your continued access to the Site or use of the Services.</span></span></span></p>\n\n<p><span style=\"font-size:11pt\"><span style=\"font-family:Arial\"><span style=\"color:#000000\">1.<strong> Registration</strong>. In order to access any Services, you will be asked to submit certain information about yourself (&ldquo;Registration Information&rdquo;). You represent and warrant that all Registration Information you have provided is true, accurate, current and complete.</span></span></span></p>\n\n<p><span style=\"font-size:11pt\"><span style=\"font-family:Arial\"><span style=\"color:#000000\">2. <strong>Email Communication</strong>. You must provide your electronic mail (&ldquo;email&rdquo;) address when registering to access any Service. We may use your email address, when necessary, to communicate with you regarding the administration of the Site. Occasionally, you may receive newsletters and updates with information that we deem to be of interest to the members of Grub. If you do not want to receive newsletters and updates, you may opt out of those Services (i) during the registration process, or (iii) by emailing the address at the bottom of newsletters and updates with &ldquo;UNSUBSCRIBE&rdquo; in the subject line.</span></span></span></p>\n\n<p><span style=\"font-size:11pt\"><span style=\"font-family:Arial\"><span style=\"color:#000000\">3.<strong> Individual Features and Services</strong>. Certain features of the Services may have their own terms and conditions that you must agree to when you sign up for that particular product, function, or service (each an &ldquo;Individual Service Agreement&rdquo;). An Individual Service Agreement supplements these Terms and is hereby incorporated by reference. If any term of these Terms expressly conflicts with any term of an Individual Service Agreement, the conflicting term in the Individual Service Agreement will control. All other terms and conditions of each agreement will remain in full force and effect.</span></span></span></p>\n\n<p><span style=\"font-size:11pt\"><span style=\"font-family:Arial\"><span style=\"color:#000000\">4. <strong>Use of the Site and the Services</strong> <strong>&ndash; Permissions and Restrictions</strong>. You may access and use the Site only for lawful purposes and solely in accordance with the terms of this Agreement. Grub reserves the right to discontinue any aspect of the Site or Services at any time and without notice. All rights not expressly granted to you under this Agreement are reserved by Grub and its licensors.</span></span></span></p>\n\n<p><span style=\"color:#e74c3c\"><span style=\"font-size:11pt\"><span style=\"font-family:Arial\">You will not:</span></span></span></p>\n\n<p><span style=\"color:#e74c3c\"><span style=\"font-size:11pt\"><span style=\"font-family:Arial\">License, sublicense, rent, lease, loan, resell, transfer, assign, distribute or otherwise commercially exploit or make available to any third party the Site or Services. M</span></span><span style=\"font-size:11pt\"><span style=\"font-family:Arial\">odify or make derivative works based upon the Site or Services. R</span></span><span style=\"font-size:11pt\"><span style=\"font-family:Arial\">everse engineer, disassemble, decompile, or otherwise attempt to derive the source code or method of operation of the Site or Services, or authorize any third party to do any of the foregoing.&nbsp;</span></span><span style=\"font-size:11pt\"><span style=\"font-family:Arial\">Access or make use of the Services and Site by scripts or automated services. You will not c</span></span><span style=\"font-size:11pt\"><span style=\"font-family:Arial\">ompromise violate or impair system or network security or operation.</span></span></span></p>\n\n<p><span style=\"font-size:11pt\"><span style=\"font-family:Arial\"><span style=\"color:#000000\">5. <strong>User Content</strong>. Some areas of the Site allow Users to post or provide content such as comments, questions, and other content or information (any such materials a User submits, posts, displays, or otherwise makes available on the Site is referred to as &ldquo;User Content&rdquo;). With the exception of Results (as defined below), we claim no ownership rights over User Content created by you; the User Content you create remains yours; however, by providing or sharing User Content through the Site, you agree to allow others to view, edit, and/or share your User Content in accordance with your settings and this Agreement. Grub has the right (but not the obligation) in its sole discretion to remove any User Content that is shared via the Site.</span></span></span></p>\n\n<p><span style=\"font-size:11pt\"><span style=\"font-family:Arial\"><span style=\"color:#000000\">You agree not to post User Content that: (i) may create a risk of harm, loss, physical or mental injury, emotional distress, death, disability, disfigurement, or physical or mental illness to you, to any other person, or to any animal; (ii) may create a risk of any other loss or damage to any person or property; (iii) seeks to harm or exploit children by exposing them to inappropriate content, asking for personally identifiable details or otherwise; (iv) may constitute or contribute to a crime or tort; (v) contains any information or content that we deem to be unlawful, harmful, abusive, racially or ethnically offensive, defamatory, infringing, invasive of personal privacy or publicity rights, harassing, humiliating to other people (publicly or otherwise), libelous, threatening, profane, obscene, or otherwise objectionable; (vi) contains any information or content that is illegal (including, without limitation, the disclosure of insider information under securities law or of another party&rsquo;s trade secrets); (vii) contains any information or content that you do not have a right to make available under any law or under contractual or fiduciary relationships; or (viii) contains any information or content that you know is not correct and current. You agree that any User Content that you post does not and will not violate third-party rights of any kind, including without limitation any Intellectual Property Rights (as defined below) or rights of privacy. To the extent that your User Content contains music, you hereby represent that you are the owner of all the copyright rights, including without limitation the performance, mechanical, and sound recordings rights, with respect to each and every musical composition (including lyrics) and sound recording contained in such User Content and have the power to grant the license granted below. Grub reserves the right, but is not obligated, to reject and/or remove any User Content that Grub believes, in its sole discretion, violates any of these provisions. You understand that publishing your User Content on the Site is not a substitute for registering it with the U.S. Copyright Office, the Writer&rsquo;s Guild of America, or any other rights organization.</span></span></span></p>\n\n<p><span style=\"font-size:11pt\"><span style=\"font-family:Arial\"><span style=\"color:#000000\">For the purposes of this Agreement, &ldquo;Intellectual Property Rights&rdquo; means all patent rights, copyright rights, mask work rights, moral rights, rights of publicity, trademark, trade dress and service mark rights, goodwill, trade secret rights and other intellectual property rights as may now exist or hereafter come into existence, and all applications therefore and registrations, renewals and extensions thereof, under the laws of any state, country, territory or other jurisdiction.</span></span></span></p>\n\n<p><strong><span style=\"font-size:11pt\"><span style=\"font-family:Arial\"><span style=\"color:#000000\">In connection with your User Content, you affirm, represent and warrant the following:</span></span></span></strong></p>\n\n<p><span style=\"font-size:11pt\"><span style=\"font-family:Arial\"><span style=\"color:#000000\">You have the written consent of each and every identifiable natural person in the User Content, if any, to use such person&rsquo;s name or likeness in the manner contemplated by the Site and this Agreement, and each such person has released you from any liability that may arise in relation to such use.&nbsp;</span></span></span><span style=\"font-size:11pt\"><span style=\"font-family:Arial\"><span style=\"color:#000000\">You have obtained and are solely responsible for obtaining all consents as may be required by law to post any User Content relating to third parties.&nbsp;</span></span></span><span style=\"font-size:11pt\"><span style=\"font-family:Arial\"><span style=\"color:#000000\">Your User Content and Grub&rsquo;s use thereof as contemplated by this Agreement and the Site will not violate any law or infringe any rights of any third party, including but not limited to any Intellectual Property Rights and privacy rights.&nbsp;</span></span></span><span style=\"font-size:11pt\"><span style=\"font-family:Arial\"><span style=\"color:#000000\">Grub may exercise the rights to your User Content granted under this Agreement without liability for payment of any guild fees, residuals, payments, fees, or royalties payable under any collective bargaining agreement or otherwise.&nbsp;</span></span></span><span style=\"font-size:11pt\"><span style=\"font-family:Arial\"><span style=\"color:#000000\">To the best of your knowledge, all your User Content and other information that you provide to us is truthful and accurate.</span></span></span></p>\n\n<p><span style=\"font-size:11pt\"><span style=\"font-family:Arial\"><span style=\"color:#000000\">Grub takes no responsibility and assumes no liability for any User Content that you or any other User or third-party posts, sends, or otherwise makes available over the Site. You shall be solely responsible for your User Content and the consequences of posting, publishing it, sharing it, or otherwise making it available on the Site, and you agree that we are only acting as a passive conduit for your online distribution and publication of your User Content. You understand and agree that you may be exposed to User Content that is inaccurate, objectionable, inappropriate for children, or otherwise unsuited to your purpose, and you agree that Grub shall not be liable for any damages you allege to incur as a result of or relating to any User Content.</span></span></span></p>\n\n<p><span style=\"font-size:11pt\"><span style=\"font-family:Arial\"><span style=\"color:#000000\">6. <strong>User Content License Grant</strong>. By posting or otherwise making available any User Content on or through the Site, you expressly grant, and you represent and warrant that you have all rights necessary to grant, to Grub a royalty-free, sublicensable, transferable, perpetual, irrevocable, non-exclusive, worldwide license to use, reproduce, modify, publish, list information regarding, edit, translate, distribute, syndicate, publicly perform, publicly display, and make derivative works of all such User Content and your name, voice, and/or likeness as contained in your User Content, in whole or in part, and in any form, media or technology, whether now known or hereafter developed, for use in connection with the Site and Grub&rsquo;s (and its successors&rsquo; and affiliates&rsquo;) business, including without limitation for promoting and redistributing part or all of the Site (and derivative works thereof) in any media formats and through any media channels.</span></span></span></p>\n\n<p><span style=\"font-size:11pt\"><span style=\"font-family:Arial\"><span style=\"color:#000000\">7. <strong>Ownership of Intellectual Property</strong>. Grub and its licensors own all rights, title and interest in and to the Site and Services, including, without limitation, any Results (defined below) and any Intellectual Property Rights therein and/or related thereto. &ldquo;Intellectual Property Rights&rdquo; means all worldwide patent, patent applications, copyrights, trade secrets, trademarks, service marks, trade names and any other intellectual property, proprietary, and database protection rights. The Grub name and logo are trademarks of Grub, Inc., and no right or license is granted to you herein to use such trademarks.</span></span></span></p>\n\n<p><span style=\"font-size:11pt\"><span style=\"font-family:Arial\"><span style=\"color:#000000\">8.<strong> Data Collection</strong>. Grub will have the right to utilize data capture, analysis tools, and other similar tools, to review, extract, compile, synthesize, and analyze queries entered by you as well as any non-personally identifiable data or information resulting from your use of the Services (&ldquo;Results&rdquo;). To the extent that any Results are collected by Grub, such Results will be solely owned by Grub (and you hereby assign any ownership rights in Results you may have to Grub), and they may be used by Grub for any lawful business purpose without a duty of accounting to you; provided, however, that Grub shall use the Results in an aggregated form only, without specifically identifying the source of the Results.</span></span></span></p>\n\n<p><span style=\"font-size:11pt\"><span style=\"font-family:Arial\"><span style=\"color:#000000\">9. <strong>DMCA Notice</strong>. Since we respect artist and content owner rights, it is Grub&rsquo;s policy to respond to alleged infringement notices that comply with the Digital Millennium Copyright Act of 1998 (&ldquo;DMCA&rdquo;) .</span></span></span></p>\n\n<p><span style=\"font-size:11pt\"><span style=\"font-family:Arial\"><span style=\"color:#000000\">If you believe that your copyrighted work has been copied in a way that constitutes copyright infringement and is accessible via the Site, please notify Grub&rsquo;s copyright agent as set forth in the DMCA. For your complaint to be valid under the DMCA, you must provide the following information in writing:</span></span></span></p>\n\n<ul>\n	<li><span style=\"font-size:11pt\"><span style=\"font-family:Arial\"><span style=\"color:#000000\">An electronic or physical signature of a person authorized to act on behalf of the copyright owner;</span></span></span></li>\n	<li><span style=\"font-size:11pt\"><span style=\"font-family:Arial\"><span style=\"color:#000000\">Identification of the copyrighted work that you claim has been infringed;</span></span></span></li>\n	<li><span style=\"font-size:11pt\"><span style=\"font-family:Arial\"><span style=\"color:#000000\">Identification of the material that is claimed to be infringing and where it is located on the Site;</span></span></span></li>\n	<li><span style=\"font-size:11pt\"><span style=\"font-family:Arial\"><span style=\"color:#000000\">Information reasonably sufficient to permit Grub to contact you, such as your address, telephone number, and, e-mail address;</span></span></span></li>\n	<li><span style=\"font-size:11pt\"><span style=\"font-family:Arial\"><span style=\"color:#000000\">A statement that you have a good faith belief that use of the material in the manner complained of is not authorized by the copyright owner, its agent, or law; and</span></span></span></li>\n	<li><span style=\"font-size:11pt\"><span style=\"font-family:Arial\"><span style=\"color:#000000\">A statement, made under penalty of perjury, that the above information is accurate, and that you are the copyright owner or are authorized to act on behalf of the owner.</span></span></span></li>\n</ul>\n\n<p><span style=\"font-size:11pt\"><span style=\"font-family:Arial\"><span style=\"color:#000000\">The above information must be submitted to the following DMCA Agent:</span></span></span></p>\n\n<p><span style=\"font-size:11pt\"><span style=\"font-family:Arial\"><span style=\"color:#000000\">Attn: DMCA Notice</span></span></span></p>\n\n<p><span style=\"font-size:11pt\"><span style=\"font-family:Arial\"><span style=\"color:#000000\">Address: Grub Inc.</span></span></span></p>\n\n<p><span style=\"color:#000000\"><span style=\"font-family:Arial,Helvetica,sans-serif\">Plot no 5, Madhya Marg, 28B, Sector 28</span></span></p>\n\n<p><span style=\"color:#000000\"><span style=\"font-family:Arial,Helvetica,sans-serif\">Chandigarh, 160019</span></span></p>\n\n<p><span style=\"font-size:11pt\"><span style=\"font-family:Arial\"><span style=\"color:#000000\">UNDER FEDERAL LAW, IF YOU KNOWINGLY MISREPRESENT THAT ONLINE MATERIAL IS INFRINGING, YOU MAY BE SUBJECT TO CRIMINAL PROSECUTION FOR PERJURY AND CIVIL PENALTIES, INCLUDING MONETARY DAMAGES, COURT COSTS, AND ATTORNEYS&rsquo; FEES.</span></span></span></p>\n\n<p><span style=\"font-size:11pt\"><span style=\"font-family:Arial\"><span style=\"color:#000000\">Please note that this procedure is exclusively for notifying Grub and its affiliates that your copyrighted material has been infringed. The preceding requirements are intended to comply with Grub&rsquo;s rights and obligations under the DMCA, including 17 U.S.C. &sect;512(c), but do not constitute legal advice. It may be advisable to contact an attorney regarding your rights and obligations under the DMCA and other applicable laws.</span></span></span></p>\n\n<p><span style=\"font-size:11pt\"><span style=\"font-family:Arial\"><span style=\"color:#000000\">In accordance with the DMCA and other applicable law, Grub has adopted a policy of terminating, in appropriate circumstances, Users who are deemed to be repeat infringers. Grub may also at its sole discretion limit access to the Site and/or terminate the accounts of any Users who infringe any intellectual property rights of others, whether or not there is any repeat infringement.</span></span></span></p>\n\n<p><span style=\"font-size:11pt\"><span style=\"font-family:Arial\"><span style=\"color:#000000\">10. <strong>Representations and Warranties</strong>. You represent, warrant and covenant for the benefit of Grub that: (1) you have the legal right and authority to enter into this Agreement, and, if you are accepting this Agreement on behalf of Your Company or other entity, to bind Your Company or other entity to the terms of this Agreement; (2) you have the legal right and authority to perform your obligations under this Agreement and to grant the rights and licenses described in this Agreement and in any applicable additional agreement you enter into in connection with any of the Services; (3) all information you provide to Grub in connection with this Agreement and your access to the Site and use of the Services is correct and current.</span></span></span></p>\n\n<p><span style=\"font-size:11pt\"><span style=\"font-family:Arial\"><span style=\"color:#000000\">11. <strong>Indemnification</strong>. You agree to indemnify, defend, and hold harmless Grub and each of its respective employees, officer, directors, and affiliates (&ldquo;Indemnified Parties&rdquo;), from any and all claims, losses, liabilities, damages, fees, expenses and costs (including attorneys&rsquo; fees, court costs, damage awards, and settlement amounts) which result from any claim or allegation against any Indemnified Party arising from: (a) your accessing the Site or use of the Services, including any materials disseminated or transmitted by you and/or your Registrants; (b) your breach of any term of this Agreement; or (c) your negligence or intentional misconduct hereunder. Grub will provide you with notice of any such claim or allegation, and Grub will have the right to participate in the defense of any such claim at its expense.</span></span></span></p>\n\n<p><span style=\"font-size:11pt\"><span style=\"font-family:Arial\"><span style=\"color:#000000\">12. <strong>Disclaimer</strong>. THE PARTIES ACKNOWLEDGE THAT THE SERVICES ARE PROVIDED TO YOU STRICTLY ON AN &ldquo;AS IS&rdquo; AND &ldquo;AS AVAILABLE&rdquo; BASIS WITH NO WARRANTIES WHATSOEVER. YOU RECOGNIZE THAT THE CURRENT STATE OF TECHNOLOGY DOES NOT ALLOW FOR ERROR-FREE ACCESS TO THE SITE AND USE OF THE SERVICES, AND INTERRUPTIONS, CRASHES AND DOWNTIME MAY OCCUR FROM TIME TO TIME. Grub DOES NOT REPRESENT OR WARRANT THAT: (A) THE USE OF THE SERVICES WILL BE SECURE, TIMELY, UNINTERRUPTED OR ERROR-FREE OR OPERATE IN COMBINATION WITH ANY OTHER HARDWARE, SOFTWARE, SYSTEM OR DATA; (B) THE SERVICES WILL MEET CUSTOMERS&rsquo; REQUIREMENTS OR EXPECTATIONS; OR (C) ANY RESULTS GENERATED BY USING THE SERVICES WILL BE ACCURATE, UP-TO-DATE, COMPLETE, OR RELIABLE. ORDEMARK DISCLAIMS ALL REPRESENTATIONS AND WARRANTIES, WHETHER EXPRESS, IMPLIED, STATUTORY OR OTHERWISE, INCLUDING WITHOUT LIMITATION, ANY IMPLIED WARRANTY OF MERCHANTABILITY, FITNESS FOR A PARTICULAR PURPOSE, TITLE OR NON-INFRINGEMENT OF THIRD PARTY RIGHTS TO THE MAXIMUM EXTENT PERMITTED BY APPLICABLE LAW. NO ORAL OR WRITTEN INFORMATION GIVEN BY Grub WILL INCREASE THE SCOPE OF THE ABOVE WARRANTIES OR CREATE ANY NEW WARRANTIES. YOU AGREE THAT YOUR ACCESS TO THE SITE AND THE INFORMATION THEREON IS AT YOUR OWN RISK AND THAT YOU ARE SOLELY RESPONSIBLE FOR ANY LIABILITY OR DAMAGE YOU INCUR THROUGH ACCESS TO THE SITE OR USE OF THE SERVICES.</span></span></span></p>\n\n<p><span style=\"font-size:11pt\"><span style=\"font-family:Arial\"><span style=\"color:#000000\">13. <strong>Limitation of Liability.</strong> TO THE MAXIMUM EXTENT PERMITTED BY APPLICABLE LAW, IN NO EVENT SHALL Grub, ITS AFFILIATES, AGENTS, DIRECTORS, EMPLOYEES, SUPPLIERS OR LICENSORS BE LIABLE FOR ANY INDIRECT, PUNITIVE, INCIDENTAL, SPECIAL, CONSEQUENTIAL OR EXEMPLARY DAMAGES, INCLUDING WITHOUT LIMITATION DAMAGES FOR LOSS OF PROFITS, GOODWILL, USE, DATA OR OTHER INTANGIBLE LOSSES, ARISING OUT OF OR RELATING TO THE USE OF, OR INABILITY TO USE, THIS SITE. UNDER NO CIRCUMSTANCES WILL Grub BE RESPONSIBLE FOR ANY DAMAGE, LOSS OR INJURY RESULTING FROM HACKING, TAMPERING OR OTHER UNAUTHORIZED ACCESS OR USE OF THE SITE OR YOUR ACCOUNT OR THE INFORMATION CONTAINED THEREIN.</span></span></span></p>\n\n<p><span style=\"font-size:11pt\"><span style=\"font-family:Arial\"><span style=\"color:#000000\">TO THE MAXIMUM EXTENT PERMITTED BY APPLICABLE LAW, Grub ASSUMES NO LIABILITY OR RESPONSIBILITY FOR ANY (I) ERRORS, MISTAKES, OR INACCURACIES OF CONTENT; (II) PERSONAL INJURY OR PROPERTY DAMAGE, OF ANY NATURE WHATSOEVER, RESULTING FROM YOUR ACCESS TO OR USE OF OUR SITE; (III) ANY UNAUTHORIZED ACCESS TO OR USE OF OUR SECURE SERVERS AND/OR ANY AND ALL PERSONAL INFORMATION STORED THEREIN; (IV) ANY INTERRUPTION OR CESSATION OF TRANSMISSION TO OR FROM THE SITE; (V) ANY BUGS, VIRUSES, TROJAN HORSES, OR THE LIKE THAT MAY BE TRANSMITTED TO OR THROUGH OUR SITE BY ANY THIRD PARTY; (VI) ANY ERRORS OR OMISSIONS IN ANY CONTENT OR FOR ANY LOSS OR DAMAGE INCURRED AS A RESULT OF THE USE OF ANY CONTENT POSTED, EMAILED, TRANSMITTED, OR OTHERWISE MADE AVAILABLE THROUGH THE SITE; AND/OR (VII) USER CONTENT OR THE DEFAMATORY, OFFENSIVE, OR ILLEGAL CONDUCT OF ANY THIRD PARTY. IN NO EVENT SHALL Grub, ITS AFFILIATES, AGENTS, DIRECTORS, EMPLOYEES, SUPPLIERS, OR LICENSORS BE LIABLE TO YOU FOR ANY CLAIMS, PROCEEDINGS, LIABILITIES, OBLIGATIONS, DAMAGES, LOSSES OR COSTS IN AN AMOUNT EXCEEDING THE AMOUNT YOU PAID TO Grub HEREUNDER OR $100.00, WHICHEVER IS GREATER.</span></span></span></p>\n\n<p><span style=\"font-size:11pt\"><span style=\"font-family:Arial\"><span style=\"color:#000000\">THIS LIMITATION OF LIABILITY SECTION APPLIES WHETHER THE ALLEGED LIABILITY IS BASED ON CONTRACT, TORT, NEGLIGENCE, STRICT LIABILITY, OR ANY OTHER BASIS, EVEN IF Grub HAS BEEN ADVISED OF THE POSSIBILITY OF SUCH DAMAGE. THE FOREGOING LIMITATION OF LIABILITY SHALL APPLY TO THE FULLEST EXTENT PERMITTED BY LAW IN THE APPLICABLE JURISDICTION.</span></span></span></p>\n\n<p><span style=\"font-size:11pt\"><span style=\"font-family:Arial\"><span style=\"color:#000000\">SOME STATES DO NOT ALLOW THE EXCLUSION OR LIMITATION OF INCIDENTAL OR CONSEQUENTIAL DAMAGES, SO THE ABOVE LIMITATIONS OR EXCLUSIONS MAY NOT APPLY TO YOU. THIS AGREEMENT GIVES YOU SPECIFIC LEGAL RIGHTS, AND YOU MAY ALSO HAVE OTHER RIGHTS WHICH VARY FROM STATE TO STATE. THE DISCLAIMERS, EXCLUSIONS, AND LIMITATIONS OF LIABILITY UNDER THIS AGREEMENT WILL NOT APPLY TO THE EXTENT PROHIBITED BY APPLICABLE LAW.</span></span></span></p>\n\n<p><span style=\"font-size:11pt\"><span style=\"font-family:Arial\"><span style=\"color:#000000\">14. <strong>Privacy Policy</strong>. Grub&rsquo;s privacy policy, a copy of which is available at https://Grub.com/privacy/ is incorporated in this Agreement by reference. By accepting this Agreement, you expressly consent to the use and disclosure of your personally identifiable and other information as described in the Privacy Policy.</span></span></span></p>\n\n<p><span style=\"font-size:11pt\"><span style=\"font-family:Arial\"><span style=\"color:#000000\">15. <strong>Linked Sites</strong>. The Site may contain links to third party sites that are not under the control of Grub, and Grub is not responsible for any content on any linked site. If you access a third-party site from the Site, then you do so at your own risk. Grub provides links only as a convenience and the inclusion of the link does not imply that Grub endorses or accepts any responsibility for the content on those third-party sites. Grub welcomes links to the Site. You may establish a link to this Site, provided that the link does not state or imply any sponsorship or endorsement of your site by Grub or any group or individual affiliated with Grub. You may not use on your site any content or trademarks appearing on the Site in establishing the link. You may not frame or otherwise incorporate into another site the content or other materials on the Site without prior written consent.</span></span></span></p>\n\n<p><span style=\"font-size:11pt\"><span style=\"font-family:Arial\"><span style=\"color:#000000\">16. <strong>Notices</strong>. All notices by you under this Agreement must be delivered in writing by courier, by electronic facsimile, or by certified or registered mail (postage prepaid and return receipt requested) to Grub&rsquo;s address set forth on the Site, as appropriate. Such notice will be effective upon receipt or three business days after being deposited in the mail, whichever occurs sooner. Grub may deliver a notice to you by posting of a general notice on the Site, which will be effective 48 hours after posting to the Site.</span></span></span></p>\n\n<p><span style=\"font-size:11pt\"><span style=\"font-family:Arial\"><span style=\"color:#000000\">17. <strong>Term, Termination</strong>. This Agreement shall be effective for as long as you use or access the Site or the Services. Grub may terminate your access to the Site with or without cause, at any time and without notice to you. Neither Grub nor any affiliate of Grub shall be liable to you or to any third party for termination of your access for any reason. Sections 6-8, 11-13, and 18 shall survive termination or expiration of this Agreement.</span></span></span></p>\n\n<p><span style=\"font-size:11pt\"><span style=\"font-family:Arial\"><span style=\"color:#000000\">18. <strong>Governing Law, Arbitration, and Class Action/Jury Trial Waiver</strong>.</span></span></span></p>\n\n<p><span style=\"font-size:11pt\"><span style=\"font-family:Arial\"><span style=\"color:#000000\"><strong>a. Governing Law</strong>. You agree that: (i) the Site shall be deemed solely based in California; and (ii) the Site shall be deemed a passive one that does not give rise to personal jurisdiction over us, either specific or general, in jurisdictions other than California. This Agreement shall be governed by the internal substantive laws of the State of California, without respect to its conflict of laws principles. The parties acknowledge that this Agreement evidences a transaction involving interstate commerce. Notwithstanding the preceding sentences with respect to the substantive law, any arbitration conducted pursuant to the terms of this Agreement shall be governed by the Federal Arbitration Act (9 U.S.C. &sect;&sect; 1-16). The application of the United Nations Convention on Contracts for the International Sale of Goods is expressly excluded. You agree to submit to the personal jurisdiction of the federal and state courts located in Los Angeles County, California for any actions for which we retain the right to seek injunctive or other equitable relief in a court of competent jurisdiction to prevent the actual or threatened infringement, misappropriation or violation of a our copyrights, trademarks, trade secrets, patents, or other intellectual property or proprietary rights, as set forth in the Arbitration provision below, including any provisional relief required to prevent irreparable harm. You agree that Los Angeles County, California is the proper forum for any appeals of an arbitration award or for trial court proceedings in the event that the arbitration provision below is found to be unenforceable.</span></span></span></p>\n\n<p><span style=\"font-size:11pt\"><span style=\"font-family:Arial\"><span style=\"color:#000000\"><strong>b. Arbitration</strong>. READ THIS SECTION CAREFULLY BECAUSE IT REQUIRES THE PARTIES TO ARBITRATE THEIR DISPUTES AND LIMITS THE MANNER IN WHICH YOU CAN SEEK RELIEF FROM Grub. For any dispute with Grub, you agree to first contact us at info@Grub.com and attempt to resolve the dispute with us informally. In the unlikely event that Grub has not been able to resolve a dispute it has with you after sixty (60) days, we each agree to resolve any claim, dispute, or controversy (excluding any claims for injunctive or other equitable relief as provided below) arising out of or in connection with or relating to this Agreement, or the breach or alleged breach thereof (collectively, &ldquo;Claims&rdquo;), by binding arbitration by JAMS, under the Optional Expedited Arbitration Procedures then in effect for JAMS, except as provided herein. JAMS may be contacted at www.jamsadr.com. The arbitration will be conducted in Los Angeles County, California, unless you and Grub agree otherwise. If you are using the Site for commercial purposes, each party will be responsible for paying any JAMS filing, administrative and arbitrator fees in accordance with JAMS rules, and the award rendered by the arbitrator shall include costs of arbitration, reasonable attorneys&rsquo; fees and reasonable costs for expert and other witnesses. If you are an individual using the Site for non-commercial purposes: (i) JAMS may require you to pay a fee for the initiation of your case, unless you apply for and successfully obtain a fee waiver from JAMS; (ii) the award rendered by the arbitrator may include your costs of arbitration, your reasonable attorney&rsquo;s fees, and your reasonable costs for expert and other witnesses; and (iii) you may sue in a small claims court of competent jurisdiction without first engaging in arbitration, but this does not absolve you of your commitment to engage in the informal dispute resolution process. Any judgment on the award rendered by the arbitrator may be entered in any court of competent jurisdiction. Nothing in this Section shall be deemed as preventing Grub from seeking injunctive or other equitable relief from the courts as necessary to prevent the actual or threatened infringement, misappropriation, or violation of our data security, Intellectual Property Rights or other proprietary rights.</span></span></span></p>\n\n<p><span style=\"font-size:11pt\"><span style=\"font-family:Arial\"><span style=\"color:#000000\"><strong>c. Class Action/Jury Trial Waiver</strong>. WITH RESPECT TO ALL PERSONS AND ENTITIES, REGARDLESS OF WHETHER THEY HAVE OBTAINED OR USED THE SITE FOR PERSONAL, COMMERCIAL OR OTHER PURPOSES, ALL CLAIMS MUST BE BROUGHT IN THE PARTIES&rsquo; INDIVIDUAL CAPACITY, AND NOT AS A PLAINTIFF OR CLASS MEMBER IN ANY PURPORTED CLASS ACTION, COLLECTIVE ACTION, PRIVATE ATTORNEY GENERAL ACTION OR OTHER REPRESENTATIVE PROCEEDING. THIS WAIVER APPLIES TO CLASS ARBITRATION, AND, UNLESS WE AGREE OTHERWISE, THE ARBITRATOR MAY NOT CONSOLIDATE MORE THAN ONE PERSON&rsquo;S CLAIMS. YOU AGREE THAT, BY ENTERING INTO THIS AGREEMENT, YOU AND Grub ARE EACH WAIVING THE RIGHT TO A TRIAL BY JURY OR TO PARTICIPATE IN A CLASS ACTION, COLLECTIVE ACTION, PRIVATE ATTORNEY GENERAL ACTION, OR OTHER REPRESENTATIVE PROCEEDING OF ANY KIND.</span></span></span></p>\n\n<p><span style=\"font-size:11pt\"><span style=\"font-family:Arial\"><span style=\"color:#000000\">19. <strong>California Residents</strong>. The provider of services is set forth herein. If you are a California resident, in accordance with Cal. Civ. Code &sect;1789.3, you may report complaints to the Complaint Assistance Unit of the Division of Consumer Sites of the California Department of Consumer Affairs by contacting them in writing at 1625 North Market Blvd., Suite N 112 Sacramento, CA 95834, or by telephone at (800) 952-5210 or (916) 445-1254.</span></span></span></p>\n\n<p><span style=\"font-size:11pt\"><span style=\"font-family:Arial\"><span style=\"color:#000000\">20. <strong>General Provisions</strong>. This Agreement is the complete and exclusive statement of the Agreement between Grub and you regarding the Site and supersedes any other agreement or proposal, oral or written (including information on the Site), and any other communications between Grub and you. There are no other third-party beneficiaries under this Agreement. The waiver of a breach of any provision of this Agreement will not operate or be interpreted as a waiver of any other or subsequent breach. If any provision of this Agreement is deemed unenforceable, such provision will be changed and interpreted to accomplish the objectives of such provision to the greatest extent possible under applicable law and the remaining provisions will continue in full force and effect. You may not assign, delegate or otherwise transfer this Agreement or any of your rights or obligations under this Agreement without the prior written consent of Grub. Any such assignment, delegation or transfer in violation of the foregoing will be null and void.</span></span></span></p>', 1, 1, 'Terms & Conditions', 'Terms & Conditions', 'Terms & Conditions', 1, '2021-10-04 14:59:14', '2022-02-17 11:13:02', 5);
INSERT INTO `page_translations` (`id`, `title`, `description`, `page_id`, `language_id`, `meta_title`, `meta_keyword`, `meta_description`, `is_published`, `created_at`, `updated_at`, `type_of_form`) VALUES
(2, 'Privacy Policy', '<p><span style=\"font-size:11pt\"><span style=\"font-family:Arial\"><span style=\"color:#000000\">This privacy policy covers the Grub web site <a href=\"https://grub.royoorders.com/\"><strong>www.Grub.com</strong></a> and the other web sites operated under the <strong><a href=\"https://grub.royoorders.com/\">www.Grub.com</a> </strong>(&ldquo;Site&rdquo;) collectively referred to as &ldquo;Grub,&rdquo; and the services provided thereon (the &ldquo;Services&rdquo;) and is applicable to all information about you or the company or other entity you represent (&ldquo;you&rdquo; or &ldquo;your&rdquo;) collected through Grub with an effective date of July 1, 2017.</span></span></span></p>\n\n<p><span style=\"font-size:11pt\"><span style=\"font-family:Arial\"><span style=\"color:#000000\">This Policy describes the types of information that Grub, Inc. (&ldquo;we&rdquo;, &ldquo;us&rdquo; or &ldquo;our&rdquo;) gathers from you and the other people who use Grub (the &ldquo;Users&rdquo;), how we may use that information and how you can contact us regarding this Policy and your personal information.</span></span></span></p>\n\n<p><span style=\"font-size:11pt\"><span style=\"font-family:Arial\"><span style=\"color:#000000\"><strong>Changes to Policy</strong>. We reserve the right to modify this Policy at any time, so please review Grub frequently for any changes. Amendments to this Policy will be posted on the Site and will be effective when posted. You will be deemed to have been made aware of, will be subject to, and will be deemed to have accepted, the changes to any amended or revised Policy by your continued access or use of our services or Grub.</span></span></span></p>\n\n<p><span style=\"font-size:11pt\"><span style=\"font-family:Arial\"><span style=\"color:#000000\"><strong>Your Consent</strong>. Please read this entire Policy carefully before using Grub or providing us with any information. When you access or use Grub, you consent to the collection, use and disclosure of your information in accordance Terms and Conditions of Use and with this Policy. By providing information to Grub, all Users fully understand and consent to the collection, use and processing of such information by Grub or third parties as set forth herein. By using Grub, all Users consent to us providing all information (whether or not personally identifiable) received or collected from those Users to such third-party providers for the purpose of enabling the third-party provider to provide these outsourced services to us. In addition, all Users consent to the collection, maintenance, and processing of their information (whether or not personally identifiable) by us and these third-party providers. If you do not agree to the Terms and Conditions of Use and the terms of this Policy, you are not authorized to use the Grub Site.</span></span></span></p>\n\n<p><span style=\"font-size:11pt\"><span style=\"font-family:Arial\"><span style=\"color:#000000\">Please understand that we may contract with third parties to provide various services to Grub relating to Grub on an outsourced basis rather than performing those services ourselves. For example, we may (i) contract with an email provider to handle the distribution of email messages to Users, (ii) contract with a web site hosting provider to host Grub for us or (iii) contract with a third party to provide call center services to facilitate communication in connection with our services. We may also contract with various validation services to confirm contact information you provide.</span></span></span></p>\n\n<p><span style=\"font-size:11pt\"><span style=\"font-family:Arial\"><span style=\"color:#000000\">Maintaining your trust is our top priority, so we adhere to the following principles to protect your privacy:</span></span></span></p>\n\n<p><span style=\"font-size:11pt\"><span style=\"font-family:Arial\"><span style=\"color:#000000\">We protect your personally identifiable information and will only provide it to third parties: (1) with your consent; (2) where it is necessary to carry out your instructions; (3) as reasonably necessary in order to provide our features and functionality to you; (4) when we reasonably believe it is required by law, subpoena or other legal process; or (5) as necessary to enforce our Terms of Use or protect the rights, property, or safety of us, our Members and Site visitors, and the public. We have implemented appropriate security safeguards designed to protect your information in accordance with industry standards.</span></span></span></p>\n\n<p><span style=\"font-size:11pt\"><span style=\"font-family:Arial\"><span style=\"color:#000000\">Our Site are not directed to children under the age of 13. We do not knowingly collect personal information from children under age 13. Grub complies with the Children&rsquo;s Online Privacy Protection Act (COPPA). We do not knowingly collect or use personally identifiable information from children under the age of 13. If we discover such information from a child under the age of 13, we will eliminate that data.</span></span></span></p>\n\n<p><span style=\"font-size:11pt\"><span style=\"font-family:Arial\"><span style=\"color:#000000\">Information You Give Us. We may collect and retain any information from you or your business provided to us when you visit a Site, including when you:</span></span></span></p>\n\n<p><span style=\"font-size:11pt\"><span style=\"font-family:Arial\"><span style=\"color:#000000\">Use our service;&nbsp;</span></span></span><span style=\"font-size:11pt\"><span style=\"font-family:Arial\"><span style=\"color:#000000\">register for an account;&nbsp;</span></span></span><span style=\"font-size:11pt\"><span style=\"font-family:Arial\"><span style=\"color:#000000\">communicate with us, such as to provide feedback, request support, or ask for additional information;&nbsp;</span></span></span><span style=\"font-size:11pt\"><span style=\"font-family:Arial\"><span style=\"color:#000000\">subscribe to content we offer, such as newsletters, alerts, etc.</span></span></span></p>\n\n<p><span style=\"font-size:11pt\"><span style=\"font-family:Arial\"><span style=\"color:#000000\">We may collect information such as your first and last name, business address or other physical address, email address, zip code, telephone number, or information about your interactions with us or others, and other information</span></span></span></p>\n\n<p><span style=\"font-size:11pt\"><span style=\"font-family:Arial\"><span style=\"color:#000000\"><strong>Social Media</strong>. You may use social networks or other online services to access our Site. When you do so, information from those services may be made available to us. By associating a social network account with our Site, you agree that we may access and retain that information in accordance with the policies of the social network or other online service and this Policy. For example, we may be able to access account or profile information that you have provided to the social network or information about your interactions with the social network to make information available to us (such as when commenting on a blog post or using a sign-on service, such as Facebook Connect).</span></span></span></p>\n\n<p><span style=\"font-size:11pt\"><span style=\"font-family:Arial\"><span style=\"color:#000000\">Automatically Collected Information. We may collect information automatically when you visit our Sites, such as:</span></span></span></p>\n\n<p><span style=\"font-size:11pt\"><span style=\"font-family:Arial\"><span style=\"color:#000000\">Your IP address;</span></span></span></p>\n\n<p><span style=\"font-size:11pt\"><span style=\"font-family:Arial\"><span style=\"color:#000000\">The type of browser, devices and operating systems you use;</span></span></span></p>\n\n<p><span style=\"font-size:11pt\"><span style=\"font-family:Arial\"><span style=\"color:#000000\">Identifiers associated with the device(s) you use to access our Sites;</span></span></span></p>\n\n<p><span style=\"font-size:11pt\"><span style=\"font-family:Arial\"><span style=\"color:#000000\">The pages you visit, vehicles you view or configure, and the features you use, including dates and times;</span></span></span></p>\n\n<p><span style=\"font-size:11pt\"><span style=\"font-family:Arial\"><span style=\"color:#000000\">If you navigated from or navigate to another website, the address of that website; and</span></span></span></p>\n\n<p><span style=\"font-size:11pt\"><span style=\"font-family:Arial\"><span style=\"color:#000000\">Information regarding your internet service provider.</span></span></span></p>\n\n<p><span style=\"font-size:11pt\"><span style=\"font-family:Arial\"><span style=\"color:#000000\">In addition, we may collect information about your activities on our Site through the use of cookies, clear GIFs or web beacons, local shared objects or Flash cookies, or through other identifiers or technologies, including similar technologies as they may evolve over time. We refer to these technologies collectively as Metrics Tools.</span></span></span></p>\n\n<p><span style=\"font-size:11pt\"><span style=\"font-family:Arial\"><span style=\"color:#000000\">We may allow third parties to use Metrics Tools on our Sites. The information collected by Metrics Tools may be shared with and used by us, by others acting on our behalf, or by third parties subject to their own privacy policies. Information collected by Metrics Tools may be used on this Site or on other websites or services, including those that may not be operated by us. Although we do our best to honor the privacy preferences of our users, we are unable to respond to Do Not Track signals set by your browser at this time.</span></span></span></p>\n\n<p><span style=\"font-size:11pt\"><span style=\"font-family:Arial\"><span style=\"color:#000000\"><strong>Email</strong>. We may collect information regarding the effectiveness of our email and other communications with you. For example, we may know if you follow a link in an email we send to you.</span></span></span></p>\n\n<p><span style=\"font-size:11pt\"><span style=\"font-family:Arial\"><span style=\"color:#000000\"><strong>Information from Other Sources</strong>. We may obtain information about you from affiliates, partners, automobile dealers and other third parties. This information may include information about your use of this Site or our services, your use of other websites, your interactions with or purchases from automobile dealers, your interests and preferences and other information about you or your household. We may combine the information we obtain from third parties with information that we or our affiliates have collected about you.</span></span></span></p>\n\n<p><span style=\"font-size:11pt\"><span style=\"font-family:Arial\"><span style=\"color:#000000\"><strong>Use of Information</strong>. We and others acting on our behalf may use the information that we collect or receive to operate our business, including our Site, including, but not limited to:</span></span></span></p>\n\n<p><span style=\"font-size:11pt\"><span style=\"font-family:Arial\"><span style=\"color:#000000\"><strong>Operate and Support our Sites and Services</strong>. We use the information that we gather in order to operate our Site and our services. If you establish an account with us, we may use information about you to manage or support your account. We may identify your use of our Sites across devices, and we may use information we collect from you and receive from others to optimize your use of the Site and our services.</span></span></span></p>\n\n<p><span style=\"font-size:11pt\"><span style=\"font-family:Arial\"><span style=\"color:#000000\"><strong>Improving and Evolving our Services</strong>. We constantly evaluate and improve our Site and services, including developing new products or services and use the information we gather to do so.</span></span></span></p>\n\n<p><span style=\"font-size:11pt\"><span style=\"font-family:Arial\"><span style=\"color:#000000\"><strong>Advertising and Promotions</strong>. We may use the information we gather offer, provide, or personalize products and services from us and third parties. For example, we may customize content, promotions and incentives to reflect your preferences, business, interests, or prior interactions with us and others.</span></span></span></p>\n\n<p><span style=\"font-size:11pt\"><span style=\"font-family:Arial\"><span style=\"color:#000000\"><strong>Testimonials</strong>. If you provide any testimonials about our goods or services, we may post those testimonials and examples of advertisements you place in connection with our promotion of these services to third parties. Testimonials and advertisements may include your name and other personal information that you have provided.</span></span></span></p>\n\n<p><span style=\"font-size:11pt\"><span style=\"font-family:Arial\"><span style=\"color:#000000\"><strong>Other Uses</strong>. We may use the information (whether or not personally identifiable) that you provide to us to also, among other things:</span></span></span></p>\n\n<p><span style=\"font-size:11pt\"><span style=\"font-family:Arial\"><span style=\"color:#000000\">E-mail information and offers to you.</span></span></span></p>\n\n<p><span style=\"font-size:11pt\"><span style=\"font-family:Arial\"><span style=\"color:#000000\">Mail information and offers to you.</span></span></span></p>\n\n<p><span style=\"font-size:11pt\"><span style=\"font-family:Arial\"><span style=\"color:#000000\">Provide your information to third parties to fulfill services you have requested or that may be of interest to you.</span></span></span></p>\n\n<p><span style=\"font-size:11pt\"><span style=\"font-family:Arial\"><span style=\"color:#000000\">Compile anonymous statistical information and analysis.</span></span></span></p>\n\n<p><span style=\"font-size:11pt\"><span style=\"font-family:Arial\"><span style=\"color:#000000\">Provide compiled anonymous information to third parties.</span></span></span></p>\n\n<p><span style=\"font-size:11pt\"><span style=\"font-family:Arial\"><span style=\"color:#000000\">Provide, sell, or rent anonymous statistical information and analysis to third parties for advertising purposes.</span></span></span></p>\n\n<p><span style=\"font-size:11pt\"><span style=\"font-family:Arial\"><span style=\"color:#000000\">Help administer and protect the security of Grub.</span></span></span></p>\n\n<p><span style=\"font-size:11pt\"><span style=\"font-family:Arial\"><span style=\"color:#000000\">Facilitate the processing by third parties of payment for online purchases or other transactions.</span></span></span></p>\n\n<p><span style=\"font-size:11pt\"><span style=\"font-family:Arial\"><span style=\"color:#000000\">Prevent, detect, mitigate, and investigate fraud, security breaches, and potentially prohibited or illegal activities.</span></span></span></p>\n\n<p><span style=\"font-size:11pt\"><span style=\"font-family:Arial\"><span style=\"color:#000000\"><strong>Third Party Tracking and Online Behavioral Advertising</strong>. We may share, or we may permit third party online advertising networks, social media companies and other third-party services, to collect, information about your use of our website over time so that they may play or display ads on our Service, on other devices you may use, and on other websites, apps or services. Typically, though not always, the information we share is provided through cookies or similar tracking technologies, which recognize the device you are using and collect information, including click stream information, browser type, time and date you visited the site and other information. We may also share a common account identifier (such as an email address or user ID) to help us identify you across devices. We and our third-party partners use this information to make the advertisements you see online more relevant to your interests. As noted above, depending on your browser or mobile device, you may be able set your browser to delete or notify you of cookies and other tracking technology by actively managing the settings on your browser or mobile device. You may also be able to limit interest-based advertising through the settings on your mobile device by selecting &ldquo;limit ad tracking&rdquo; (iOS) or &ldquo;opt-out of interest based ads&rdquo; (Android). To learn more about interest-based advertising and how you may be able to opt-out of some of this advertising, you may wish to visit the Network Advertising Initiative&rsquo;s online resources, at http://www.networkadvertising.org/choices, and/or the DAA&rsquo;s resources at www.aboutads.info/choices, and you may also adjust your ad preferences through your Facebook settings. Some of these opt-outs may not be effective unless your browser is set to accept cookies. Furthermore, if you use a different device, change browsers or delete the opt-out cookie, you may need to perform the opt-out task again.&nbsp;</span></span></span></p>\n\n<p><span style=\"font-size:11pt\"><span style=\"font-family:Arial\"><span style=\"color:#000000\"><strong>How long do we keep Site information?</strong> We keep the information you provided while your account is in existence or as needed to provide you services. We may keep your information even after you have closed your account if retention is reasonably necessary to comply with our legal obligations, meet regulatory requirements, resolve disputes, prevent fraud and abuse, or enforce this Policy and our Terms of Use Agreement. We may keep information, for a limited period of time, if requested by law enforcement. Our Customer Service team may retain information for as long as is necessary to provide support-related reporting and trend analysis only, but we generally delete or de-personalize closed account data consistent with this Policy.</span></span></span></p>\n\n<p><span style=\"font-size:11pt\"><span style=\"font-family:Arial\"><span style=\"color:#000000\"><strong>When Do We Share Information?</strong> We only share information about you as described or permitted by this Policy, unless you consent to other sharing. We may share information about you in the following ways:</span></span></span></p>\n\n<p><span style=\"font-size:11pt\"><span style=\"font-family:Arial\"><span style=\"color:#000000\"><strong>Corporate Affiliates</strong>. We may share information with our corporate affiliates for their everyday business purposes, to provide services or to perform marketing. We may also participate in joint ventures with others and we may share information as part of that joint venture.</span></span></span></p>\n\n<p><span style=\"font-size:11pt\"><span style=\"font-family:Arial\"><span style=\"color:#000000\"><strong>Partner Sites</strong>. We may share the information we gather with Partner</span></span></span></p>\n\n<p><span style=\"font-size:11pt\"><span style=\"font-family:Arial\"><span style=\"color:#000000\"><strong>Service Providers</strong>. We may share information with third party service providers who help us operate our business or provide services on our behalf. These service providers include analytics companies and advertising networks that provide Metrics Tools on our Sites.</span></span></span></p>\n\n<p><span style=\"font-size:11pt\"><span style=\"font-family:Arial\"><span style=\"color:#000000\"><strong>Promotional</strong>. We may share information with third parties to help us promote our products and services, or to help us customize advertisements, offers, or other communications to you.</span></span></span></p>\n\n<p><span style=\"font-size:11pt\"><span style=\"font-family:Arial\"><span style=\"color:#000000\"><strong>Business Transfer</strong>. We may share information we have collected from you in connection with the sale or merger of our business or the transfer of assets.</span></span></span></p>\n\n<p><span style=\"font-size:11pt\"><span style=\"font-family:Arial\"><span style=\"color:#000000\"><strong>Protection of Ourselves and Others</strong>. We may use and share the information we gather to enforce our rights and protect our property and those of our affiliates, customers and members of the public, to comply with applicable law, legal process, legal advice and for preventing fraud, and theft.</span></span></span></p>\n\n<p><span style=\"font-size:11pt\"><span style=\"font-family:Arial\"><span style=\"color:#000000\"><strong>What Choices Do I Have Regarding My Information?</strong> You may limit and control the information provided to us in a number of ways. You may not be able to use all features of our Site if you limit the information you share with us.</span></span></span></p>\n\n<p><span style=\"font-size:11pt\"><span style=\"font-family:Arial\"><span style=\"color:#000000\">For example, you can choose not to access our Sites through your social media account. You may also be able to limit the information provided to us by third party social media providers by altering your privacy settings with those providers.</span></span></span></p>\n\n<p><span style=\"font-size:11pt\"><span style=\"font-family:Arial\"><span style=\"color:#000000\">Your browser and your device may provide you the option to limit the use of cookies or other Metrics Tools. You should consult documentation for your browser or device for more information. Your mobile device may have settings that allow you to prevent sharing geolocation information with us. You should consult your mobile device&rsquo;s settings or help documentation for more information about exercising these options.</span></span></span></p>\n\n<p><span style=\"font-size:11pt\"><span style=\"font-family:Arial\"><span style=\"color:#000000\"><strong>How Do We Handle Privacy Disputes?</strong> By using this Site, you agree that any dispute arising out of or relating to the Site, the Sites&rsquo; content or the services or materials made available on the Sites, or regarding information collected or shared about you, is subject to the Choice of Law, Venue, and Class Action Waiver provisions in our Terms of Service.</span></span></span></p>\n\n<p><span style=\"font-size:11pt\"><span style=\"font-family:Arial\"><span style=\"color:#000000\"><strong>How Do We Protect the Security of the Information?</strong> We use administrative, technical, and physical security designed to safeguard personal information in our possession. We cannot guarantee the security of the information that we collect and store. If you believe that information about you has been subject to unauthorized disclosure, please let us know your Grub representative know or by mailing us at:</span></span></span></p>\n\n<p><span style=\"font-size:11pt\"><span style=\"font-family:Arial\"><span style=\"color:#000000\">Grub Inc.</span></span></span></p>\n\n<p><span style=\"color:#000000\">Plot no 5, Madhya Marg, 28B, Sector 28</span></p>\n\n<p><span style=\"color:#000000\">Chandigarh, 160019</span></p>\n\n<p><strong><span style=\"font-size:11pt\"><span style=\"font-family:Arial\"><span style=\"color:#000000\">Lead Sharing Privacy Policy</span></span></span></strong></p>\n\n<p><span style=\"font-size:11pt\"><span style=\"font-family:Arial\"><span style=\"color:#000000\">We employ other companies and people to provide services to visitors to our Websites and our customers and users of the Subscription Service and may elect to share your information with them to provide information, products or services to you. Examples may include removing repetitive information from prospect lists, analyzing data or performing statistical analysis, providing marketing assistance, processing credit card payments, supplementing the information you provide us in order to provide you with better service, and providing customer service or support. In all cases where we share your information with such agents, we explicitly require the agent to acknowledge and adhere to our privacy and customer data handling policies.</span></span></span></p>\n\n<p><strong><span style=\"font-size:11pt\"><span style=\"font-family:Arial\"><span style=\"color:#000000\">Grub Partners</span></span></span></strong></p>\n\n<p><span style=\"font-size:11pt\"><span style=\"font-family:Arial\"><span style=\"color:#000000\">In addition, we may share data with trusted partners to contact you based on your request to receive such communications, help us perform statistical analysis, or provide customer support. Such third parties are prohibited from using your Personal Information except for these purposes, and they are required to maintain the confidentiality of your information.</span></span></span></p>\n\n<p><span style=\"font-size:11pt\"><span style=\"font-family:Arial\"><span style=\"color:#000000\">We partner with trusted third parties to provide you with co-marketing content that we think may be relevant to you. When you engage with these co-marketing partners, we will tell you who we are sharing data with, and provide a link to the co-marketing partner&rsquo;s privacy policy so you can learn more about how to opt-out of the partner&rsquo;s communications. These co-marketing partners are required to adhere to our privacy and data protection policies. For more information on our co-marketing program, see this page.</span></span></span></p>\n\n<p><strong><span style=\"font-size:11pt\"><span style=\"font-family:Arial\"><span style=\"color:#000000\">Corporate Events</span></span></span></strong></p>\n\n<p><span style=\"font-size:11pt\"><span style=\"font-family:Arial\"><span style=\"color:#000000\">If we (or our assets) are acquired by another company, whether by merger, acquisition, bankruptcy or otherwise, that company would receive all information gathered by Grub on the Websites and the Subscription Service. In this event, you will be notified via email and/or a prominent notice on our website, of any change in ownership, uses of your Personal Information, and choices you may have regarding your Personal Information.</span></span></span></p>\n\n<p><strong><span style=\"font-size:11pt\"><span style=\"font-family:Arial\"><span style=\"color:#000000\">Compelled Disclosure</span></span></span></strong></p>\n\n<p><span style=\"font-size:11pt\"><span style=\"font-family:Arial\"><span style=\"color:#000000\">We reserve the right to use or disclose your Personal Information if required by law or if we reasonably believe that use or disclosure is necessary to protect our rights, protect your safety or the safety of others, investigate fraud, or comply with a law, court order, or legal process.</span></span></span></p>\n\n<p><a href=\"https://clickeat.royoorders.com/page/privacy-policy\"><span style=\"font-size:11pt\"><span style=\"font-family:Arial\"><span style=\"color:#1155cc\">Privacy Policy</span></span></span></a></p>', 2, 1, 'Privacy Policy', 'Privacy Policy', 'Privacy Policy', 1, '2021-10-04 14:59:15', '2022-02-17 11:13:15', 4),
(7, 'Vendor Registration', '<p>Vendor Registration</p>', 7, 1, 'Vendor Registration', 'Vendor Registration', 'Vendor Registration', 1, '2021-11-25 09:40:13', '2022-02-17 10:42:42', 1),
(10, 'FAQ\'s', '<p>FAQ&#39;s</p>', 10, 1, 'FAQ\'s', 'FAQ\'s', 'FAQ\'s', 1, '2022-02-18 09:21:14', '2022-02-18 09:21:14', 3);



INSERT INTO `faq_translations` (`id`, `page_id`, `language_id`, `question`, `answer`, `status`, `order_by`, `created_at`, `updated_at`) VALUES
(1, 10, 1, 'Whats Grub.com?', 'Its all in the name. At grub.com, you can order delivery online from your favorite local restaurants, liquor stores, grocery stores and dry cleaners.', 0, NULL, '2022-02-18 09:21:14', '2022-02-18 09:23:36'),
(2, 10, 1, 'How do I use Grub.com?', 'Enter your address in the search bar on the home page, select the category that youd like to browse (i.e. Food), and press the orange Search button. On the results page, you can switch between categories by clicking the tabs at the top of the page.  If you know exactly what youre looking for (e.g. Pinkberry) or just have a general idea (e.g. frozen yogurt or banana split), you can also enter keywords into the second search bar.', 0, NULL, '2022-02-18 09:23:36', '2022-02-18 09:23:36'),
(3, 10, 1, 'How do I filter my results?', 'After you enter your address and press Search, you can sort the results alphabetically, or by customer rating, distance, or minimum subtotal. You can also select and combine filters like cuisine types or special offers.', 0, NULL, '2022-02-18 09:24:19', '2022-02-18 09:24:19'),
(4, 10, 1, 'What is the Default sort setting?', 'The default sort is based off of factors like distance, ratings, and your own personal ordering history. Its not based on paid advertisements from merchants; besides the clearly marked Sponsored listings at the top of the results, we dont charge merchants to improve their search rank, like some of the other guys do.', 0, NULL, '2022-02-18 09:25:28', '2022-02-18 09:25:28'),
(5, 10, 1, 'Can I schedule an order for some time in the future?', 'Sure can. On both the search page and the menu page, youll see a message at the top of the screen that says, Delivery for Today at ASAP. This is the default setting. Click that, and you can select any delivery or pickup time up to one week in advance. Press Update and youll be ready to place your future order.', 0, NULL, '2022-02-18 09:25:29', '2022-02-18 09:25:29'),
(6, 10, 1, 'How do I change or cancel my order?', 'If your order is scheduled for ASAP delivery or pickup, the merchant will already be in the process of preparing the order. For that reason, any changes or cancellations are best sent directly to the merchant.  If your order is scheduled for delivery or pickup at some point in the future, you can cancel or change the order up to one hour before the scheduled time. Go into your Order History, locate the Awaiting order and click the Cancel order button.', 0, NULL, '2022-02-18 09:26:07', '2022-02-18 09:26:07');


Update `web_styling_options` set `is_selected` = 0;
Update `web_styling_options` set `is_selected` = 1 where id = '3';