-- phpMyAdmin SQL Dump
-- version 5.1.0
-- https://www.phpmyadmin.net/
--
-- Host: 127.0.0.1
-- Generation Time: Oct 11, 2021 at 02:24 PM
-- Server version: 10.4.19-MariaDB
-- PHP Version: 7.4.19


-- --------------------------------------------------------

--
-- Dumping data for table `vendors`
--

INSERT INTO `vendors` (`id`, `name`, `slug`, `desc`, `logo`, `banner`, `address`, `email`, `website`, `phone_no`, `latitude`, `longitude`, `order_min_amount`, `order_pre_time`, `auto_reject_time`, `commission_percent`, `commission_fixed_per_order`, `commission_monthly`, `dine_in`, `takeaway`, `delivery`, `status`, `add_category`, `setting`, `is_show_vendor_details`, `created_at`, `updated_at`, `show_slot`, `vendor_templete_id`, `auto_accept_order`) VALUES
(1, 'DeliveryZone', NULL, NULL, 'default/default_logo.png', 'default/default_image.png', 'Sheikh Zayed Road - Dubai - United Arab Emirates', NULL, NULL, NULL, '25.060924600000', '55.128979500000', '0.00', NULL, NULL, 1, '0.00', '0.00', 0, 1, 1, 2, 1, 0, 0, NULL, '2021-09-29 11:52:15', 1, NULL, 0),
(2, 'Andiamo Foodtruck', 'andiamo-foodtruck', NULL, 'vendor/z0vUPcDwgrxIOgKT57Mj55Td4n6c6yzxCOPOBAlE.png', 'vendor/pU2GL0Hp50fjGRi6Ep4BHbUXs0lRzICOx5FIO1PY.png', 'Chandigarh, India', 'grill&chill@support.com', NULL, '9805206985', '30.733314800000', '76.779417900000', '0.00', NULL, NULL, 1, '0.00', '0.00', 1, 1, 1, 1, 1, 0, 0, '2021-09-29 11:52:10', '2021-11-15 10:42:59', 1, 5, 0);


--
-- Dumping data for table `addon_sets`
--

INSERT INTO `addon_sets` (`id`, `title`, `min_select`, `max_select`, `position`, `status`, `is_core`, `vendor_id`, `created_at`, `updated_at`) VALUES
(1, 'Small Parcels', 1, 1, 1, 1, 1, NULL, NULL, NULL),
(2, 'Dim Sums', 1, 1, 1, 1, 1, 2, '2021-10-08 08:50:38', '2021-10-08 08:50:38'),
(3, 'Hot and Sour Soup', 1, 1, 1, 1, 1, 2, '2021-10-08 08:51:41', '2021-10-08 08:51:41'),
(4, 'Chicken with Chestnuts', 1, 1, 1, 1, 1, 2, '2021-10-08 08:52:36', '2021-10-08 08:52:36'),
(5, 'Margherita pizza', 1, 1, 1, 1, 1, 2, '2021-10-08 08:53:37', '2021-10-08 08:53:37'),
(6, 'Mushroom Risotto', 1, 1, 1, 1, 1, 2, '2021-10-08 08:54:52', '2021-10-08 08:54:52'),
(7, 'Focaccia Bread', 1, 1, 1, 1, 1, 2, '2021-10-08 08:56:02', '2021-10-08 08:56:02'),
(8, 'Prawn Pie', 1, 1, 1, 1, 1, 2, '2021-10-08 08:59:10', '2021-10-08 08:59:10'),
(9, 'Poached Pear Salad', 1, 1, 1, 1, 1, 2, '2021-10-08 09:02:47', '2021-10-08 09:02:47'),
(10, 'Crispy Calamari Rings', 1, 1, 1, 1, 1, 2, '2021-10-08 09:03:56', '2021-10-08 09:03:56'),
(11, 'Lemonade', 1, 1, 1, 1, 1, 2, '2021-10-08 09:05:26', '2021-10-08 09:05:26'),
(12, 'Hot chocolate', 1, 1, 1, 1, 1, 2, '2021-10-08 09:07:05', '2021-10-08 09:07:05'),
(13, 'Chocolate souffle', 1, 1, 1, 1, 1, 2, '2021-10-08 09:07:25', '2021-10-08 09:07:25'),
(14, 'Flamiche', 0, 2, 1, 1, 1, 2, '2021-10-08 09:08:07', '2021-10-08 09:08:07'),
(15, 'Iced tea', 1, 1, 1, 1, 1, 2, '2021-10-08 09:08:30', '2021-10-08 09:08:30'),
(16, 'Quiche Lorraine', 1, 1, 1, 1, 1, 2, '2021-10-08 09:08:39', '2021-10-08 09:08:39'),
(17, 'What  do you like?', 1, 1, 1, 1, 1, 2, '2021-10-08 09:14:11', '2021-10-08 09:14:11'),
(18, 'Israeli salad', 1, 1, 1, 1, 1, 2, '2021-10-08 09:15:39', '2021-10-08 09:15:39'),
(19, 'Waldorf salad', 1, 1, 1, 1, 1, 2, '2021-10-08 09:17:30', '2021-10-08 09:17:30'),
(20, 'Gado-gado', 1, 1, 1, 1, 1, 2, '2021-10-08 09:18:36', '2021-10-08 09:18:36'),
(21, 'Tempura', 1, 1, 1, 1, 1, 2, '2021-10-08 09:21:39', '2021-10-08 09:21:39'),
(22, 'Sushi', 1, 1, 1, 1, 1, 2, '2021-10-08 09:23:21', '2021-10-08 09:23:21'),
(23, 'Miso Soup', 1, 1, 1, 1, 1, 2, '2021-10-08 09:24:15', '2021-10-08 09:24:15'),
(24, 'Unagi', 1, 1, 1, 1, 1, 2, '2021-10-08 09:25:32', '2021-10-08 09:25:32'),
(25, 'Onigiri', 1, 1, 1, 1, 1, 2, '2021-10-08 09:26:31', '2021-10-08 09:26:31'),
(26, 'Yakitori', 1, 1, 1, 1, 1, 2, '2021-10-08 09:28:44', '2021-10-08 09:28:44'),
(27, 'Apple Sausage Plait', 1, 1, 1, 1, 1, 2, '2021-10-08 09:33:26', '2021-10-08 09:33:26'),
(28, 'Peppered Pasta Salad', 1, 1, 1, 1, 1, 2, '2021-10-08 09:34:47', '2021-10-08 09:34:47'),
(29, 'What  Do you like most?', 0, 3, 1, 1, 1, 2, '2021-10-08 09:36:42', '2021-10-08 09:37:17'),
(30, 'Beer', 1, 1, 1, 1, 1, 2, '2021-10-08 09:37:11', '2021-10-08 09:37:11'),
(31, 'Wine', 1, 1, 1, 1, 1, 2, '2021-10-08 09:39:05', '2021-10-08 09:39:05'),
(32, 'Chicken confit', 1, 1, 1, 1, 1, 2, '2021-10-08 09:42:33', '2021-10-08 09:42:33'),
(33, 'Salmon en papillote', 1, 1, 1, 1, 1, 2, '2021-10-08 09:43:54', '2021-10-08 09:43:54'),
(34, 'Quiche Lorraine', 1, 1, 1, 1, 1, 2, '2021-10-08 09:45:22', '2021-10-08 09:45:22'),
(35, 'Flamiche', 1, 1, 1, 1, 1, 2, '2021-10-08 09:46:23', '2021-10-08 09:46:23'),
(36, 'Chocolate souffle', 1, 1, 1, 1, 1, 2, '2021-10-08 09:47:22', '2021-10-08 09:47:22'),
(37, 'Bound salads', 1, 1, 1, 1, 1, 2, '2021-10-08 09:48:44', '2021-10-08 09:48:44'),
(38, 'Fruit salads', 1, 1, 1, 1, 1, 2, '2021-10-08 09:49:57', '2021-10-08 09:49:57'),
(39, 'French Onion Soup', 1, 1, 1, 1, 1, 2, '2021-10-08 10:00:16', '2021-10-08 10:00:16'),
(40, 'Hot dog', 1, 1, 1, 1, 1, 2, '2021-10-08 10:03:20', '2021-10-08 10:03:20'),
(41, 'Barbecue Ribs', 1, 1, 1, 1, 1, 2, '2021-10-08 10:05:28', '2021-10-08 10:05:28'),
(42, 'Fajitas', 1, 1, 1, 1, 1, 2, '2021-10-08 10:06:04', '2021-10-08 10:06:04'),
(43, 'Chow Mein', 1, 1, 1, 1, 1, 2, '2021-10-08 10:08:54', '2021-10-08 10:08:54'),
(44, 'Twinkies', 1, 1, 1, 1, 1, 2, '2021-10-08 10:09:49', '2021-10-08 10:09:49'),
(45, 'Dumplings', 1, 1, 1, 1, 1, 2, '2021-10-08 10:11:27', '2021-10-08 10:11:27'),
(46, 'Pot roast', 1, 1, 1, 1, 1, 2, '2021-10-08 10:12:21', '2021-10-08 10:12:21'),
(47, 'Cobb salad', 1, 1, 1, 1, 1, 2, '2021-10-08 10:12:56', '2021-10-08 10:12:56');


--
-- Dumping data for table `categories`
--
INSERT INTO `categories` (`id`, `icon`, `slug`, `type_id`, `image`, `is_visible`, `status`, `position`, `is_core`, `can_add_products`, `parent_id`, `vendor_id`, `client_code`, `display_mode`, `warning_page_id`, `template_type_id`, `warning_page_design`, `created_at`, `updated_at`, `deleted_at`, `show_wishlist`) VALUES
(1, NULL, 'Root', 3, NULL, 0, 1, 1, 1, 0, NULL, NULL, NULL, '1', NULL, NULL, NULL, NULL, NULL, NULL, 1),
(2, NULL, 'Delivery', 6, NULL, 0, 1, 1, 1, 0, 1, NULL, NULL, NULL, NULL, NULL, '0', NULL, '2021-10-01 14:40:06', '2021-10-01 14:40:06', 1),
(3, NULL, 'Restaurant', 1, NULL, 1, 1, 1, 1, 1, 1, NULL, NULL, '1', NULL, NULL, NULL, NULL, '2021-10-01 14:39:57', '2021-10-01 14:39:57', 1),
(4, NULL, 'Supermarket', 6, NULL, 0, 1, 1, 1, 0, 1, NULL, NULL, NULL, NULL, NULL, '0', NULL, '2021-10-01 14:40:10', '2021-10-01 14:40:10', 1),
(5, NULL, 'Pharmacy', 1, NULL, 0, 1, 1, 1, 1, 1, NULL, NULL, NULL, NULL, NULL, '0', NULL, '2021-10-01 14:40:14', '2021-10-01 14:40:14', 1),
(6, NULL, 'Send something', 1, NULL, 1, 1, 1, 1, 1, 2, NULL, NULL, '1', NULL, NULL, NULL, NULL, '2021-10-01 14:40:06', '2021-10-01 14:40:06', 1),
(7, NULL, 'Buy something', 1, NULL, 1, 1, 1, 1, 1, 2, NULL, NULL, '1', NULL, NULL, NULL, NULL, '2021-10-01 14:40:06', '2021-10-01 14:40:06', 1),
(8, NULL, 'Vegetables', 1, NULL, 1, 1, 1, 1, 1, 4, NULL, NULL, '1', NULL, NULL, NULL, NULL, '2021-10-01 14:40:10', '2021-10-01 14:40:10', 1),
(9, NULL, 'Fruits', 1, NULL, 1, 1, 1, 1, 1, 4, NULL, NULL, '1', NULL, NULL, NULL, NULL, '2021-10-01 14:40:10', '2021-10-01 14:40:10', 1),
(10, NULL, 'Dairy and Eggs', 1, NULL, 1, 1, 1, 1, 1, 4, NULL, NULL, '1', NULL, NULL, NULL, NULL, '2021-10-01 14:40:10', '2021-10-01 14:40:10', 1),
(11, NULL, 'E-Commerce', 6, NULL, 0, 1, 1, 1, 0, 1, NULL, NULL, NULL, NULL, NULL, '0', NULL, '2021-10-01 14:40:16', '2021-10-01 14:40:16', 1),
(12, NULL, 'Cloth', 1, NULL, 0, 1, 1, 1, 1, 1, NULL, NULL, NULL, NULL, NULL, '0', NULL, '2021-10-01 14:40:19', '2021-10-01 14:40:19', 1),
(13, NULL, 'Dispatcher', 1, NULL, 0, 1, 1, 1, 1, 1, NULL, NULL, NULL, NULL, NULL, '0', NULL, '2021-10-01 14:40:02', '2021-10-01 14:40:02', 1),
(14, 'd2cca0/category/icon/ko3VWTZ42d73gbq0lDAJHM83TYyYL1PPbISmPmwG.png', 'continental', 3, 'category/image/NlqjXyMikm40Gl9sGYxHCTBj91b3y9hViZZOVtxa.jpg', 1, 1, 1, 1, 1, 1, NULL, NULL, NULL, NULL, NULL, '0', '2021-09-29 11:29:58', '2021-11-15 09:38:41', NULL, 1),
(15, 'd2cca0/category/icon/dCKlf3y0TNg0to9QD7t0gXWJwAmyiuqQvCq389Co.png', 'italian', 3, 'category/image/w1sIT1aembp08C2TBgGHE9Dicb9zyx3Yc932rugx.jpg', 1, 1, 1, 1, 1, 1, NULL, NULL, NULL, NULL, NULL, '0', '2021-09-29 11:30:19', '2021-11-15 09:39:51', NULL, 1),
(16, 'd2cca0/category/icon/SK1gJWUditlNlLAhtM27SusHahBHor7gWxALCWnC.png', 'beverages', 3, 'category/image/KyU4Sjxde0JZ97Eisw2NEl2RJAFZfSkzsoYRArd9.jpg', 1, 1, 1, 1, 1, 1, NULL, NULL, NULL, NULL, NULL, '0', '2021-09-29 11:31:23', '2021-11-15 09:39:58', NULL, 1),
(17, 'd2cca0/category/icon/X8t5bSajA8VEfLyzvBcRaGt9FOJ8F2uQfTBYWlta.png', 'salad', 3, 'category/image/UVQj4hniIpBt0RWCHIcKJwF6vOVLh99vZioaeqQv.jpg', 1, 1, 1, 1, 1, 1, NULL, NULL, NULL, NULL, NULL, '0', '2021-09-29 11:33:42', '2021-11-15 09:40:06', NULL, 1),
(18, 'd2cca0/category/icon/Pde1BSXu0HO8qz2AiLkwvtSHuOR2g0KKMcRcgsUW.png', 'chinese', 3, 'category/image/5yhUj9qM42jrFxdAvUbpGpZe8eoihS0Hv5kJKUSP.jpg', 1, 1, 1, 1, 1, 1, NULL, NULL, NULL, NULL, NULL, '0', '2021-09-29 11:34:26', '2021-11-15 09:40:15', NULL, 1),
(19, 'd2cca0/category/icon/y0wNbERuWIQdJkq5IlQh7HM4SjJu9aTsjl7aSOkt.png', 'Japanese', 3, 'category/image/ptxrcmCMxgrCzecinU9kQBfCZcGH2rMlZqGtR2Od.jpg', 1, 1, 1, 1, 1, 1, NULL, NULL, NULL, NULL, NULL, '0', '2021-10-08 06:52:07', '2021-11-15 09:40:23', NULL, 1),
(20, 'd2cca0/category/icon/VsAYdk2XFmEOZILYRM7F6LSNUKyvX8jyAQ51ipbP.png', 'american', 3, 'category/image/YdIFHeEx7axG1XIBad2Ui7M5cFRThGGfVMRXXt1z.jpg', 1, 1, 1, 1, 1, 1, NULL, NULL, NULL, NULL, NULL, '0', '2021-10-08 06:52:49', '2021-11-15 09:40:29', NULL, 1),
(21, 'd2cca0/category/icon/MKs2R0a3quZAatZ3BggrYnViMOczKaufwdIfsPVR.png', 'french', 3, 'category/image/FAkaAzxUV1oeN1jcv3PTp1oowoRg61bkQYbEMYzx.jpg', 1, 1, 1, 1, 1, 1, NULL, NULL, NULL, NULL, NULL, '0', '2021-10-08 06:53:16', '2021-11-15 09:40:35', NULL, 1);

--
-- Dumping data for table `addon_options`
--

INSERT INTO `addon_options` (`id`, `title`, `addon_id`, `position`, `price`, `created_at`, `updated_at`) VALUES
(1, 'Small parcel', 1, 1, '100.00', NULL, NULL),
(2, 'Half', 2, 1, '8.00', '2021-10-08 08:50:38', '2021-10-08 08:50:38'),
(3, 'Full', 2, 2, '15.00', '2021-10-08 08:50:38', '2021-10-08 08:50:38'),
(4, 'With extra Cheese', 2, 3, '14.00', '2021-10-08 08:50:38', '2021-10-08 08:50:38'),
(5, 'Without Cheese', 2, 4, '22.00', '2021-10-08 08:50:38', '2021-10-08 08:50:38'),
(6, 'Half', 3, 1, '9.00', '2021-10-08 08:51:41', '2021-10-08 08:51:41'),
(7, 'Full', 3, 2, '18.00', '2021-10-08 08:51:41', '2021-10-08 08:51:41'),
(8, 'With extra Cheese', 3, 3, '22.00', '2021-10-08 08:51:41', '2021-10-08 08:51:41'),
(9, 'Without Cheese', 3, 4, '18.00', '2021-10-08 08:51:41', '2021-10-08 08:51:41'),
(10, 'Half', 4, 1, '10.00', '2021-10-08 08:52:36', '2021-10-08 08:52:36'),
(11, 'Full', 4, 2, '20.00', '2021-10-08 08:52:36', '2021-10-08 08:52:36'),
(12, 'With extra Cheese', 4, 3, '22.00', '2021-10-08 08:52:36', '2021-10-08 08:52:36'),
(13, 'Without Cheese', 4, 4, '18.00', '2021-10-08 08:52:36', '2021-10-08 08:52:36'),
(14, 'Half', 5, 1, '8.00', '2021-10-08 08:53:37', '2021-10-08 08:53:37'),
(15, 'Full', 5, 2, '18.00', '2021-10-08 08:53:37', '2021-10-08 08:53:37'),
(16, 'With extra Cheese', 5, 3, '24.00', '2021-10-08 08:53:37', '2021-10-08 08:53:37'),
(17, 'Without Cheese', 5, 4, '16.00', '2021-10-08 08:53:37', '2021-10-08 08:53:37'),
(18, 'Half', 6, 1, '9.00', '2021-10-08 08:54:52', '2021-10-08 08:54:52'),
(19, 'Full', 6, 2, '18.00', '2021-10-08 08:54:52', '2021-10-08 08:54:52'),
(20, 'With extra Cheese', 6, 3, '20.00', '2021-10-08 08:54:52', '2021-10-08 08:54:52'),
(21, 'Without Cheese', 6, 4, '14.00', '2021-10-08 08:54:52', '2021-10-08 08:54:52'),
(22, 'Half', 7, 1, '6.00', '2021-10-08 08:56:02', '2021-10-08 08:56:02'),
(23, 'Full', 7, 2, '17.00', '2021-10-08 08:56:02', '2021-10-08 08:56:02'),
(24, 'With extra Cheese', 7, 3, '24.00', '2021-10-08 08:56:02', '2021-10-08 08:56:02'),
(25, 'Without Cheese', 7, 4, '18.00', '2021-10-08 08:56:02', '2021-10-08 08:56:02'),
(26, 'Half', 8, 1, '9.00', '2021-10-08 08:59:10', '2021-10-08 08:59:10'),
(27, 'Full', 8, 2, '18.00', '2021-10-08 08:59:10', '2021-10-08 08:59:10'),
(28, 'With extra Cheese', 8, 3, '22.00', '2021-10-08 08:59:10', '2021-10-08 08:59:10'),
(29, 'Without Cheese', 8, 4, '15.00', '2021-10-08 08:59:10', '2021-10-08 08:59:10'),
(30, 'Half', 9, 1, '14.00', '2021-10-08 09:02:47', '2021-10-08 09:02:47'),
(31, 'Full', 9, 2, '22.00', '2021-10-08 09:02:47', '2021-10-08 09:02:47'),
(32, 'With extra Spice', 9, 3, '22.00', '2021-10-08 09:02:47', '2021-10-08 09:02:47'),
(33, 'Without  Spice', 9, 4, '24.00', '2021-10-08 09:02:47', '2021-10-08 09:02:47'),
(34, 'Half', 10, 1, '11.00', '2021-10-08 09:03:56', '2021-10-08 09:03:56'),
(35, 'Full', 10, 2, '22.00', '2021-10-08 09:03:56', '2021-10-08 09:03:56'),
(36, 'With extra Cheese', 10, 3, '25.00', '2021-10-08 09:03:56', '2021-10-08 09:03:56'),
(37, 'Without Cheese', 10, 4, '18.00', '2021-10-08 09:03:56', '2021-10-08 09:03:56'),
(38, 'Half', 11, 1, '8.00', '2021-10-08 09:05:26', '2021-10-08 09:05:26'),
(39, 'Full', 11, 2, '15.00', '2021-10-08 09:05:26', '2021-10-08 09:05:26'),
(40, 'With extra Sugar', 11, 3, '18.00', '2021-10-08 09:05:26', '2021-10-08 09:05:26'),
(41, 'Without Sugar', 11, 4, '15.00', '2021-10-08 09:05:26', '2021-10-08 09:05:26'),
(42, 'Half', 12, 1, '8.00', '2021-10-08 09:07:05', '2021-10-08 09:07:05'),
(43, 'Full', 12, 2, '15.00', '2021-10-08 09:07:05', '2021-10-08 09:07:05'),
(44, 'With extra Sugar', 12, 3, '20.00', '2021-10-08 09:07:05', '2021-10-08 09:07:05'),
(45, 'Without Sugar', 12, 4, '18.00', '2021-10-08 09:07:05', '2021-10-08 09:07:05'),
(46, 'Half', 13, 1, '20.00', '2021-10-08 09:07:25', '2021-10-08 09:07:25'),
(47, 'Full', 13, 2, '30.00', '2021-10-08 09:07:25', '2021-10-08 09:07:25'),
(48, 'Small', 14, 1, '15.00', '2021-10-08 09:08:07', '2021-10-08 09:08:07'),
(49, 'Medium', 14, 2, '20.00', '2021-10-08 09:08:07', '2021-10-08 09:08:07'),
(50, 'Large', 14, 3, '30.00', '2021-10-08 09:08:07', '2021-10-08 09:08:07'),
(51, 'Half', 15, 1, '7.00', '2021-10-08 09:08:30', '2021-10-08 09:08:30'),
(52, 'Full', 15, 2, '15.00', '2021-10-08 09:08:30', '2021-10-08 09:08:30'),
(53, 'With extra Sugar', 15, 3, '18.00', '2021-10-08 09:08:30', '2021-10-08 09:08:30'),
(54, 'Without Sugar', 15, 4, '15.00', '2021-10-08 09:08:30', '2021-10-08 09:08:30'),
(55, 'Small', 16, 1, '15.00', '2021-10-08 09:08:39', '2021-10-08 09:08:39'),
(56, 'Large', 16, 2, '20.00', '2021-10-08 09:08:39', '2021-10-08 09:08:39'),
(57, 'Small', 17, 1, '10.00', '2021-10-08 09:14:11', '2021-10-08 09:14:11'),
(58, 'Medium', 17, 2, '20.00', '2021-10-08 09:14:11', '2021-10-08 09:14:11'),
(59, 'Large', 17, 3, '25.00', '2021-10-08 09:14:11', '2021-10-08 09:14:11'),
(60, 'Half', 18, 1, '10.00', '2021-10-08 09:15:39', '2021-10-08 09:15:39'),
(61, 'Full', 18, 2, '20.00', '2021-10-08 09:15:39', '2021-10-08 09:15:39'),
(62, 'With extra Spice', 18, 3, '22.00', '2021-10-08 09:15:39', '2021-10-08 09:15:39'),
(63, 'Without Spice', 18, 4, '18.00', '2021-10-08 09:15:39', '2021-10-08 09:15:39'),
(64, 'Half', 19, 1, '8.00', '2021-10-08 09:17:30', '2021-10-08 09:17:30'),
(65, 'Full', 19, 2, '15.00', '2021-10-08 09:17:30', '2021-10-08 09:17:30'),
(66, 'With extra Spice', 19, 3, '18.00', '2021-10-08 09:17:30', '2021-10-08 09:17:30'),
(67, 'Without Spice', 19, 4, '15.00', '2021-10-08 09:17:30', '2021-10-08 09:17:30'),
(68, 'Half', 20, 1, '7.00', '2021-10-08 09:18:36', '2021-10-08 09:18:36'),
(69, 'Full', 20, 2, '15.00', '2021-10-08 09:18:36', '2021-10-08 09:18:36'),
(70, 'With extra Spice', 20, 3, '18.00', '2021-10-08 09:18:36', '2021-10-08 09:18:36'),
(71, 'Without Spice', 20, 4, '16.00', '2021-10-08 09:18:36', '2021-10-08 09:18:36'),
(72, 'Half', 21, 1, '9.00', '2021-10-08 09:21:39', '2021-10-08 09:21:39'),
(73, 'Full', 21, 2, '18.00', '2021-10-08 09:21:39', '2021-10-08 09:21:39'),
(74, 'With extra Cheese', 21, 3, '20.00', '2021-10-08 09:21:39', '2021-10-08 09:21:39'),
(75, 'Without Cheese', 21, 4, '18.00', '2021-10-08 09:21:39', '2021-10-08 09:21:39'),
(76, 'Half', 22, 1, '9.00', '2021-10-08 09:23:21', '2021-10-08 09:23:21'),
(77, 'Full', 22, 2, '15.00', '2021-10-08 09:23:21', '2021-10-08 09:23:21'),
(78, 'With extra Cheese', 22, 3, '17.00', '2021-10-08 09:23:21', '2021-10-08 09:23:21'),
(79, 'Without Cheese', 22, 4, '16.00', '2021-10-08 09:23:21', '2021-10-08 09:23:21'),
(80, 'Half', 23, 1, '10.00', '2021-10-08 09:24:16', '2021-10-08 09:24:16'),
(81, 'Full', 23, 2, '22.00', '2021-10-08 09:24:16', '2021-10-08 09:24:16'),
(82, 'With extra Cheese', 23, 3, '24.00', '2021-10-08 09:24:16', '2021-10-08 09:24:16'),
(83, 'Without Cheese', 23, 4, '18.00', '2021-10-08 09:24:16', '2021-10-08 09:24:16'),
(84, 'Half', 24, 1, '8.00', '2021-10-08 09:25:32', '2021-10-08 09:25:32'),
(85, 'Full', 24, 2, '17.00', '2021-10-08 09:25:32', '2021-10-08 09:25:32'),
(86, 'With extra Cheese', 24, 3, '20.00', '2021-10-08 09:25:32', '2021-10-08 09:25:32'),
(87, 'Without Cheese', 24, 4, '19.00', '2021-10-08 09:25:32', '2021-10-08 09:25:32'),
(88, 'Half', 25, 1, '5.00', '2021-10-08 09:26:32', '2021-10-08 09:26:32'),
(89, 'Full', 25, 2, '10.00', '2021-10-08 09:26:32', '2021-10-08 09:26:32'),
(90, 'With extra Cheese', 25, 3, '18.00', '2021-10-08 09:26:32', '2021-10-08 09:26:32'),
(91, 'Without Cheese', 25, 4, '15.00', '2021-10-08 09:26:32', '2021-10-08 09:26:32'),
(92, 'Half', 26, 1, '10.00', '2021-10-08 09:28:44', '2021-10-08 09:28:44'),
(93, 'Full', 26, 2, '21.00', '2021-10-08 09:28:44', '2021-10-08 09:28:44'),
(94, 'With extra Cheese', 26, 3, '22.00', '2021-10-08 09:28:44', '2021-10-08 09:28:44'),
(95, 'Without Cheese', 26, 4, '19.00', '2021-10-08 09:28:44', '2021-10-08 09:28:44'),
(96, 'Half', 27, 1, '10.00', '2021-10-08 09:33:26', '2021-10-08 09:33:26'),
(97, 'Full', 27, 2, '20.00', '2021-10-08 09:33:26', '2021-10-08 09:33:26'),
(98, 'With extra Cheese', 27, 3, '18.00', '2021-10-08 09:33:26', '2021-10-08 09:33:26'),
(99, 'Without Cheese', 27, 4, '14.00', '2021-10-08 09:33:27', '2021-10-08 09:33:27'),
(100, 'Half', 28, 1, '10.00', '2021-10-08 09:34:47', '2021-10-08 09:34:47'),
(101, 'Full', 28, 2, '21.00', '2021-10-08 09:34:47', '2021-10-08 09:34:47'),
(102, 'With extra Cheese', 28, 3, '24.00', '2021-10-08 09:34:47', '2021-10-08 09:34:47'),
(103, 'Without Cheese', 28, 4, '22.00', '2021-10-08 09:34:47', '2021-10-08 09:34:47'),
(104, 'Cheese', 29, 1, '10.00', '2021-10-08 09:36:42', '2021-10-08 09:36:42'),
(105, 'Lava Cheese', 29, 2, '20.00', '2021-10-08 09:36:42', '2021-10-08 09:36:42'),
(106, 'Butter Masala', 29, 3, '10.00', '2021-10-08 09:36:42', '2021-10-08 09:36:42'),
(107, 'Strong Lemon with mint leaves', 29, 4, '5.00', '2021-10-08 09:36:42', '2021-10-08 09:36:42'),
(108, '20', 30, 1, '0.00', '2021-10-08 09:37:11', '2021-10-08 09:37:11'),
(109, '22', 30, 2, '0.00', '2021-10-08 09:37:11', '2021-10-08 09:37:11'),
(110, '24', 30, 3, '0.00', '2021-10-08 09:37:11', '2021-10-08 09:37:11'),
(111, '30', 30, 4, '0.00', '2021-10-08 09:37:11', '2021-10-08 09:37:11'),
(112, '22', 31, 1, '0.00', '2021-10-08 09:39:05', '2021-10-08 09:39:05'),
(113, '23', 31, 2, '0.00', '2021-10-08 09:39:05', '2021-10-08 09:39:05'),
(114, '24', 31, 3, '0.00', '2021-10-08 09:39:05', '2021-10-08 09:39:05'),
(115, '25', 31, 4, '0.00', '2021-10-08 09:39:05', '2021-10-08 09:39:05'),
(116, 'Half', 32, 1, '9.00', '2021-10-08 09:42:33', '2021-10-08 09:42:33'),
(117, 'Full', 32, 2, '15.00', '2021-10-08 09:42:33', '2021-10-08 09:42:33'),
(118, 'With extra Cheese', 32, 3, '18.00', '2021-10-08 09:42:33', '2021-10-08 09:42:33'),
(119, 'Without Cheese', 32, 4, '16.00', '2021-10-08 09:42:33', '2021-10-08 09:42:33'),
(120, 'Half', 33, 1, '9.00', '2021-10-08 09:43:54', '2021-10-08 09:43:54'),
(121, 'Full', 33, 2, '15.00', '2021-10-08 09:43:54', '2021-10-08 09:43:54'),
(122, 'With extra Cheese', 33, 3, '18.00', '2021-10-08 09:43:54', '2021-10-08 09:43:54'),
(123, 'Without Cheese', 33, 4, '16.00', '2021-10-08 09:43:54', '2021-10-08 09:43:54'),
(124, 'Half', 34, 1, '7.00', '2021-10-08 09:45:22', '2021-10-08 09:45:22'),
(125, 'Full', 34, 2, '14.00', '2021-10-08 09:45:22', '2021-10-08 09:45:22'),
(126, 'With extra Cheese', 34, 3, '15.00', '2021-10-08 09:45:22', '2021-10-08 09:45:22'),
(127, 'Without Cheese', 34, 4, '13.00', '2021-10-08 09:45:22', '2021-10-08 09:45:22'),
(128, 'Half', 35, 1, '8.00', '2021-10-08 09:46:23', '2021-10-08 09:46:23'),
(129, 'Full', 35, 2, '15.00', '2021-10-08 09:46:23', '2021-10-08 09:46:23'),
(130, 'With extra Cheese', 35, 3, '18.00', '2021-10-08 09:46:23', '2021-10-08 09:46:23'),
(131, 'Without Cheese', 35, 4, '16.00', '2021-10-08 09:46:23', '2021-10-08 09:46:23'),
(132, 'Half', 36, 1, '9.00', '2021-10-08 09:47:22', '2021-10-08 09:47:22'),
(133, 'Full', 36, 2, '18.00', '2021-10-08 09:47:22', '2021-10-08 09:47:22'),
(134, 'With extra Sugar', 36, 3, '20.00', '2021-10-08 09:47:22', '2021-10-08 09:47:22'),
(135, 'Without Sugar', 36, 4, '19.00', '2021-10-08 09:47:22', '2021-10-08 09:47:22'),
(136, 'Half', 37, 1, '7.00', '2021-10-08 09:48:44', '2021-10-08 09:48:44'),
(137, 'Full', 37, 2, '15.00', '2021-10-08 09:48:44', '2021-10-08 09:48:44'),
(138, 'With extra Spice', 37, 3, '18.00', '2021-10-08 09:48:44', '2021-10-08 09:48:44'),
(139, 'Without Spice', 37, 4, '15.00', '2021-10-08 09:48:44', '2021-10-08 09:48:44'),
(140, 'Half', 38, 1, '7.00', '2021-10-08 09:49:57', '2021-10-08 09:49:57'),
(141, 'Full', 38, 2, '15.00', '2021-10-08 09:49:57', '2021-10-08 09:49:57'),
(142, 'With extra Spice', 38, 3, '20.00', '2021-10-08 09:49:57', '2021-10-08 09:49:57'),
(143, 'Without Spice', 38, 4, '19.00', '2021-10-08 09:49:57', '2021-10-08 09:49:57'),
(144, 'Half', 39, 1, '7.00', '2021-10-08 10:00:16', '2021-10-08 10:00:16'),
(145, 'Full', 39, 2, '14.00', '2021-10-08 10:00:16', '2021-10-08 10:00:16'),
(146, 'Extra vegies', 39, 3, '18.00', '2021-10-08 10:00:16', '2021-10-08 10:00:16'),
(147, 'Half', 40, 1, '7.00', '2021-10-08 10:03:20', '2021-10-08 10:03:20'),
(148, 'Full', 40, 2, '14.00', '2021-10-08 10:03:20', '2021-10-08 10:03:20'),
(149, 'Extra spicy', 40, 3, '16.00', '2021-10-08 10:03:20', '2021-10-08 10:03:20'),
(150, 'Half', 41, 1, '7.00', '2021-10-08 10:05:28', '2021-10-08 10:05:28'),
(151, 'Full', 41, 2, '14.00', '2021-10-08 10:05:28', '2021-10-08 10:05:28'),
(152, 'Extra spicy', 41, 3, '17.00', '2021-10-08 10:05:28', '2021-10-08 10:05:28'),
(153, 'Half', 42, 1, '9.00', '2021-10-08 10:06:04', '2021-10-08 10:06:04'),
(154, 'Full', 42, 2, '18.00', '2021-10-08 10:06:04', '2021-10-08 10:06:04'),
(155, 'With extra Cheese', 42, 3, '20.00', '2021-10-08 10:06:04', '2021-10-08 10:06:04'),
(156, 'Without Cheese', 42, 4, '18.00', '2021-10-08 10:06:04', '2021-10-08 10:06:04'),
(157, 'Half', 43, 1, '7.00', '2021-10-08 10:08:54', '2021-10-08 10:08:54'),
(158, 'Full', 43, 2, '14.00', '2021-10-08 10:08:54', '2021-10-08 10:08:54'),
(159, 'Extra chese', 43, 3, '18.00', '2021-10-08 10:08:54', '2021-10-08 10:08:54'),
(160, 'Half', 44, 1, '8.00', '2021-10-08 10:09:49', '2021-10-08 10:09:49'),
(161, 'Full', 44, 2, '16.00', '2021-10-08 10:09:49', '2021-10-08 10:09:49'),
(162, 'With extra Cheese', 44, 3, '18.00', '2021-10-08 10:09:49', '2021-10-08 10:09:49'),
(163, 'Without Cheese', 44, 4, '17.00', '2021-10-08 10:09:49', '2021-10-08 10:09:49'),
(164, 'Half', 45, 1, '7.00', '2021-10-08 10:11:27', '2021-10-08 10:11:27'),
(165, 'Full', 45, 2, '14.00', '2021-10-08 10:11:27', '2021-10-08 10:11:27'),
(166, 'Spicy', 45, 3, '16.00', '2021-10-08 10:11:27', '2021-10-08 10:11:27'),
(167, 'Half', 46, 1, '7.00', '2021-10-08 10:12:21', '2021-10-08 10:12:21'),
(168, 'Full', 46, 2, '15.00', '2021-10-08 10:12:21', '2021-10-08 10:12:21'),
(169, 'With extra Cheese', 46, 3, '18.00', '2021-10-08 10:12:21', '2021-10-08 10:12:21'),
(170, 'Without Cheese', 46, 4, '16.00', '2021-10-08 10:12:21', '2021-10-08 10:12:21'),
(171, 'Half', 47, 1, '7.00', '2021-10-08 10:12:56', '2021-10-08 10:12:56'),
(172, 'Full', 47, 2, '14.00', '2021-10-08 10:12:56', '2021-10-08 10:12:56'),
(173, 'Extra cheesy', 47, 3, '16.00', '2021-10-08 10:12:56', '2021-10-08 10:12:56');



-- --------------------------------------------------------


--
-- Dumping data for table `addon_option_translations`
--

INSERT INTO `addon_option_translations` (`id`, `title`, `addon_opt_id`, `language_id`, `created_at`, `updated_at`) VALUES
(1, 'Small parcel', 1, 1, NULL, '2021-10-04 15:45:43'),
(2, 'Half', 2, 1, NULL, NULL),
(3, 'Full', 3, 1, NULL, NULL),
(4, 'With extra Cheese', 4, 1, NULL, NULL),
(5, 'Without Cheese', 5, 1, NULL, NULL),
(6, 'Half', 6, 1, NULL, NULL),
(7, 'Full', 7, 1, NULL, NULL),
(8, 'With extra Cheese', 8, 1, NULL, NULL),
(9, 'Without Cheese', 9, 1, NULL, NULL),
(10, 'Half', 10, 1, NULL, NULL),
(11, 'Full', 11, 1, NULL, NULL),
(12, 'With extra Cheese', 12, 1, NULL, NULL),
(13, 'Without Cheese', 13, 1, NULL, NULL),
(14, 'Half', 14, 1, NULL, NULL),
(15, 'Full', 15, 1, NULL, NULL),
(16, 'With extra Cheese', 16, 1, NULL, NULL),
(17, 'Without Cheese', 17, 1, NULL, NULL),
(18, 'Half', 18, 1, NULL, NULL),
(19, 'Full', 19, 1, NULL, NULL),
(20, 'With extra Cheese', 20, 1, NULL, NULL),
(21, 'Without Cheese', 21, 1, NULL, NULL),
(22, 'Half', 22, 1, NULL, NULL),
(23, 'Full', 23, 1, NULL, NULL),
(24, 'With extra Cheese', 24, 1, NULL, NULL),
(25, 'Without Cheese', 25, 1, NULL, NULL),
(26, 'Half', 26, 1, NULL, NULL),
(27, 'Full', 27, 1, NULL, NULL),
(28, 'With extra Cheese', 28, 1, NULL, NULL),
(29, 'Without Cheese', 29, 1, NULL, NULL),
(30, 'Half', 30, 1, NULL, NULL),
(31, 'Full', 31, 1, NULL, NULL),
(32, 'With extra Spice', 32, 1, NULL, NULL),
(33, 'Without  Spice', 33, 1, NULL, NULL),
(34, 'Half', 34, 1, NULL, NULL),
(35, 'Full', 35, 1, NULL, NULL),
(36, 'With extra Cheese', 36, 1, NULL, NULL),
(37, 'Without Cheese', 37, 1, NULL, NULL),
(38, 'Half', 38, 1, NULL, NULL),
(39, 'Full', 39, 1, NULL, NULL),
(40, 'With extra Sugar', 40, 1, NULL, NULL),
(41, 'Without Sugar', 41, 1, NULL, NULL),
(42, 'Half', 42, 1, NULL, NULL),
(43, 'Full', 43, 1, NULL, NULL),
(44, 'With extra Sugar', 44, 1, NULL, NULL),
(45, 'Without Sugar', 45, 1, NULL, NULL),
(46, 'Half', 46, 1, NULL, NULL),
(47, 'Full', 47, 1, NULL, NULL),
(48, 'Small', 48, 1, NULL, NULL),
(49, 'Medium', 49, 1, NULL, NULL),
(50, 'Large', 50, 1, NULL, NULL),
(51, 'Half', 51, 1, NULL, NULL),
(52, 'Full', 52, 1, NULL, NULL),
(53, 'With extra Sugar', 53, 1, NULL, NULL),
(54, 'Without Sugar', 54, 1, NULL, NULL),
(55, 'Small', 55, 1, NULL, NULL),
(56, 'Large', 56, 1, NULL, NULL),
(57, 'Small', 57, 1, NULL, NULL),
(58, 'Medium', 58, 1, NULL, NULL),
(59, 'Large', 59, 1, NULL, NULL),
(60, 'Half', 60, 1, NULL, NULL),
(61, 'Full', 61, 1, NULL, NULL),
(62, 'With extra Spice', 62, 1, NULL, NULL),
(63, 'Without Spice', 63, 1, NULL, NULL),
(64, 'Half', 64, 1, NULL, NULL),
(65, 'Full', 65, 1, NULL, NULL),
(66, 'With extra Spice', 66, 1, NULL, NULL),
(67, 'Without Spice', 67, 1, NULL, NULL),
(68, 'Half', 68, 1, NULL, NULL),
(69, 'Full', 69, 1, NULL, NULL),
(70, 'With extra Spice', 70, 1, NULL, NULL),
(71, 'Without Spice', 71, 1, NULL, NULL),
(72, 'Half', 72, 1, NULL, NULL),
(73, 'Full', 73, 1, NULL, NULL),
(74, 'With extra Cheese', 74, 1, NULL, NULL),
(75, 'Without Cheese', 75, 1, NULL, NULL),
(76, 'Half', 76, 1, NULL, NULL),
(77, 'Full', 77, 1, NULL, NULL),
(78, 'With extra Cheese', 78, 1, NULL, NULL),
(79, 'Without Cheese', 79, 1, NULL, NULL),
(80, 'Half', 80, 1, NULL, NULL),
(81, 'Full', 81, 1, NULL, NULL),
(82, 'With extra Cheese', 82, 1, NULL, NULL),
(83, 'Without Cheese', 83, 1, NULL, NULL),
(84, 'Half', 84, 1, NULL, NULL),
(85, 'Full', 85, 1, NULL, NULL),
(86, 'With extra Cheese', 86, 1, NULL, NULL),
(87, 'Without Cheese', 87, 1, NULL, NULL),
(88, 'Half', 88, 1, NULL, NULL),
(89, 'Full', 89, 1, NULL, NULL),
(90, 'With extra Cheese', 90, 1, NULL, NULL),
(91, 'Without Cheese', 91, 1, NULL, NULL),
(92, 'Half', 92, 1, NULL, NULL),
(93, 'Full', 93, 1, NULL, NULL),
(94, 'With extra Cheese', 94, 1, NULL, NULL),
(95, 'Without Cheese', 95, 1, NULL, NULL),
(96, 'Half', 96, 1, NULL, NULL),
(97, 'Full', 97, 1, NULL, NULL),
(98, 'With extra Cheese', 98, 1, NULL, NULL),
(99, 'Without Cheese', 99, 1, NULL, NULL),
(100, 'Half', 100, 1, NULL, NULL),
(101, 'Full', 101, 1, NULL, NULL),
(102, 'With extra Cheese', 102, 1, NULL, NULL),
(103, 'Without Cheese', 103, 1, NULL, NULL),
(104, 'Cheese', 104, 1, NULL, NULL),
(105, 'Lava Cheese', 105, 1, NULL, NULL),
(106, 'Butter Masala', 106, 1, NULL, NULL),
(107, 'Strong Lemon with mint leaves', 107, 1, NULL, NULL),
(108, '20', 108, 1, NULL, NULL),
(109, '22', 109, 1, NULL, NULL),
(110, '24', 110, 1, NULL, NULL),
(111, '30', 111, 1, NULL, NULL),
(112, '22', 112, 1, NULL, NULL),
(113, '23', 113, 1, NULL, NULL),
(114, '24', 114, 1, NULL, NULL),
(115, '25', 115, 1, NULL, NULL),
(116, 'Half', 116, 1, NULL, NULL),
(117, 'Full', 117, 1, NULL, NULL),
(118, 'With extra Cheese', 118, 1, NULL, NULL),
(119, 'Without Cheese', 119, 1, NULL, NULL),
(120, 'Half', 120, 1, NULL, NULL),
(121, 'Full', 121, 1, NULL, NULL),
(122, 'With extra Cheese', 122, 1, NULL, NULL),
(123, 'Without Cheese', 123, 1, NULL, NULL),
(124, 'Half', 124, 1, NULL, NULL),
(125, 'Full', 125, 1, NULL, NULL),
(126, 'With extra Cheese', 126, 1, NULL, NULL),
(127, 'Without Cheese', 127, 1, NULL, NULL),
(128, 'Half', 128, 1, NULL, NULL),
(129, 'Full', 129, 1, NULL, NULL),
(130, 'With extra Cheese', 130, 1, NULL, NULL),
(131, 'Without Cheese', 131, 1, NULL, NULL),
(132, 'Half', 132, 1, NULL, NULL),
(133, 'Full', 133, 1, NULL, NULL),
(134, 'With extra Sugar', 134, 1, NULL, NULL),
(135, 'Without Sugar', 135, 1, NULL, NULL),
(136, 'Half', 136, 1, NULL, NULL),
(137, 'Full', 137, 1, NULL, NULL),
(138, 'With extra Spice', 138, 1, NULL, NULL),
(139, 'Without Spice', 139, 1, NULL, NULL),
(140, 'Half', 140, 1, NULL, NULL),
(141, 'Full', 141, 1, NULL, NULL),
(142, 'With extra Spice', 142, 1, NULL, NULL),
(143, 'Without Spice', 143, 1, NULL, NULL),
(144, 'Half', 144, 1, NULL, NULL),
(145, 'Full', 145, 1, NULL, NULL),
(146, 'Extra vegies', 146, 1, NULL, NULL),
(147, 'Half', 147, 1, NULL, NULL),
(148, 'Full', 148, 1, NULL, NULL),
(149, 'Extra spicy', 149, 1, NULL, NULL),
(150, 'Half', 150, 1, NULL, NULL),
(151, 'Full', 151, 1, NULL, NULL),
(152, 'Extra spicy', 152, 1, NULL, NULL),
(153, 'Half', 153, 1, NULL, NULL),
(154, 'Full', 154, 1, NULL, NULL),
(155, 'With extra Cheese', 155, 1, NULL, NULL),
(156, 'Without Cheese', 156, 1, NULL, NULL),
(157, 'Half', 157, 1, NULL, NULL),
(158, 'Full', 158, 1, NULL, NULL),
(159, 'Extra chese', 159, 1, NULL, NULL),
(160, 'Half', 160, 1, NULL, NULL),
(161, 'Full', 161, 1, NULL, NULL),
(162, 'With extra Cheese', 162, 1, NULL, NULL),
(163, 'Without Cheese', 163, 1, NULL, NULL),
(164, 'Half', 164, 1, NULL, NULL),
(165, 'Full', 165, 1, NULL, NULL),
(166, 'Spicy', 166, 1, NULL, NULL),
(167, 'Half', 167, 1, NULL, NULL),
(168, 'Full', 168, 1, NULL, NULL),
(169, 'With extra Cheese', 169, 1, NULL, NULL),
(170, 'Without Cheese', 170, 1, NULL, NULL),
(171, 'Half', 171, 1, NULL, NULL),
(172, 'Full', 172, 1, NULL, NULL),
(173, 'Extra cheesy', 173, 1, NULL, NULL);

-- --------------------------------------------------------


-- --------------------------------------------------------


--
-- Dumping data for table `addon_set_translations`
--

INSERT INTO `addon_set_translations` (`id`, `title`, `addon_id`, `language_id`, `created_at`, `updated_at`) VALUES
(1, 'Small Parcels', 1, 1, NULL, NULL),
(2, 'Dim Sums', 2, 1, NULL, NULL),
(3, 'Hot and Sour Soup', 3, 1, NULL, NULL),
(4, 'Chicken with Chestnuts', 4, 1, NULL, NULL),
(5, 'Margherita pizza', 5, 1, NULL, NULL),
(6, 'Mushroom Risotto', 6, 1, NULL, NULL),
(7, 'Focaccia Bread', 7, 1, NULL, NULL),
(8, 'Prawn Pie', 8, 1, NULL, NULL),
(9, 'Poached Pear Salad', 9, 1, NULL, NULL),
(10, 'Crispy Calamari Rings', 10, 1, NULL, NULL),
(11, 'Lemonade', 11, 1, NULL, NULL),
(12, 'Hot chocolate', 12, 1, NULL, NULL),
(13, 'Chocolate souffle', 13, 1, NULL, NULL),
(14, 'Flamiche', 14, 1, NULL, NULL),
(15, 'Iced tea', 15, 1, NULL, NULL),
(16, 'Quiche Lorraine', 16, 1, NULL, NULL),
(17, 'What  do you like?', 17, 1, NULL, NULL),
(18, 'Israeli salad', 18, 1, NULL, NULL),
(19, 'Waldorf salad', 19, 1, NULL, NULL),
(20, 'Gado-gado', 20, 1, NULL, NULL),
(21, 'Tempura', 21, 1, NULL, NULL),
(22, 'Sushi', 22, 1, NULL, NULL),
(23, 'Miso Soup', 23, 1, NULL, NULL),
(24, 'Unagi', 24, 1, NULL, NULL),
(25, 'Onigiri', 25, 1, NULL, NULL),
(26, 'Yakitori', 26, 1, NULL, NULL),
(27, 'Apple Sausage Plait', 27, 1, NULL, NULL),
(28, 'Peppered Pasta Salad', 28, 1, NULL, NULL),
(29, 'What  Do you like most?', 29, 1, NULL, '2021-10-08 09:37:17'),
(30, 'Beer', 30, 1, NULL, NULL),
(31, 'Wine', 31, 1, NULL, NULL),
(32, 'Chicken confit', 32, 1, NULL, NULL),
(33, 'Salmon en papillote', 33, 1, NULL, NULL),
(34, 'Quiche Lorraine', 34, 1, NULL, NULL),
(35, 'Flamiche', 35, 1, NULL, NULL),
(36, 'Chocolate souffle', 36, 1, NULL, NULL),
(37, 'Bound salads', 37, 1, NULL, NULL),
(38, 'Fruit salads', 38, 1, NULL, NULL),
(39, 'French Onion Soup', 39, 1, NULL, NULL),
(40, 'Hot dog', 40, 1, NULL, NULL),
(41, 'Barbecue Ribs', 41, 1, NULL, NULL),
(42, 'Fajitas', 42, 1, NULL, NULL),
(43, 'Chow Mein', 43, 1, NULL, NULL),
(44, 'Twinkies', 44, 1, NULL, NULL),
(45, 'Dumplings', 45, 1, NULL, NULL),
(46, 'Pot roast', 46, 1, NULL, NULL),
(47, 'Cobb salad', 47, 1, NULL, NULL);

-- --------------------------------------------------------


--
-- Dumping data for table `brands`
--
INSERT INTO `brands` (`id`, `title`, `image`, `image_banner`, `position`, `status`, `created_at`, `updated_at`) VALUES
(1, 'Domino\'s', 'brand/W3PqVSSDG2YBwFuAvU9HAbRMV30hrpNWZchYGoh2.png', NULL, 1, 2, NULL, '2021-10-05 11:20:16'),
(2, 'Schreiber', 'brand/E9HUBJxTVEBRABCm3JpSP5UNSIGA9l0Ac335z05h.jpg', NULL, 2, 2, NULL, '2021-10-05 11:20:19'),
(3, 'Ferrero Rocher', 'brand/4pIEhvghohWmwH3xJCjhlRSZ1hT3a0fViD0VowV1.jpg', NULL, 3, 2, NULL, '2021-10-05 11:20:23'),
(4, 'Dabur', 'brand/uqqal14pibsNZWRfMGtl2F5tLg9tcKmDXuLdjKYC.jpg', NULL, 4, 2, NULL, '2021-10-05 11:20:26');

-- --------------------------------------------------------
INSERT INTO `variants` (`id`, `title`, `type`, `position`, `status`, `created_at`, `updated_at`) VALUES
(1, 'Size', 1, 1, 2, NULL, '2021-10-08 11:11:41'),
(2, 'Color', 2, 2, 2, NULL, '2021-10-08 11:11:44'),
(3, 'Phones', 1, 3, 2, NULL, '2021-10-08 11:11:47');
--
-- Dumping data for table `variant_options`
--
INSERT INTO `variant_options` (`id`, `title`, `variant_id`, `hexacode`, `position`, `created_at`, `updated_at`) VALUES
(1, 'Small', 1, '', 1, NULL, NULL),
(2, 'White', 2, '#ffffff', 1, NULL, NULL),
(3, 'Black', 2, '#000000', 1, NULL, NULL),
(4, 'Grey', 2, '#808080', 1, NULL, NULL),
(5, 'Medium', 1, '', 1, NULL, NULL),
(6, 'Large', 1, '', 1, NULL, NULL),
(7, 'IPhone', 3, '', 1, NULL, NULL),
(8, 'Samsung', 3, '', 1, NULL, NULL),
(9, 'Xiaomi', 3, '', 1, NULL, NULL);




-- --------------------------------------------------------

--
-- Dumping data for table `category_translations`
--

INSERT INTO `category_translations` (`id`, `name`, `trans-slug`, `meta_title`, `meta_description`, `meta_keywords`, `category_id`, `language_id`, `created_at`, `updated_at`) VALUES
(1, 'root', '', 'root', '', '', 1, 1, NULL, '2021-11-15 10:33:41'),
(2, 'Delivery', '', 'Delivery', NULL, NULL, 2, 1, NULL, '2021-11-15 10:33:41'),
(3, 'Restaurant', '', 'Restaurant', '', '', 3, 1, NULL, '2021-11-15 10:33:41'),
(4, 'Supermarket', '', 'Supermarket', NULL, NULL, 4, 1, NULL, '2021-11-15 10:33:41'),
(5, 'Pharmacy', '', 'Pharmacy', NULL, NULL, 5, 1, NULL, '2021-11-15 10:33:41'),
(6, 'Send something', '', 'Send something', '', '', 6, 1, NULL, '2021-11-15 10:33:41'),
(7, 'Buy something', '', 'Buy something', '', '', 7, 1, NULL, '2021-11-15 10:33:41'),
(8, 'Vegetables', '', 'Vegetables', '', '', 8, 1, NULL, '2021-11-15 10:33:41'),
(9, 'Fruits', '', 'Fruits', '', '', 9, 1, NULL, '2021-11-15 10:33:41'),
(10, 'Dairy and Eggs', '', 'Dairy and Eggs', '', '', 10, 1, NULL, '2021-11-15 10:33:41'),
(11, 'E-Commerce', '', 'E-Commerce', NULL, NULL, 11, 1, NULL, '2021-11-15 10:33:41'),
(12, 'Cloth', '', 'Cloth', NULL, NULL, 12, 1, NULL, '2021-11-15 10:33:41'),
(13, 'Dispatcher', '', 'Dispatcher', NULL, NULL, 13, 1, NULL, '2021-11-15 10:33:41'),
(14, 'Continental', NULL, 'Continental', NULL, NULL, 14, 1, '2021-09-29 11:29:58', '2021-11-15 10:33:41'),
(15, 'Italian', NULL, 'Italian', NULL, NULL, 15, 1, '2021-09-29 11:30:19', '2021-11-15 10:33:41'),
(16, 'Beverages', NULL, 'Beverages', NULL, NULL, 16, 1, '2021-09-29 11:31:23', '2021-11-15 10:33:41'),
(17, 'Salad', NULL, 'Salad', NULL, NULL, 17, 1, '2021-09-29 11:33:42', '2021-11-15 10:33:41'),
(18, 'Chinese', NULL, 'Chinese', NULL, NULL, 18, 1, '2021-09-29 11:34:26', '2021-11-15 10:33:41'),
(19, 'Japanese', NULL, 'Japanese', NULL, NULL, 19, 1, '2021-10-08 06:52:07', '2021-11-15 10:33:41'),
(20, 'American', NULL, 'American', NULL, NULL, 20, 1, '2021-10-08 06:52:49', '2021-11-15 10:33:41'),
(21, 'French', NULL, 'French', NULL, NULL, 21, 1, '2021-10-08 06:53:16', '2021-11-15 10:33:41');


-- --------------------------------------------------------

--
-- Dumping data for table `products`
--

INSERT INTO `products` (`id`, `sku`, `title`, `url_slug`, `description`, `body_html`, `vendor_id`, `category_id`, `type_id`, `country_origin_id`, `is_new`, `is_featured`, `is_live`, `is_physical`, `weight`, `weight_unit`, `has_inventory`, `has_variant`, `sell_when_out_of_stock`, `requires_shipping`, `Requires_last_mile`, `averageRating`, `inquiry_only`, `publish_at`, `created_at`, `updated_at`, `brand_id`, `tax_category_id`, `deleted_at`, `pharmacy_check`, `tags`, `need_price_from_dispatcher`, `mode_of_service`) VALUES
(1, 'sku-id', '1', 'sku-id', NULL, NULL, 1, NULL, 1, NULL, 1, 1, 1, 1, NULL, NULL, 0, 0, 0, 0, 0, '4.00', 0, NULL, NULL, NULL, NULL, NULL, NULL, 0, NULL, NULL, NULL),
(2, 'CN907', 'Dim Sums', 'CN907', NULL, '', 2, 18, 1, NULL, 1, 1, 1, 0, NULL, NULL, 1, 0, 0, 0, 1, '4.00', 0, '2021-09-29 11:58:43', NULL, '2021-10-06 07:22:54', NULL, NULL, NULL, 0, NULL, '0', NULL),
(3, 'CN908', 'Hot and Sour Soup', 'CN908', NULL, '', 2, 18, 1, NULL, 1, 1, 1, 0, NULL, NULL, 1, 0, 0, 0, 1, '4.00', 0, '2021-09-29 12:01:11', NULL, '2021-10-04 15:17:12', NULL, NULL, NULL, 0, NULL, '0', NULL),
(4, 'CN909', 'Chicken with Chestnuts', 'CN909', NULL, '', 2, 18, 1, NULL, 1, 1, 1, 0, NULL, NULL, 1, 0, 0, 0, 1, '4.00', 0, '2021-09-29 12:01:49', NULL, '2021-10-04 15:17:17', NULL, NULL, NULL, 0, NULL, '0', NULL),
(5, 'CN9101632916507', 'Spring Rolls', 'CN9101632916507', NULL, '', 2, 18, 1, NULL, 1, 0, 1, 0, NULL, NULL, 0, 0, 0, 0, 0, '4.00', 0, NULL, NULL, '2021-09-29 11:55:07', NULL, NULL, '2021-09-29 11:55:07', 0, NULL, NULL, NULL),
(6, 'ITA555', 'Margherita pizza', 'ITA555', NULL, '', 2, 15, 1, NULL, 1, 1, 1, 0, NULL, NULL, 1, 0, 0, 0, 1, '4.00', 0, '2021-09-29 12:02:35', NULL, '2021-10-04 15:17:22', NULL, NULL, NULL, 0, NULL, '0', NULL),
(7, 'ITA556', 'Mushroom Risotto', 'ITA556', NULL, '', 2, 15, 1, NULL, 1, 1, 1, 0, NULL, NULL, 1, 0, 0, 0, 1, '4.00', 0, '2021-09-29 12:03:15', NULL, '2021-10-04 15:17:27', NULL, NULL, NULL, 0, NULL, '0', NULL),
(8, 'ITA557', 'Focaccia Bread ', 'ITA557', NULL, '', 2, 15, 1, NULL, 1, 1, 1, 0, NULL, NULL, 1, 0, 0, 0, 1, '4.00', 0, '2021-09-29 12:04:01', NULL, '2021-10-04 15:17:32', NULL, NULL, NULL, 0, NULL, '0', NULL),
(9, 'ITA5581632916519', 'Bruschetta', 'ITA5581632916519', NULL, '', 2, 15, 1, NULL, 1, 0, 1, 0, NULL, NULL, 0, 0, 0, 0, 0, '4.00', 0, NULL, NULL, '2021-09-29 11:55:19', NULL, NULL, '2021-09-29 11:55:19', 0, NULL, NULL, NULL),
(10, 'CNN0088', 'Prawn Pie', 'CNN0088', NULL, '', 2, 14, 1, NULL, 1, 1, 1, 0, NULL, NULL, 1, 0, 0, 0, 1, '4.00', 0, '2021-09-29 12:05:03', NULL, '2021-10-05 11:49:19', NULL, NULL, NULL, 0, NULL, '0', NULL),
(11, 'CNN0089', 'Poached Pear Salad', 'CNN0089', NULL, '', 2, 14, 1, NULL, 1, 1, 1, 0, NULL, NULL, 1, 0, 0, 0, 1, '4.00', 0, '2021-09-29 12:05:49', NULL, '2021-10-04 15:17:44', NULL, NULL, NULL, 0, NULL, '0', NULL),
(12, 'CNN0090', 'Crispy Calamari Rings', 'CNN0090', NULL, '', 2, 14, 1, NULL, 1, 1, 1, 0, NULL, NULL, 1, 0, 0, 0, 1, '4.00', 0, '2021-09-29 12:06:36', NULL, '2021-10-04 15:18:04', NULL, NULL, NULL, 0, NULL, '0', NULL),
(13, 'CNN00911632916531', 'Sweet Potato Pie', 'CNN00911632916531', NULL, '', 2, 14, 1, NULL, 1, 0, 1, 0, NULL, NULL, 0, 0, 0, 0, 0, '4.00', 0, NULL, NULL, '2021-09-29 11:55:31', NULL, NULL, '2021-09-29 11:55:31', 0, NULL, NULL, NULL),
(14, 'BVRG277', 'Lemonade', 'BVRG277', NULL, '', 2, 16, 1, NULL, 1, 1, 1, 0, NULL, NULL, 1, 0, 0, 0, 1, '4.00', 0, '2021-09-29 12:07:17', NULL, '2021-10-05 12:54:45', NULL, NULL, NULL, 0, NULL, '0', NULL),
(15, 'BVRG278', 'Hot chocolate', 'BVRG278', NULL, '', 2, 16, 1, NULL, 1, 1, 1, 0, NULL, NULL, 1, 0, 0, 0, 1, '4.00', 0, '2021-09-29 12:09:24', NULL, '2021-10-05 12:54:59', NULL, NULL, NULL, 0, NULL, '0', NULL),
(16, 'BVRG279', 'Iced tea', 'BVRG279', NULL, '', 2, 16, 1, NULL, 1, 1, 1, 0, NULL, NULL, 1, 0, 0, 0, 1, '4.00', 0, '2021-09-29 12:10:05', NULL, '2021-10-05 11:55:21', NULL, NULL, NULL, 0, NULL, '0', NULL),
(17, 'BVRG2801632916546', 'Smoothie', 'BVRG2801632916546', NULL, '', 2, 16, 1, NULL, 1, 0, 1, 0, NULL, NULL, 0, 0, 0, 0, 0, '4.00', 0, NULL, NULL, '2021-09-29 11:55:46', NULL, NULL, '2021-09-29 11:55:46', 0, NULL, NULL, NULL),
(18, 'SLLD3321', 'Israeli salad', 'SLLD3321', NULL, '', 2, 17, 1, NULL, 1, 1, 1, 0, NULL, NULL, 1, 0, 0, 0, 1, '4.00', 0, '2021-09-29 12:10:49', NULL, '2021-10-04 15:18:36', NULL, NULL, NULL, 0, NULL, '0', NULL),
(19, 'SLLD3322', 'Waldorf salad', 'SLLD3322', NULL, '', 2, 17, 1, NULL, 1, 1, 1, 0, NULL, NULL, 1, 0, 0, 0, 1, '4.00', 0, '2021-09-29 12:13:11', NULL, '2021-10-04 15:18:44', NULL, NULL, NULL, 0, NULL, '0', NULL),
(20, 'SLLD3323', 'Gado-gado', 'SLLD3323', NULL, '', 2, 17, 1, NULL, 1, 1, 1, 0, NULL, NULL, 1, 0, 0, 0, 1, '4.00', 0, '2021-09-29 12:13:46', NULL, '2021-10-04 15:18:50', NULL, NULL, NULL, 0, NULL, '0', NULL),
(21, 'DRS167', 'Tempura', 'DRS167', NULL, '', 2, 19, 1, NULL, 1, 1, 1, 0, NULL, NULL, 1, 0, 0, 0, 1, '4.00', 0, '2021-10-08 08:42:27', NULL, '2021-10-08 08:42:27', NULL, NULL, NULL, 0, NULL, '0', NULL),
(22, 'DRS168', 'Sushi', 'DRS168', NULL, '', 2, 19, 1, NULL, 1, 1, 1, 0, NULL, NULL, 1, 0, 0, 0, 1, '4.00', 0, '2021-10-08 08:43:29', NULL, '2021-10-08 08:43:29', NULL, NULL, NULL, 0, NULL, '0', NULL),
(23, 'DRS169', 'Miso Soup', 'DRS169', NULL, '', 2, 19, 1, NULL, 1, 1, 1, 0, NULL, NULL, 1, 0, 0, 0, 1, '4.00', 0, '2021-10-08 08:44:21', NULL, '2021-10-08 08:44:21', NULL, NULL, NULL, 0, NULL, '0', NULL),
(24, 'DRS170', 'Unagi', 'DRS170', NULL, '', 2, 19, 1, NULL, 1, 1, 1, 0, NULL, NULL, 1, 0, 0, 0, 1, '4.00', 0, '2021-10-08 08:45:20', NULL, '2021-10-08 08:45:20', NULL, NULL, NULL, 0, NULL, '0', NULL),
(25, 'NM456', 'Onigiri', 'NM456', NULL, '', 2, 19, 1, NULL, 1, 1, 1, 0, NULL, NULL, 1, 0, 0, 0, 1, '4.00', 0, '2021-10-08 08:46:23', NULL, '2021-10-08 08:46:23', NULL, NULL, NULL, 0, NULL, '0', NULL),
(26, 'NM457', 'Yakitori', 'NM457', NULL, '', 2, 19, 1, NULL, 1, 1, 1, 0, NULL, NULL, 1, 0, 0, 0, 1, '4.00', 0, '2021-10-08 08:47:11', NULL, '2021-10-08 08:47:11', NULL, NULL, NULL, 0, NULL, '0', NULL),
(27, 'NM458', 'Apple Sausage Plait', 'NM458', NULL, '', 2, 14, 1, NULL, 1, 1, 1, 0, NULL, NULL, 1, 0, 0, 0, 1, '4.00', 0, '2021-10-08 08:48:46', NULL, '2021-10-08 09:22:53', NULL, NULL, NULL, 0, NULL, '0', NULL),
(28, 'NM459', 'Peppered Pasta Salad', 'NM459', NULL, '', 2, 14, 1, NULL, 1, 1, 1, 0, NULL, NULL, 1, 0, 0, 0, 1, '4.00', 0, '2021-10-08 08:50:06', NULL, '2021-10-08 09:31:03', NULL, NULL, NULL, 0, NULL, '0', NULL),
(29, 'KL135', 'Beer', 'KL135', NULL, '', 2, 16, 1, NULL, 1, 1, 1, 0, NULL, NULL, 1, 0, 0, 0, 1, '4.00', 0, '2021-10-08 08:51:01', NULL, '2021-10-08 08:51:01', NULL, NULL, NULL, 0, NULL, '0', NULL),
(30, 'KL136', 'Wine', 'KL136', NULL, '', 2, 16, 1, NULL, 1, 1, 1, 0, NULL, NULL, 1, 0, 0, 0, 1, '4.00', 0, '2021-10-08 08:51:55', NULL, '2021-10-08 08:51:55', NULL, NULL, NULL, 0, NULL, '0', NULL),
(31, 'AMS123', 'Fajitas', 'AMS123', NULL, '', 2, 20, 1, NULL, 1, 1, 1, 0, NULL, NULL, 1, 0, 0, 0, 1, '4.00', 0, '2021-10-08 08:52:49', NULL, '2021-10-08 08:52:49', NULL, NULL, NULL, 0, NULL, '0', NULL),
(32, 'AMS124', 'Twinkies', 'AMS124', NULL, '', 2, 20, 1, NULL, 1, 1, 1, 0, NULL, NULL, 1, 0, 0, 0, 1, '4.00', 0, '2021-10-08 09:07:31', NULL, '2021-10-08 09:19:42', NULL, NULL, NULL, 0, NULL, '0', NULL),
(33, 'AMS125', 'Pot roast', 'AMS125', NULL, '', 2, 20, 1, NULL, 1, 1, 1, 0, NULL, NULL, 1, 0, 0, 0, 1, '4.00', 0, '2021-10-08 09:09:47', NULL, '2021-10-08 09:09:47', NULL, NULL, NULL, 0, NULL, '0', NULL),
(34, 'AMS126', 'Cobb salad', 'AMS126', NULL, '', 2, 20, 1, NULL, 1, 1, 1, 0, NULL, NULL, 1, 0, 0, 0, 1, '4.00', 0, '2021-10-08 09:10:54', NULL, '2021-10-08 09:10:54', NULL, NULL, NULL, 0, NULL, '0', NULL),
(35, 'CA221', 'Dumplings', 'CA221', NULL, '', 2, 18, 1, NULL, 1, 1, 1, 0, NULL, NULL, 1, 0, 0, 0, 1, '4.00', 0, '2021-10-08 09:14:57', NULL, '2021-10-08 09:14:57', NULL, NULL, NULL, 0, NULL, '0', NULL),
(36, 'CA222', 'Chow Mein', 'CA222', NULL, '', 2, 18, 1, NULL, 1, 1, 1, 0, NULL, NULL, 1, 0, 0, 0, 1, '4.00', 0, '2021-10-08 09:14:01', NULL, '2021-10-08 09:14:01', NULL, NULL, NULL, 0, NULL, '0', NULL),
(37, 'CA223', 'Barbecue Ribs', 'CA223', NULL, '', 2, 20, 1, NULL, 1, 1, 1, 0, NULL, NULL, 1, 0, 0, 0, 1, '4.00', 0, '2021-10-08 09:13:12', NULL, '2021-10-08 09:13:12', NULL, NULL, NULL, 0, NULL, '0', NULL),
(38, 'CA224', 'Hot Dogs', 'CA224', NULL, '', 2, 20, 1, NULL, 1, 1, 1, 0, NULL, NULL, 1, 0, 0, 0, 1, '4.00', 0, '2021-10-08 09:08:45', NULL, '2021-10-08 09:08:45', NULL, NULL, NULL, 0, NULL, '0', NULL),
(39, 'FR321', 'French onion soup', 'FR321', NULL, '', 2, 21, 1, NULL, 1, 1, 1, 0, NULL, NULL, 1, 0, 0, 0, 1, '4.00', 0, '2021-10-08 09:06:12', NULL, '2021-10-08 09:06:12', NULL, NULL, NULL, 0, NULL, '0', NULL),
(40, 'FR322', 'Chicken confit', 'FR322', NULL, '', 2, 21, 1, NULL, 1, 1, 1, 0, NULL, NULL, 1, 0, 0, 0, 1, '4.00', 0, '2021-10-08 09:02:22', NULL, '2021-10-08 09:02:22', NULL, NULL, NULL, 0, NULL, '0', NULL),
(41, 'FR323', 'Salmon en papillote', 'FR323', NULL, '', 2, 21, 1, NULL, 1, 1, 1, 0, NULL, NULL, 1, 0, 0, 0, 1, '4.00', 0, '2021-10-08 09:01:18', NULL, '2021-10-08 09:01:18', NULL, NULL, NULL, 0, NULL, '0', NULL),
(42, 'FR324', 'Quiche Lorraine', 'FR324', NULL, '', 2, 21, 1, NULL, 1, 1, 1, 0, NULL, NULL, 1, 0, 0, 0, 1, '4.00', 0, '2021-10-08 08:59:43', NULL, '2021-10-08 08:59:43', NULL, NULL, NULL, 0, NULL, '0', NULL),
(43, 'OP111', 'Flamiche', 'OP111', NULL, '', 2, 21, 1, NULL, 1, 1, 1, 0, NULL, NULL, 1, 0, 0, 0, 1, '4.00', 0, '2021-10-08 08:57:04', NULL, '2021-10-08 09:21:13', NULL, NULL, NULL, 0, NULL, '0', NULL),
(44, 'OP112', 'Chocolate souffle', 'OP112', NULL, '', 2, 21, 1, NULL, 1, 1, 1, 0, NULL, NULL, 1, 0, 0, 0, 1, '4.00', 0, '2021-10-08 08:54:16', NULL, '2021-10-08 08:54:16', NULL, NULL, NULL, 0, NULL, '0', NULL),
(45, 'AD123', 'Bound salads', 'AD123', NULL, '', 2, 17, 1, NULL, 1, 1, 1, 0, NULL, NULL, 1, 0, 0, 0, 1, '4.00', 0, '2021-10-08 09:17:20', NULL, '2021-10-08 09:17:20', NULL, NULL, NULL, 0, NULL, '0', NULL),
(46, 'AD124', 'Fruit salads', 'AD124', NULL, '', 2, 17, 1, NULL, 1, 1, 1, 0, NULL, NULL, 1, 0, 0, 0, 1, '4.00', 0, '2021-10-08 09:19:04', NULL, '2021-10-08 09:19:04', NULL, NULL, NULL, 0, NULL, '0', NULL);

-- --------------------------------------------------------

--
-- Dumping data for table `product_addons`
--

INSERT INTO `product_addons` (`product_id`, `addon_id`, `created_at`, `updated_at`) VALUES
(3, 3, NULL, NULL),
(4, 4, NULL, NULL),
(6, 5, NULL, NULL),
(7, 6, NULL, NULL),
(8, 7, NULL, NULL),
(10, 8, NULL, NULL),
(18, 18, NULL, NULL),
(16, 15, NULL, NULL),
(15, 12, NULL, NULL),
(14, 11, NULL, NULL),
(46, 38, NULL, NULL),
(45, 37, NULL, NULL),
(11, 9, NULL, NULL),
(44, 13, NULL, NULL),
(19, 19, NULL, NULL),
(43, 14, NULL, NULL),
(20, 20, NULL, NULL),
(42, 16, NULL, NULL),
(41, 17, NULL, NULL),
(21, 21, NULL, NULL),
(22, 22, NULL, NULL),
(40, 32, NULL, NULL),
(23, 23, NULL, NULL),
(25, 25, NULL, NULL),
(39, 39, NULL, NULL),
(26, 26, NULL, NULL),
(27, 27, NULL, NULL),
(38, 40, NULL, NULL),
(28, 28, NULL, NULL),
(29, 30, NULL, NULL),
(37, 41, NULL, NULL),
(31, 42, NULL, NULL),
(36, 43, NULL, NULL),
(35, 45, NULL, NULL),
(34, 47, NULL, NULL),
(33, 46, NULL, NULL),
(32, 44, NULL, NULL),
(12, 10, NULL, NULL),
(2, 2, NULL, NULL),
(24, 24, NULL, NULL);
-- --------------------------------------------------------

--
-- Dumping data for table `product_categories`
--

INSERT INTO `product_categories` (`product_id`, `category_id`, `created_at`, `updated_at`) VALUES
(1, 11, NULL, NULL),
(2, 18, NULL, NULL),
(2, 18, NULL, NULL),
(3, 18, NULL, NULL),
(2, 18, NULL, NULL),
(3, 18, NULL, NULL),
(4, 18, NULL, NULL),
(2, 18, NULL, NULL),
(3, 18, NULL, NULL),
(4, 18, NULL, NULL),
(5, 18, NULL, NULL),
(6, 15, NULL, NULL),
(6, 15, NULL, NULL),
(7, 15, NULL, NULL),
(6, 15, NULL, NULL),
(7, 15, NULL, NULL),
(8, 15, NULL, NULL),
(6, 15, NULL, NULL),
(7, 15, NULL, NULL),
(8, 15, NULL, NULL),
(9, 15, NULL, NULL),
(10, 14, NULL, NULL),
(10, 14, NULL, NULL),
(11, 14, NULL, NULL),
(10, 14, NULL, NULL),
(11, 14, NULL, NULL),
(12, 14, NULL, NULL),
(10, 14, NULL, NULL),
(11, 14, NULL, NULL),
(12, 14, NULL, NULL),
(13, 14, NULL, NULL),
(14, 16, NULL, NULL),
(14, 16, NULL, NULL),
(15, 16, NULL, NULL),
(14, 16, NULL, NULL),
(15, 16, NULL, NULL),
(16, 16, NULL, NULL),
(14, 16, NULL, NULL),
(15, 16, NULL, NULL),
(16, 16, NULL, NULL),
(17, 16, NULL, NULL),
(18, 17, NULL, NULL),
(18, 17, NULL, NULL),
(19, 17, NULL, NULL),
(18, 17, NULL, NULL),
(19, 17, NULL, NULL),
(20, 17, NULL, NULL),
(21, 19, NULL, NULL),
(21, 19, NULL, NULL),
(22, 19, NULL, NULL),
(21, 19, NULL, NULL),
(22, 19, NULL, NULL),
(23, 19, NULL, NULL),
(21, 19, NULL, NULL),
(22, 19, NULL, NULL),
(23, 19, NULL, NULL),
(24, 19, NULL, NULL),
(25, 19, NULL, NULL),
(25, 19, NULL, NULL),
(26, 19, NULL, NULL),
(25, 19, NULL, NULL),
(26, 19, NULL, NULL),
(27, 14, NULL, NULL),
(25, 19, NULL, NULL),
(26, 19, NULL, NULL),
(27, 14, NULL, NULL),
(28, 14, NULL, NULL),
(29, 16, NULL, NULL),
(29, 16, NULL, NULL),
(30, 16, NULL, NULL),
(31, 20, NULL, NULL),
(31, 20, NULL, NULL),
(32, 20, NULL, NULL),
(31, 20, NULL, NULL),
(32, 20, NULL, NULL),
(33, 20, NULL, NULL),
(31, 20, NULL, NULL),
(32, 20, NULL, NULL),
(33, 20, NULL, NULL),
(34, 20, NULL, NULL),
(35, 18, NULL, NULL),
(35, 18, NULL, NULL),
(36, 18, NULL, NULL),
(35, 18, NULL, NULL),
(36, 18, NULL, NULL),
(37, 20, NULL, NULL),
(35, 18, NULL, NULL),
(36, 18, NULL, NULL),
(37, 20, NULL, NULL),
(38, 20, NULL, NULL),
(39, 21, NULL, NULL),
(39, 21, NULL, NULL),
(40, 21, NULL, NULL),
(39, 21, NULL, NULL),
(40, 21, NULL, NULL),
(41, 21, NULL, NULL),
(39, 21, NULL, NULL),
(40, 21, NULL, NULL),
(41, 21, NULL, NULL),
(42, 21, NULL, NULL),
(43, 21, NULL, NULL),
(43, 21, NULL, NULL),
(44, 21, NULL, NULL),
(45, 17, NULL, NULL),
(45, 17, NULL, NULL),
(46, 17, NULL, NULL);

-- --------------------------------------------------------

--
-- Dumping data for table `vendor_media`
--

INSERT INTO `vendor_media` (`id`, `media_type`, `vendor_id`, `path`, `created_at`, `updated_at`) VALUES
(2, 1, 2, 'prods/dA1wuwJ4pMXkvnby07KYmQhQ2zRY91wGYdr9XRtp.jpg', '2021-09-29 12:00:40', '2021-09-29 12:00:40'),
(17, 1, 2, 'prods/wsfrzvUyPOAvB1DzbIgqVsi0jyGdgzAFPX67102U.jpg', '2021-09-30 11:39:32', '2021-09-30 11:39:32'),
(18, 1, 2, 'prods/m1Qxx9BC6Ef3lvoWjm2Xc2SeS4tG5Ocg05UwXVEk.jpg', '2021-09-30 11:41:10', '2021-09-30 11:41:10'),
(19, 1, 2, 'prods/LiRVQ825vMPlHHoEHVbMVWoKiTvIMA6Atuj9LbDE.jpg', '2021-09-30 11:42:35', '2021-09-30 11:42:35'),
(20, 1, 2, 'prods/zbO31YDcQPn0nILDLMcIaPCwLubNollhvUAE798z.jpg', '2021-09-30 11:43:37', '2021-09-30 11:43:37'),
(21, 1, 2, 'prods/6mDKUD2GgN9PGNvSpRfkkTPppmuJs5Jkr7TFwWFd.jpg', '2021-09-30 11:45:35', '2021-09-30 11:45:35'),
(22, 1, 2, 'prods/OjgVFcbDC8ETzET1OqhXQS7jKUvm49dp7A6bLCx5.jpg', '2021-09-30 11:45:41', '2021-09-30 11:45:41'),
(23, 1, 2, 'prods/mrrsOqmeAJ70sZ5kfazrlZLQcTp4PyGtRjq6oK4y.jpg', '2021-09-30 11:47:56', '2021-09-30 11:47:56'),
(24, 1, 2, 'prods/yookho8c4e2OIpJiwJa729ZUxCqhHbcN1b93yXvd.jpg', '2021-09-30 11:49:11', '2021-09-30 11:49:11'),
(25, 1, 2, 'prods/DupjPX5mdg90CzI7GwOEWh9nxMyKZ5DU0ceFzWeY.jpg', '2021-09-30 11:50:17', '2021-09-30 11:50:17'),
(26, 1, 2, 'prods/RoipQeTsPbSf2dDDKK4HuJEEQWLggp4wlk3dnYH7.jpg', '2021-09-30 11:51:33', '2021-09-30 11:51:33'),
(27, 1, 2, 'prods/bERHZPMoLhAWOx10pavhYi13bNBD9KrFPbYf7yWf.jpg', '2021-09-30 11:52:38', '2021-09-30 11:52:38'),
(28, 1, 2, 'prods/m5l1pxTZGdelq6xgm2qH40DGXMOg3KpQU5rCqNov.jpg', '2021-09-30 11:54:26', '2021-09-30 11:54:26'),
(29, 1, 2, 'prods/oKo5unN68fN5nDEAMe50x1oJ2BIIHULTA0oMALHN.jpg', '2021-09-30 11:55:20', '2021-09-30 11:55:20'),
(30, 1, 2, 'prods/xl7rfsjXU0WjbUafLZJPtkMsxoRUO5UdLpuuL1cf.jpg', '2021-09-30 11:56:29', '2021-09-30 11:56:29'),
(31, 1, 2, 'prods/0cIjZtGRhH0dGdS7mYj5x2qSuEIyMuRBlKJSPkjw.jpg', '2021-09-30 11:57:24', '2021-09-30 11:57:24'),
(32, 1, 2, 'prods/9dBtFZCqVO93NVXb4p766zbWvMuunRhGX3ooQp2X.jpg', '2021-09-30 11:58:47', '2021-09-30 11:58:47'),
(33, 1, 2, 'prods/7mkqptCaFiCa6TQ9plDiLjWUfqeJCyKWhjRmLl0E.jpg', '2021-10-08 08:42:15', '2021-10-08 08:42:15'),
(34, 1, 2, 'prods/jGBC6XN4d2a62RH4kIFKrFZxckclaNfNeDNoyhXJ.jpg', '2021-10-08 08:43:13', '2021-10-08 08:43:13'),
(35, 1, 2, 'prods/dbduzRznYS6OGpv328V5reZGw5MQR2Bpr0PwHBHK.jpg', '2021-10-08 08:44:07', '2021-10-08 08:44:07'),
(36, 1, 2, 'prods/eAhQrhvyi20niuwBkPuHiJmsVQXnR49KEhcCNNpV.jpg', '2021-10-08 08:45:07', '2021-10-08 08:45:07'),
(37, 1, 2, 'prods/3ynffihlhYaJv8NzNo58xIGPF9fyfJFHnIBJff4Q.jpg', '2021-10-08 08:46:06', '2021-10-08 08:46:06'),
(38, 1, 2, 'prods/ILgo0CdKWCwu0hzg0mj26tvEIfTrlDJ1z91aKrt7.jpg', '2021-10-08 08:46:59', '2021-10-08 08:46:59'),
(39, 1, 2, 'prods/Q9U9TjuHxi9xYHsbGAG4Z6SGD2Iq6DgXyW2OfCkL.jpg', '2021-10-08 08:48:43', '2021-10-08 08:48:43'),
(40, 1, 2, 'prods/oX8t9Mv2XmJUfSwdYWo5MKydWERvkXxATaHHhO4q.jpg', '2021-10-08 08:50:00', '2021-10-08 08:50:00'),
(41, 1, 2, 'prods/C2JfaS21MgmKUDvFtIm1HdMhg3eInTBliLXiz9vC.jpg', '2021-10-08 08:50:43', '2021-10-08 08:50:43'),
(42, 1, 2, 'prods/4IjAGiDIK9PA4Jh3EummT09zzecfpA9zOAfmKcmg.jpg', '2021-10-08 08:51:41', '2021-10-08 08:51:41'),
(43, 1, 2, 'prods/BsnLVjlexTWhzXydPnMl1vNvsWuI2mPMenebFTzk.jpg', '2021-10-08 08:52:29', '2021-10-08 08:52:29'),
(44, 1, 2, 'prods/ODMxGFBKPLUqrilrTZX7Zium2W1czStACNGogOIg.jpg', '2021-10-08 08:53:57', '2021-10-08 08:53:57'),
(45, 1, 2, 'prods/74nDbKeQsF4ZfACJZ6RB4quuen3Dbuujxow0fVw6.png', '2021-10-08 08:55:48', '2021-10-08 08:55:48'),
(46, 1, 2, 'prods/6s2fSUhhftIzYSHrBbSk6fRaFC4YbbTHG84C0AXm.jpg', '2021-10-08 08:59:34', '2021-10-08 08:59:34'),
(47, 1, 2, 'prods/vg5kwltlOk9gHaZbFVVWkGSB1UJA2iIBMyNSoM93.jpg', '2021-10-08 09:01:10', '2021-10-08 09:01:10'),
(48, 1, 2, 'prods/NfozvI0lsEIMPR5CKi6gLTInEBjWl5WFZOd1Szjy.jpg', '2021-10-08 09:02:12', '2021-10-08 09:02:12'),
(49, 1, 2, 'prods/JZqFSSOoIk0jwW6GJIf5P5jCKTjAoeO4Pq1pWqwe.jpg', '2021-10-08 09:05:39', '2021-10-08 09:05:39'),
(50, 1, 2, 'prods/phqSSRDpxsJnR12gsyKuhOlWepgz2nfWlIsTGQMI.jpg', '2021-10-08 09:07:28', '2021-10-08 09:07:28'),
(51, 1, 2, 'prods/HRSoMFV92sbJW4pGeJb5kndh85j0MD0K9OdUgxGx.jpg', '2021-10-08 09:08:16', '2021-10-08 09:08:16'),
(52, 1, 2, 'prods/fXDU7n5E04McniWf0goYPPjY6OCl6ONqsmIRWqDT.jpg', '2021-10-08 09:09:24', '2021-10-08 09:09:24'),
(53, 1, 2, 'prods/vy2Qr4vr9x4igpmxFrLaQMGytlaVbpFgwYx3zc1P.jpg', '2021-10-08 09:10:21', '2021-10-08 09:10:21'),
(54, 1, 2, 'prods/n1QOfA7LzHwe3gskKZlxkIZOWrOIw6h93Rkv2Taa.jpg', '2021-10-08 09:12:25', '2021-10-08 09:12:25'),
(55, 1, 2, 'prods/QRb1FKQaD6hyAdvD6yPluyHjk1EqTqRZT0lEX9yn.jpg', '2021-10-08 09:13:48', '2021-10-08 09:13:48'),
(56, 1, 2, 'prods/HZxRzzKmGs4aZHMYccJ4tet7LksLfj9ChAys69o7.jpg', '2021-10-08 09:14:43', '2021-10-08 09:14:43'),
(57, 1, 2, 'prods/CytIIUAe9razTEtOV8lHfztypxuFiiJH5Lgy8rj6.jpg', '2021-10-08 09:17:07', '2021-10-08 09:17:07'),
(58, 1, 2, 'prods/DBumUnzzQRVlXsI1VhxlmdHJV0INEqMcYj90dqfA.jpg', '2021-10-08 09:18:31', '2021-10-08 09:18:31');

-- --------------------------------------------------------
--
-- Dumping data for table `product_images`
--

INSERT INTO `product_images` (`id`, `product_id`, `media_id`, `is_default`, `created_at`, `updated_at`) VALUES
(16, 2, 17, 1, NULL, NULL),
(17, 3, 18, 1, NULL, NULL),
(18, 4, 19, 1, NULL, NULL),
(19, 6, 20, 1, NULL, NULL),
(20, 7, 22, 1, NULL, NULL),
(21, 8, 23, 1, NULL, NULL),
(22, 10, 24, 1, NULL, NULL),
(23, 11, 25, 1, NULL, NULL),
(24, 12, 26, 1, NULL, NULL),
(25, 14, 27, 1, NULL, NULL),
(26, 15, 28, 1, NULL, NULL),
(27, 16, 29, 1, NULL, NULL),
(28, 18, 30, 1, NULL, NULL),
(29, 19, 31, 1, NULL, NULL),
(30, 20, 32, 1, NULL, NULL),
(31, 21, 33, 1, NULL, NULL),
(32, 22, 34, 1, NULL, NULL),
(33, 23, 35, 1, NULL, NULL),
(34, 24, 36, 1, NULL, NULL),
(35, 25, 37, 1, NULL, NULL),
(36, 26, 38, 1, NULL, NULL),
(37, 27, 39, 1, NULL, NULL),
(38, 28, 40, 1, NULL, NULL),
(39, 29, 41, 1, NULL, NULL),
(40, 30, 42, 1, NULL, NULL),
(41, 31, 43, 1, NULL, NULL),
(42, 44, 44, 1, NULL, NULL),
(43, 43, 45, 1, NULL, NULL),
(44, 42, 46, 1, NULL, NULL),
(45, 41, 47, 1, NULL, NULL),
(46, 40, 48, 1, NULL, NULL),
(47, 39, 49, 1, NULL, NULL),
(48, 32, 50, 1, NULL, NULL),
(49, 38, 51, 1, NULL, NULL),
(50, 33, 52, 1, NULL, NULL),
(51, 34, 53, 1, NULL, NULL),
(52, 37, 54, 1, NULL, NULL),
(53, 36, 55, 1, NULL, NULL),
(54, 35, 56, 1, NULL, NULL),
(55, 45, 57, 1, NULL, NULL),
(56, 46, 58, 1, NULL, NULL);

-- --------------------------------------------------------

--
-- Dumping data for table `product_translations`
--

INSERT INTO `product_translations` (`id`, `title`, `body_html`, `meta_title`, `meta_keyword`, `meta_description`, `product_id`, `language_id`, `created_at`, `updated_at`) VALUES
(1, 'Xiaomi', NULL, 'Xiaomi', 'Xiaomi', NULL, 1, 1, NULL, '2021-10-04 15:45:43'),
(2, 'Dim Sums', '<p>Dim sum is a&nbsp;traditional Chinese meal made up of small plates of dumplings and other snack dishes&nbsp;and is usually accompanied by tea.&nbsp;</p>', NULL, NULL, NULL, 2, 1, NULL, '2021-10-06 07:22:33'),
(3, 'Dim Sums', '', '', '', '', 2, 1, NULL, '2021-10-04 15:45:43'),
(4, 'Hot and Sour Soup', '<p>Hot and sour soup is a soup from Asian culinary traditions. In all cases, the soup contains ingredients to make it both spicy and sour.</p>', NULL, NULL, NULL, 3, 1, NULL, '2021-10-06 07:23:24'),
(5, 'Dim Sums', '', '', '', '', 2, 1, NULL, '2021-10-04 15:45:43'),
(6, 'Hot and Sour Soup', '', '', '', '', 3, 1, NULL, '2021-10-04 15:45:43'),
(7, 'Chicken with Chestnuts', '<p>Chicken with chestnuts&nbsp;in a rich soy sauce is a well-loved dish within many Chinese families.&nbsp;</p>', NULL, NULL, NULL, 4, 1, NULL, '2021-10-06 07:24:14'),
(8, 'Dim Sums', '', '', '', '', 2, 1, NULL, '2021-10-04 15:45:43'),
(9, 'Hot and Sour Soup', '', '', '', '', 3, 1, NULL, '2021-10-04 15:45:43'),
(10, 'Chicken with Chestnuts', '', '', '', '', 4, 1, NULL, '2021-10-04 15:45:43'),
(11, 'Spring Rolls', '', '', '', '', 5, 1, NULL, '2021-10-04 15:45:43'),
(12, 'Margherita pizza', '<p>Margherita Pizza, as the Italians call it, is a simple pizza hailing from Naples. When done right, margherita pizza features a&nbsp;bubbly crust, crushed San Marzano tomato sauce, fresh mozzarella and basil, a drizzle of olive oil, and a sprinkle of salt.</p>', NULL, NULL, NULL, 6, 1, NULL, '2021-10-06 07:24:59'),
(13, 'Margherita pizza', '', '', '', '', 6, 1, NULL, '2021-10-04 15:45:43'),
(14, 'Mushroom Risotto', '<p>Mushroom risotto is a&nbsp;creamy Italian rice with chicken broth and your favorite mushrooms. You can make it on the stovetop with a little patience and meditative stirring.</p>', NULL, NULL, NULL, 7, 1, NULL, '2021-10-06 07:26:50'),
(15, 'Margherita pizza', '', '', '', '', 6, 1, NULL, '2021-10-04 15:45:43'),
(16, 'Mushroom Risotto', '', '', '', '', 7, 1, NULL, '2021-10-04 15:45:43'),
(17, 'Focaccia Bread', '<p>Focaccia is a flat oven-baked Italian bread similar in style and texture to pizza; in some places, it is called &quot;pizza bianca&quot;. Focaccia can be served as a side dish or as sandwich bread.</p>', NULL, NULL, NULL, 8, 1, NULL, '2021-10-06 07:27:20'),
(18, 'Margherita pizza', '', '', '', '', 6, 1, NULL, '2021-10-04 15:45:43'),
(19, 'Mushroom Risotto', '', '', '', '', 7, 1, NULL, '2021-10-04 15:45:43'),
(20, 'Focaccia Bread ', '', '', '', '', 8, 1, NULL, '2021-10-04 15:45:43'),
(21, 'Bruschetta', '', '', '', '', 9, 1, NULL, '2021-10-04 15:45:43'),
(22, 'Prawn Pie', '<p>Prawns Pie&nbsp;and hard boiled eggs are other common additional ingredients. Parsley or chives are sometimes added to the sauce.</p>', NULL, NULL, NULL, 10, 1, NULL, '2021-10-06 07:30:16'),
(23, 'Prawn Pie', '', '', '', '', 10, 1, NULL, '2021-10-04 15:45:43'),
(24, 'Poached Pear Salad', '<p>Poaching pears&nbsp;Salad couldn&#39;t be easier, but during cooking, the one thing you want to watch out for is the pears either&nbsp;poking&nbsp;out of the water or not cooking them enough.</p>', NULL, NULL, NULL, 11, 1, NULL, '2021-10-06 07:30:52'),
(25, 'Prawn Pie', '', '', '', '', 10, 1, NULL, '2021-10-04 15:45:43'),
(26, 'Poached Pear Salad', '', '', '', '', 11, 1, NULL, '2021-10-04 15:45:43'),
(27, 'Crispy Calamari Rings', '<p>Crispy Calamari Rings fried calamari recipe is&nbsp;tender pieces of squid soaked in buttermilk, then coated in seasoned flour and deep fried to golden brown perfection.</p>', NULL, NULL, NULL, 12, 1, NULL, '2021-10-06 07:31:10'),
(28, 'Prawn Pie', '', '', '', '', 10, 1, NULL, '2021-10-04 15:45:43'),
(29, 'Poached Pear Salad', '', '', '', '', 11, 1, NULL, '2021-10-04 15:45:43'),
(30, 'Crispy Calamari Rings', '', '', '', '', 12, 1, NULL, '2021-10-04 15:45:43'),
(31, 'Sweet Potato Pie', '', '', '', '', 13, 1, NULL, '2021-10-04 15:45:43'),
(32, 'Lemonade', '<p>Lemonade is a sweetened lemon-flavored beverage. There are varieties of lemonade found throughout the world. In North America and South Asia, cloudy lemonade dominates.</p>', NULL, NULL, NULL, 14, 1, NULL, '2021-10-06 07:31:45'),
(33, 'Lemonade', '', '', '', '', 14, 1, NULL, '2021-10-04 15:45:43'),
(34, 'Hot chocolate', '<p>Hot chocolate, also known as hot cocoa or drinking chocolate, is a heated drink consisting of shaved chocolate, melted chocolate or cocoa powder, heated milk or water, and usually a sweetener.&nbsp;</p>', NULL, NULL, NULL, 15, 1, NULL, '2021-10-06 07:32:08'),
(35, 'Lemonade', '', '', '', '', 14, 1, NULL, '2021-10-04 15:45:43'),
(36, 'Hot chocolate', '', '', '', '', 15, 1, NULL, '2021-10-04 15:45:43'),
(37, 'Iced tea', '<p>Iced tea is a form of cold tea. Though usually served in a glass with ice, it can refer to any tea that has been chilled or cooled.</p>', NULL, NULL, NULL, 16, 1, NULL, '2021-10-06 07:32:30'),
(38, 'Lemonade', '', '', '', '', 14, 1, NULL, '2021-10-04 15:45:43'),
(39, 'Hot chocolate', '', '', '', '', 15, 1, NULL, '2021-10-04 15:45:43'),
(40, 'Iced tea', '', '', '', '', 16, 1, NULL, '2021-10-04 15:45:43'),
(41, 'Smoothie', '', '', '', '', 17, 1, NULL, '2021-10-04 15:45:43'),
(42, 'Israeli salad', '<p>Israeli salad is a chopped salad of finely diced tomato, onion, cucumber, and bell or chili peppers.&nbsp;</p>', NULL, NULL, NULL, 18, 1, NULL, '2021-10-06 07:32:58'),
(43, 'Israeli salad', '', '', '', '', 18, 1, NULL, '2021-10-04 15:45:43'),
(44, 'Waldorf salad', '<p>Waldorf salad is a fruit and nut salad generally made of fresh apples, celery, walnuts, and grapes, dressed in mayonnaise, and traditionally served on a bed of lettuce as an appetizer or a light meal.&nbsp;</p>', NULL, NULL, NULL, 19, 1, NULL, '2021-10-06 07:33:21'),
(45, 'Israeli salad', '', '', '', '', 18, 1, NULL, '2021-10-04 15:45:43'),
(46, 'Waldorf salad', '', '', '', '', 19, 1, NULL, '2021-10-04 15:45:43'),
(47, 'Gado-gado', '<p>Gado-gado is an Indonesian salad of raw, slightly boiled, blanched or steamed vegetables and hard-boiled eggs, boiled potato, fried tofu and tempeh, and lontong, served with a peanut sauce dressing.</p>', NULL, NULL, NULL, 20, 1, NULL, '2021-10-06 07:33:42'),
(48, 'Tempura', '<p>Tempura is the word&nbsp;used to describe any food that has been coated in tempura batter and fried using the tempura frying method. The batter is the actual coating used in tempura and is comprised of cold water, flour, and a beaten egg.</p>', NULL, NULL, NULL, 21, 1, NULL, '2021-10-08 09:56:15'),
(49, 'Tempura', '', '', '', '', 21, 1, NULL, NULL),
(50, 'Sushi', '<p>sushi,&nbsp;<strong>a staple rice dish of Japanese cuisine</strong>, consisting of cooked rice flavoured with vinegar and a variety of vegetable, egg, or raw seafood garnishes and served cold. ... For maki-zushi, a sheet of nori (laver, a seaweed) is spread with rice, then with seafood or vegetables and garnishes.</p>', NULL, NULL, NULL, 22, 1, NULL, '2021-10-08 09:26:45'),
(51, 'Tempura', '', '', '', '', 21, 1, NULL, NULL),
(52, 'Sushi', '', '', '', '', 22, 1, NULL, NULL),
(53, 'Miso Soup', '<p>Miso Soup is&nbsp;salty and earthy, with sweet and spicy flavors becoming more prevalent during cooking. In many Asian cultures, miso paste&nbsp; is mixed with dashi broth cooked for hours to make this Japanese staple dish called &ldquo;miso soup.</p>', NULL, NULL, NULL, 23, 1, NULL, '2021-10-08 09:58:04'),
(54, 'Tempura', '', '', '', '', 21, 1, NULL, NULL),
(55, 'Sushi', '', '', '', '', 22, 1, NULL, NULL),
(56, 'Miso Soup', '', '', '', '', 23, 1, NULL, NULL),
(57, 'Unagi', '<p>Unagi&nbsp; is&nbsp;the Japanese word for freshwater eel, especially the Japanese eel, Anguilla japonica&nbsp; Unagi is a common ingredient in Japanese cooking, often as kabayaki. It is not to be confused with saltwater eel, which is known as anago in Japanese.</p>', NULL, NULL, NULL, 24, 1, NULL, '2021-10-08 09:59:41'),
(58, 'Onigiri', '<p>Onigiri, also known as&nbsp;Japanese rice ball&nbsp;is a great example of how inventive Japanese cuisine can be. It is also a Japanese comfort food made from steamed rice formed into the typical triangular, ball, or cylinder shapes and usually wrapped with nori.</p>', NULL, NULL, NULL, 25, 1, NULL, '2021-10-08 10:00:59'),
(59, 'Onigiri', '', '', '', '', 25, 1, NULL, NULL),
(60, 'Yakitori', '<p>Yakitori is&nbsp;a Japanese dish of bite-sized pieces of chicken that are skewered and roasted over a grill, typically a charcoal grill. Yakitori is commonly eaten as a snack with drinks, or as a whole meal, and is very popular in Japan given the rich and diverse flavor of the meat, and the casual dining style.</p>', NULL, NULL, NULL, 26, 1, NULL, '2021-10-08 10:01:33'),
(61, 'Onigiri', '', '', '', '', 25, 1, NULL, NULL),
(62, 'Yakitori', '', '', '', '', 26, 1, NULL, NULL),
(63, 'Apple Sausage Plait', '<p>Apple Sausage Plait is a delightful combination of sausage, apple, onion and fresh herbs wrapped in puff pastry. This recipe is surely a crowd pleaser and an easy and quick dinner for the family.</p>', NULL, NULL, NULL, 27, 1, NULL, '2021-10-08 10:02:21'),
(64, 'Onigiri', '', '', '', '', 25, 1, NULL, NULL),
(65, 'Yakitori', '', '', '', '', 26, 1, NULL, NULL),
(66, 'Apple Sausage Plait', '', '', '', '', 27, 1, NULL, NULL),
(67, 'Peppered Pasta Salad', '<p>Pasta salad&nbsp; is a salad dish prepared with one or more types of pasta,&nbsp;almost always chilled, and most often tossed in a vinegar, oil, or mayonnaise-based dressing. It is typically served as an appetizer, side dish or a main course.</p>', NULL, NULL, NULL, 28, 1, NULL, '2021-10-08 10:04:10'),
(68, 'Beer', NULL, NULL, NULL, NULL, 29, 1, NULL, '2021-10-08 08:51:01'),
(69, 'Beer', '', '', '', '', 29, 1, NULL, NULL),
(70, 'Wine', '<p>In simple terms, wine is&nbsp;<strong>fermented grape juice</strong>. Malolactic Fermentation: This is a secondary fermentation in which naturally occurring malic acid (which is tart like tart apples) changes into lactic acid (which is smooth like butter). Many wines described as &ldquo;buttery&rdquo; or &ldquo;creamy&rdquo; have gone through the process of Malo</p>', NULL, NULL, NULL, 30, 1, NULL, '2021-10-08 09:33:42'),
(71, 'Fajitas', '<p>Fajitas in Tex-Mex cuisine, is&nbsp;any stripped grilled meat with stripped peppers and onions&nbsp;that is usually served on a flour or corn tortilla. The term originally referred to skirt steak, the cut of beef first used in the dish.</p>', NULL, NULL, NULL, 31, 1, NULL, '2021-10-08 09:39:53'),
(72, 'Fajitas', '', '', '', '', 31, 1, NULL, NULL),
(73, 'Twinkies', '<p>Twinkie is&nbsp;an American snack cake, described as golden sponge cake with a creamy filling. It was formerly made and distributed by Hostess Brands. The brand is currently owned by Hostess Brands, Inc In Egypt, Twinkies are produced under the company Edita.</p>', NULL, NULL, NULL, 32, 1, NULL, '2021-10-08 10:08:27'),
(74, 'Fajitas', '', '', '', '', 31, 1, NULL, NULL),
(75, 'Twinkies', '', '', '', '', 32, 1, NULL, NULL),
(76, 'Pot roast', '<p>Pot roast is&nbsp;a big tough beef cut, seared, covered and cooked slow with herbs and veggies in a flavourful broth until fall apart tender. A good pot roast can be made with any cut of beef roast: chuck roast, round roast, or briskets.</p>', NULL, NULL, NULL, 33, 1, NULL, '2021-10-08 09:51:16'),
(77, 'Fajitas', '', '', '', '', 31, 1, NULL, NULL),
(78, 'Twinkies', '', '', '', '', 32, 1, NULL, NULL),
(79, 'Pot roast', '', '', '', '', 33, 1, NULL, NULL),
(80, 'Cobb salad', '<p>Cobb salad is a&nbsp;main-dish American garden salad&nbsp;typically made with chopped salad greens, tomato, crisp bacon, fried chicken breast, hard-boiled eggs, avocado, chives, blue cheese, and red-wine vinaigrette.</p>', NULL, NULL, NULL, 34, 1, NULL, '2021-10-08 09:50:43'),
(81, 'Dumplings', '<p>Dumpling,&nbsp;small mass of leavened dough that is either boiled or steamed and served&nbsp;in soups or stews or with fruit. Dumplings are most commonly formed from flour or meal bound with egg and then simmered in water or gravy stock until they take on a light cakey texture.</p>', NULL, NULL, NULL, 35, 1, NULL, '2021-10-08 09:49:49'),
(82, 'Dumplings', '', '', '', '', 35, 1, NULL, NULL),
(83, 'Chow Mein', '<p>chow mein mean &#39;stir-fried noodles&#39;, also loosely translating to &quot;fried noodle&quot; . But really, any veggies will be delicious! Mushrooms, sugar snap peas or courgette would all work.</p>', NULL, NULL, NULL, 36, 1, NULL, '2021-10-08 09:49:22'),
(84, 'Dumplings', '', '', '', '', 35, 1, NULL, NULL),
(85, 'Chow Mein', '', '', '', '', 36, 1, NULL, NULL),
(86, 'Barbecue Ribs', '<p>Barbecue Ribs are cooked using the low, indirect heat and smoke of a barbecue pit or the high, direct heat of a grill. Prior to cooking the ribs, a rub or marinade is often used to flavor and tenderize the meat.</p>', NULL, NULL, NULL, 37, 1, NULL, '2021-10-08 09:46:50'),
(87, 'Dumplings', '', '', '', '', 35, 1, NULL, NULL),
(88, 'Chow Mein', '', '', '', '', 36, 1, NULL, NULL),
(89, 'Barbecue Ribs', '', '', '', '', 37, 1, NULL, NULL),
(90, 'Hot Dogs', '<p>Hot Dog&nbsp;means&nbsp;a whole, cured, cooked sausage that is skinless or stuffed in a casing, that may be known as a frankfurter, frank, furter, wiener, red hot, vienna, bologna, garlic bologna, or knockwurst, and that may be served in a bun or roll.</p>', NULL, NULL, NULL, 38, 1, NULL, '2021-10-08 09:46:19'),
(91, 'French onion soup', '<p>French onion soup&nbsp; is&nbsp;a type of soup usually based on meat stock and onions, and often served gratin&eacute;ed with croutons or a larger piece of bread covered with cheese floating on top.</p>', NULL, NULL, NULL, 39, 1, NULL, '2021-10-08 09:40:41'),
(92, 'French onion soup', '', '', '', '', 39, 1, NULL, NULL),
(93, 'Chicken confit', '<p>Chicken confit is&nbsp;<strong>t</strong>he act of preserving or slow-cooking meat in fat. Our version uses olive oil for an extremely juicy chicken and a nice crispy skin.</p>', NULL, NULL, NULL, 40, 1, NULL, '2021-10-08 09:45:30'),
(94, 'French onion soup', '', '', '', '', 39, 1, NULL, NULL),
(95, 'Chicken confit', '', '', '', '', 40, 1, NULL, NULL),
(96, 'Salmon en papillote', '<p>Salmon en papillote refers to a&nbsp;cooking method where ingredients&nbsp; often including fish&nbsp;are placed in a bag made of parchment paper before being baked in an oven.</p>', NULL, NULL, NULL, 41, 1, NULL, '2021-10-08 09:44:53'),
(97, 'French onion soup', '', '', '', '', 39, 1, NULL, NULL),
(98, 'Chicken confit', '', '', '', '', 40, 1, NULL, NULL),
(99, 'Salmon en papillote', '', '', '', '', 41, 1, NULL, NULL),
(100, 'Quiche Lorraine', '<p>Quiche Lorraine is&nbsp;a combination of a delicious flaky Pie Crust that is filled with savory egg custard. Bacon, cheese, caramelized onions, and other fillings can take this quiche recipe from ordinary to extraordinary.</p>', NULL, NULL, NULL, 42, 1, NULL, '2021-10-08 09:43:42'),
(101, 'Flamiche', '<p>Flamiche is a specialty of Picardy and&nbsp;a puff pastry tart made with leeks and cream. The pastry is made of a brioche type dough. It resembles a quiche.</p>', NULL, NULL, NULL, 43, 1, NULL, '2021-10-08 09:42:44'),
(102, 'Flamiche', '', '', '', '', 43, 1, NULL, NULL),
(103, 'Chocolate souffle', '<p>A Chocolate souffle is&nbsp;a baked dish with a flavorful base mixed with beaten egg whites. When baked, air bubbles in the egg whites expand, puffing the souffl&eacute; up over the top of the dish.&nbsp;</p>', NULL, NULL, NULL, 44, 1, NULL, '2021-10-08 09:42:06'),
(104, 'Bound salads', '<p>A Bound salads can&nbsp;be composed or tossed . They are assembled with thick sauces such as mayonnaise.&nbsp; Examples of bound salad include tuna salad, pasta salad, chicken salad, egg salad, and potato salad. Bound salads are often used as sandwich fillings.</p>', NULL, NULL, NULL, 45, 1, NULL, '2021-10-08 09:41:23'),
(105, 'Bound salads', '', '', '', '', 45, 1, NULL, NULL),
(106, 'Fruit salads', '<p><em>Fruit salad</em>&nbsp;is a dish consisting of various kinds of fruit, sometimes served in a liquid, either their own juices or a syrup</p>', NULL, NULL, NULL, 46, 1, NULL, '2021-10-08 09:19:04');

-- --------------------------------------------------------

--
-- Dumping data for table `product_variants`
--

INSERT INTO `product_variants` (`id`, `sku`, `product_id`, `title`, `quantity`, `price`, `position`, `compare_at_price`, `barcode`, `cost_price`, `currency_id`, `tax_category_id`, `inventory_policy`, `fulfillment_service`, `inventory_management`, `created_at`, `updated_at`, `status`) VALUES
(1, 'sku-id', 1, NULL, 100, '500.00', 1, '500.00', '7543ebf012007e', '300.00', NULL, NULL, NULL, NULL, NULL, NULL, NULL, 1),
(2, 'sku-id-1*5', 1, 'sku-id-Black-Black', 100, '500.00', 1, '500.00', '1500cdf2d597df', '300.00', NULL, NULL, NULL, NULL, NULL, NULL, NULL, 1),
(3, 'sku-id-1*6', 1, 'sku-id-Black-Grey', 100, '500.00', 1, '500.00', '2ea56327679387', '300.00', NULL, NULL, NULL, NULL, NULL, NULL, NULL, 1),
(4, 'sku-id-7*5', 1, 'sku-id-Medium-Black', 100, '500.00', 1, '500.00', '8f47f11a19433f', '300.00', NULL, NULL, NULL, NULL, NULL, NULL, NULL, 1),
(5, 'sku-id-7*6', 1, 'sku-id-Medium-Grey', 100, '500.00', 1, '500.00', '8f7318b112bbe9', '300.00', NULL, NULL, NULL, NULL, NULL, NULL, NULL, 1),
(6, 'CN907', 2, NULL, 120, '12.00', 1, '13.00', 'ffc15c33d040a9', NULL, NULL, NULL, NULL, NULL, NULL, '2021-09-29 11:54:58', '2021-09-29 11:58:53', 1),
(7, 'CN908', 3, NULL, 140, '12.00', 1, '14.00', 'c0bb5550bebe1f', NULL, NULL, NULL, NULL, NULL, NULL, '2021-09-29 11:54:58', '2021-09-29 12:01:21', 1),
(8, 'CN909', 4, NULL, 130, '10.00', 1, '12.00', '61edf88565006d', NULL, NULL, NULL, NULL, NULL, NULL, '2021-09-29 11:54:58', '2021-09-29 12:01:59', 1),
(9, 'CN9101632916507bee32a7', 5, NULL, 0, '0.00', 1, '0.00', '98b6a55334c448', NULL, NULL, NULL, NULL, NULL, NULL, '2021-09-29 11:54:58', '2021-09-29 11:55:07', 1),
(10, 'ITA555', 6, NULL, 100, '8.00', 1, '9.00', '6162d64cb8c187', NULL, NULL, NULL, NULL, NULL, NULL, '2021-09-29 11:55:14', '2021-09-29 12:02:46', 1),
(11, 'ITA556', 7, NULL, 110, '14.00', 1, '15.00', 'ecfc883175002d', NULL, NULL, NULL, NULL, NULL, NULL, '2021-09-29 11:55:14', '2021-09-29 12:03:24', 1),
(12, 'ITA557', 8, NULL, 150, '14.00', 1, '15.00', 'b70a3808f26090', NULL, NULL, NULL, NULL, NULL, NULL, '2021-09-29 11:55:14', '2021-09-29 12:04:10', 1),
(13, 'ITA55816329165195d0bb28', 9, NULL, 0, '0.00', 1, '0.00', 'ed06c9a2f4c37f', NULL, NULL, NULL, NULL, NULL, NULL, '2021-09-29 11:55:14', '2021-09-29 11:55:19', 1),
(14, 'CNN0088', 10, NULL, 160, '12.00', 1, '14.00', 'a60c874d4636c3', NULL, NULL, NULL, NULL, NULL, NULL, '2021-09-29 11:55:27', '2021-09-29 12:05:13', 1),
(15, 'CNN0089', 11, NULL, 170, '15.00', 1, '16.00', '2b9447eec58718', NULL, NULL, NULL, NULL, NULL, NULL, '2021-09-29 11:55:27', '2021-09-29 12:05:58', 1),
(16, 'CNN0090', 12, NULL, 100, '8.00', 1, '9.00', 'eb1173e29e8a16', NULL, NULL, NULL, NULL, NULL, NULL, '2021-09-29 11:55:27', '2021-09-29 12:06:45', 1),
(17, 'CNN009116329165314c5e830', 13, NULL, 0, '0.00', 1, '0.00', '269e83864089d6', NULL, NULL, NULL, NULL, NULL, NULL, '2021-09-29 11:55:27', '2021-09-29 11:55:31', 1),
(18, 'BVRG277', 14, NULL, 110, '12.00', 1, '13.00', 'adb6235dc37d10', NULL, NULL, NULL, NULL, NULL, NULL, '2021-09-29 11:55:40', '2021-09-29 12:07:26', 1),
(19, 'BVRG278', 15, NULL, 130, '12.00', 1, '13.00', 'a4487ac5a1684f', NULL, NULL, NULL, NULL, NULL, NULL, '2021-09-29 11:55:40', '2021-09-29 12:09:34', 1),
(20, 'BVRG279', 16, NULL, 120, '12.00', 1, '13.00', '599192eecd6073', NULL, NULL, NULL, NULL, NULL, NULL, '2021-09-29 11:55:40', '2021-09-29 12:10:16', 1),
(21, 'BVRG28016329165465a342ae', 17, NULL, 0, '0.00', 1, '0.00', '9c87999e9cfe99', NULL, NULL, NULL, NULL, NULL, NULL, '2021-09-29 11:55:41', '2021-09-29 11:55:46', 1),
(22, 'SLLD3321', 18, NULL, 160, '11.00', 1, '12.00', '278ef3b9d0a9e9', NULL, NULL, NULL, NULL, NULL, NULL, '2021-09-29 11:57:04', '2021-09-29 12:10:58', 1),
(23, 'SLLD3322', 19, NULL, 170, '12.00', 1, '14.00', '7a0ee330d22abe', NULL, NULL, NULL, NULL, NULL, NULL, '2021-09-29 11:57:04', '2021-09-29 12:13:21', 1),
(24, 'SLLD3323', 20, NULL, 140, '12.00', 1, '15.00', 'ac31c2658a2e91', NULL, NULL, NULL, NULL, NULL, NULL, '2021-09-29 11:57:04', '2021-09-29 12:14:03', 1),
(25, 'DRS167', 21, NULL, 1990, '18.00', 1, '20.00', '01fd7859e538c3', NULL, NULL, NULL, NULL, NULL, NULL, '2021-10-08 08:38:26', '2021-10-08 08:42:27', 1),
(26, 'DRS168', 22, NULL, 1000, '18.00', 1, '20.00', '2850b03400a2e7', NULL, NULL, NULL, NULL, NULL, NULL, '2021-10-08 08:38:26', '2021-10-08 08:43:29', 1),
(27, 'DRS169', 23, NULL, 1900, '19.00', 1, '22.00', '8a9072461f6468', NULL, NULL, NULL, NULL, NULL, NULL, '2021-10-08 08:38:26', '2021-10-08 08:44:21', 1),
(28, 'DRS170', 24, NULL, 1000, '19.00', 1, '21.00', '8ff4c6558af1b4', NULL, NULL, NULL, NULL, NULL, NULL, '2021-10-08 08:38:26', '2021-10-08 08:45:20', 1),
(29, 'NM456', 25, NULL, 1000, '15.00', 1, '19.00', 'be2da5b7d35c35', NULL, NULL, NULL, NULL, NULL, NULL, '2021-10-08 08:38:34', '2021-10-08 08:46:23', 1),
(30, 'NM457', 26, NULL, 1990, '10.00', 1, '14.00', '030dc287eb9cb4', NULL, NULL, NULL, NULL, NULL, NULL, '2021-10-08 08:38:34', '2021-10-08 08:47:11', 1),
(31, 'NM458', 27, NULL, 1999, '18.00', 1, '22.00', '994b36f62a1f2a', NULL, NULL, NULL, NULL, NULL, NULL, '2021-10-08 08:38:34', '2021-10-08 09:22:53', 1),
(32, 'NM459', 28, NULL, 1890, '17.00', 1, '20.00', '6e2ec67bbe43d7', NULL, NULL, NULL, NULL, NULL, NULL, '2021-10-08 08:38:34', '2021-10-08 09:31:03', 1),
(33, 'KL135', 29, NULL, 2890, '10.00', 1, '14.00', 'd88a4e14b93a39', NULL, NULL, NULL, NULL, NULL, NULL, '2021-10-08 08:40:58', '2021-10-08 08:51:01', 1),
(34, 'KL136', 30, NULL, 1900, '10.00', 1, '13.00', '20198439d33e25', NULL, NULL, NULL, NULL, NULL, NULL, '2021-10-08 08:40:58', '2021-10-08 08:51:55', 1),
(35, 'AMS123', 31, NULL, 1000, '16.00', 1, '22.00', 'd3ae0618c764d8', NULL, NULL, NULL, NULL, NULL, NULL, '2021-10-08 08:42:52', '2021-10-08 08:52:49', 1),
(36, 'AMS124', 32, NULL, 1999, '16.00', 1, '20.00', 'b3881a76bde2f0', NULL, NULL, NULL, NULL, NULL, NULL, '2021-10-08 08:42:52', '2021-10-08 09:19:42', 1),
(37, 'AMS125', 33, NULL, 1880, '17.00', 1, '20.00', '839c4264995dff', NULL, NULL, NULL, NULL, NULL, NULL, '2021-10-08 08:42:52', '2021-10-08 09:09:47', 1),
(38, 'AMS126', 34, NULL, 1990, '10.00', 1, '12.00', 'd4c3f918c0dc48', NULL, NULL, NULL, NULL, NULL, NULL, '2021-10-08 08:42:52', '2021-10-08 09:10:54', 1),
(39, 'CA221', 35, NULL, 1990, '10.00', 1, '13.00', '9dc057bd4f1d6b', NULL, NULL, NULL, NULL, NULL, NULL, '2021-10-08 08:43:03', '2021-10-08 09:14:57', 1),
(40, 'CA222', 36, NULL, 1900, '10.00', 1, '12.00', 'eec08f0d1d5438', NULL, NULL, NULL, NULL, NULL, NULL, '2021-10-08 08:43:03', '2021-10-08 09:14:01', 1),
(41, 'CA223', 37, NULL, 1990, '19.00', 1, '22.00', '4f046baf562606', NULL, NULL, NULL, NULL, NULL, NULL, '2021-10-08 08:43:03', '2021-10-08 09:13:12', 1),
(42, 'CA224', 38, NULL, 1999, '19.00', 1, '22.00', '6736bfbc3d2c70', NULL, NULL, NULL, NULL, NULL, NULL, '2021-10-08 08:43:03', '2021-10-08 09:08:45', 1),
(43, 'FR321', 39, NULL, 999, '17.00', 1, '20.00', 'a5a8726992c188', NULL, NULL, NULL, NULL, NULL, NULL, '2021-10-08 08:45:55', '2021-10-08 09:06:13', 1),
(44, 'FR322', 40, NULL, 1888, '18.00', 1, '22.00', '6c5553c4208f83', NULL, NULL, NULL, NULL, NULL, NULL, '2021-10-08 08:45:55', '2021-10-08 09:20:35', 1),
(45, 'FR323', 41, NULL, 1000, '19.00', 1, '22.00', '7b48fcab82ba79', NULL, NULL, NULL, NULL, NULL, NULL, '2021-10-08 08:45:55', '2021-10-08 09:01:18', 1),
(46, 'FR324', 42, NULL, 1000, '19.00', 1, '22.00', '318711d69b96a1', NULL, NULL, NULL, NULL, NULL, NULL, '2021-10-08 08:45:55', '2021-10-08 08:59:43', 1),
(47, 'OP111', 43, NULL, 1990, '18.00', 1, '21.00', 'f05bf2ad0df0ef', NULL, NULL, NULL, NULL, NULL, NULL, '2021-10-08 08:48:34', '2021-10-08 09:21:13', 1),
(48, 'OP112', 44, NULL, 2002, '10.00', 1, '15.00', 'd1f0d448e56c6e', NULL, NULL, NULL, NULL, NULL, NULL, '2021-10-08 08:48:34', '2021-10-08 08:54:16', 1),
(49, 'AD123', 45, NULL, 1000, '19.00', 1, '21.00', '0a430bb8e1ad13', NULL, NULL, NULL, NULL, NULL, NULL, '2021-10-08 09:12:42', '2021-10-08 09:17:20', 1),
(50, 'AD124', 46, NULL, 2990, '10.00', 1, '12.00', '33ec9a0f626584', NULL, NULL, NULL, NULL, NULL, NULL, '2021-10-08 09:12:42', '2021-10-08 09:19:04', 1);

-- --------------------------------------------------------

--
-- Dumping data for table `product_variant_sets`
--

INSERT INTO `product_variant_sets` (`id`, `product_id`, `product_variant_id`, `variant_type_id`, `variant_option_id`, `created_at`, `updated_at`) VALUES
(1, 1, 2, 1, 1, NULL, NULL),
(2, 1, 2, 2, 5, NULL, NULL),
(3, 1, 3, 1, 1, NULL, NULL),
(4, 1, 3, 2, 6, NULL, NULL),
(5, 1, 3, 1, 1, NULL, NULL),
(6, 1, 3, 2, 6, NULL, NULL),
(7, 1, 4, 1, 7, NULL, NULL),
(8, 1, 4, 2, 5, NULL, NULL),
(9, 1, 5, 1, 7, NULL, NULL),
(10, 1, 5, 2, 6, NULL, NULL);


-- --------------------------------------------------------


--
-- Dumping data for table `variant_option_translations`
--


INSERT INTO `variant_option_translations` (`id`, `title`, `variant_option_id`, `language_id`, `created_at`, `updated_at`) VALUES
(1, 'Small', 1, 1, NULL, '2021-10-04 15:45:43'),
(2, 'White', 2, 1, NULL, '2021-10-04 15:45:43'),
(3, 'Black', 3, 1, NULL, '2021-10-04 15:45:43'),
(4, 'Grey', 4, 1, NULL, '2021-10-04 15:45:43'),
(5, 'Medium', 5, 1, NULL, '2021-10-04 15:45:43'),
(6, 'Large', 6, 1, NULL, '2021-10-04 15:45:43'),
(7, 'IPhone', 7, 1, NULL, '2021-10-04 15:45:43'),
(8, 'Samsung', 8, 1, NULL, '2021-10-04 15:45:43'),
(9, 'Xiaomi', 9, 1, NULL, '2021-10-04 15:45:43');

-- --------------------------------------------------------


--
-- Dumping data for table `variant_translations`
--


INSERT INTO `variant_translations` (`id`, `title`, `variant_id`, `language_id`, `created_at`, `updated_at`) VALUES
(1, 'Size', 1, 1, NULL, '2021-10-04 15:45:43'),
(2, 'Color', 2, 1, NULL, '2021-10-04 15:45:43'),
(3, 'Phones', 3, 1, NULL, '2021-10-04 15:45:43');


-- --------------------------------------------------------

--
-- Dumping data for table `vendor_categories`
--

INSERT INTO `vendor_categories` (`id`, `vendor_id`, `category_id`, `status`, `created_at`, `updated_at`) VALUES
(1, 2, 15, 1, '2021-09-29 11:54:39', '2021-09-29 11:54:39'),
(2, 2, 16, 1, '2021-09-29 11:54:39', '2021-09-29 11:54:39'),
(3, 2, 17, 1, '2021-09-29 11:54:40', '2021-09-29 11:54:40'),
(4, 2, 18, 1, '2021-09-29 11:54:41', '2021-09-29 11:54:41'),
(5, 2, 14, 1, '2021-09-29 11:54:41', '2021-09-29 11:54:41'),
(6, 2, 19, 1, '2021-10-08 08:38:21', '2021-10-08 08:38:21'),
(7, 2, 20, 1, '2021-10-08 08:38:21', '2021-10-08 08:38:21'),
(8, 2, 21, 1, '2021-10-08 08:38:22', '2021-10-08 08:38:22');
-- --------------------------------------------------------


INSERT INTO `banners` (`id`, `name`, `description`, `image`, `validity_on`, `sorting`, `status`, `start_date_time`, `end_date_time`, `redirect_category_id`, `redirect_vendor_id`, `link`, `created_at`, `updated_at`, `image_mobile`) VALUES
(4, 'Continental', NULL, 'banner/fM5TlTbnutPR7u4pfg5L30LQYlachfhCjIvOHiQu.png', 1, 1, 1, '2021-10-05 17:46:00', '2025-12-31 12:00:00', 14, NULL, 'category', '2021-10-05 12:16:54', '2021-10-11 10:10:46', 'banner/FcIQ8uFPhLC2MR544ptHWrshKhU2RMpIb94kUnUz.png'),
(5, 'Salad', NULL, 'banner/2QvL8oecRrfR2uoURR0HfractaWHIPrTk0dOQE6U.png', 1, 3, 1, '2021-10-05 17:48:00', '2025-12-31 12:00:00', 17, NULL, 'category', '2021-10-05 12:18:42', '2021-10-11 10:30:29', 'banner/YcFQUvjkr6l1Bif1HxF49U2J7qirVx7yyv3em7g7.png'),
(6, 'Italian', NULL, 'banner/pRWVx8LhTYrGb3fK0fcOv1lHNlovjCxgk48piwwn.png', 1, 2, 1, '2021-10-05 17:50:00', '2025-12-31 12:00:00', 15, NULL, 'category', '2021-10-05 12:21:57', '2021-10-11 10:11:12', 'banner/wPww1rOhkV6bcC4W7X0oTLHKNnoVHDIzz99ogEkJ.png');


INSERT INTO `mobile_banners` (`id`, `name`, `description`, `image`, `validity_on`, `sorting`, `status`, `start_date_time`, `end_date_time`, `redirect_category_id`, `redirect_vendor_id`, `link`, `created_at`, `updated_at`) VALUES
(4, 'Mcdonald\'s', NULL, 'banner/3IlAMNHnqsfQQWv369O9MWXUdRhWJtWb8BIcsgu1.png', 1, 1, 1, '2021-10-05 17:46:00', '2025-12-31 12:00:00', 14, NULL, 'category', '2021-10-05 12:16:54', '2021-11-15 09:29:11'),
(5, 'KFC', NULL, 'banner/LLB8jrDaij3EKyn2JrbwjO94mUFAXTC3JdqK4BB1.png', 1, 3, 1, '2021-10-05 17:48:00', '2025-12-31 12:00:00', 17, NULL, 'category', '2021-10-05 12:18:42', '2021-11-15 09:30:33'),
(6, 'Domino\'s', NULL, 'banner/UnuFZLbn3URi6LuOomcmQpyM71xAHDbROPvW4JJP.png', 1, 2, 1, '2021-10-05 17:50:00', '2025-12-31 12:00:00', 15, NULL, 'category', '2021-10-05 12:21:57', '2021-11-15 09:29:45');



INSERT INTO `cab_booking_layouts` (`id`, `title`, `slug`, `order_by`, `is_active`, `created_at`, `updated_at`) VALUES
(1, 'Vendors', 'vendors', 1, 0, NULL, '2021-10-04 15:14:43'),
(2, 'Featured Products', 'featured_products', 2, 1, NULL, NULL),
(3, 'New Products', 'new_products', 3, 1, NULL, NULL),
(4, 'On Sale', 'on_sale', 4, 1, NULL, NULL),
(5, 'Best Sellers', 'best_sellers', 5, 1, NULL, NULL),
(6, 'Brands', 'brands', 6, 0, NULL, '2021-10-05 10:48:16');


INSERT INTO `cab_booking_layout_transaltions` (`id`, `title`, `cab_booking_layout_id`, `language_id`, `created_at`, `updated_at`, `body_html`) VALUES
(1, 'Restaurant\'s', 1, 1, '2021-10-04 15:14:43', '2021-10-05 11:43:44', NULL),
(2, 'Top Picks', 2, 1, '2021-10-04 15:14:43', '2021-10-05 11:43:44', NULL),
(3, 'What\'s New', 3, 1, '2021-10-04 15:14:43', '2021-10-05 11:43:44', NULL),
(4, 'Offers New You', 4, 1, '2021-10-04 15:14:43', '2021-10-05 11:43:44', NULL),
(5, 'Premium', 5, 1, '2021-10-04 15:14:43', '2021-10-05 11:43:44', NULL),
(6, 'Top Brands For You', 6, 1, '2021-10-04 15:14:43', '2021-10-05 11:43:44', NULL);


INSERT INTO `app_stylings` (`id`, `name`, `type`, `created_at`, `updated_at`) VALUES
(1, 'Regular Font', 2, NULL, NULL),
(2, 'Medium Font', 2, NULL, NULL),
(3, 'Bold Font', 2, NULL, NULL),
(4, 'Primary Color', 4, NULL, NULL),
(5, 'Secondary Color', 4, NULL, NULL),
(6, 'Tertiary Color', 4, NULL, NULL),
(7, 'Tab Bar Style', 3, NULL, NULL),
(8, 'Home Page Style', 3, NULL, NULL),
(9, 'Home Tag Line', 1, NULL, NULL);



INSERT INTO `app_styling_options` (`id`, `app_styling_id`, `name`, `image`, `is_selected`, `created_at`, `updated_at`, `template_id`) VALUES
(1, 1, 'CircularStd-Book', NULL, 1, NULL, NULL, NULL),
(2, 1, 'SFProText-Regular', NULL, 0, NULL, NULL, NULL),
(3, 1, 'Futura-Normal', NULL, 0, NULL, NULL, NULL),
(4, 1, 'Eina02-Regular', NULL, 0, NULL, NULL, NULL),
(5, 2, 'CircularStd-Medium', NULL, 1, NULL, NULL, NULL),
(6, 2, 'SFProText-Medium', NULL, 0, NULL, NULL, NULL),
(7, 2, 'Futura-Medium', NULL, 0, NULL, NULL, NULL),
(8, 2, 'Eina02-SemiBold', NULL, 0, NULL, NULL, NULL),
(9, 3, 'CircularStd-Bold', NULL, 1, NULL, NULL, NULL),
(10, 3, 'SFProText-Bold', NULL, 0, NULL, NULL, NULL),
(11, 3, 'FuturaBT-Heavy', NULL, 0, NULL, NULL, NULL),
(12, 3, 'Eina02-Bold', NULL, 0, NULL, NULL, NULL),
(13, 4, '#FF7676', NULL, 1, NULL, '2021-10-05 13:27:43', NULL),
(14, 5, '#fff', NULL, 1, NULL, NULL, NULL),
(15, 6, '#fff', NULL, 1, NULL, NULL, NULL),
(16, 7, 'Tab 1', 'bar.png', 0, NULL, '2021-10-05 11:22:10', 1),
(17, 7, 'Tab 2', 'bar_two.png', 0, NULL, '2021-10-05 11:22:10', 2),
(18, 7, 'Tab 3', 'bar_three.png', 0, NULL, '2021-10-05 11:22:10', 3),
(19, 7, 'Tab 4', 'bar_four.png', 1, NULL, '2021-10-05 11:22:10', 4),
(20, 7, 'Tab 5', 'bar_five.png', 0, NULL, '2021-10-05 11:22:10', 5),
(21, 8, 'Home Page 1', 'home.png', 0, NULL, '2021-10-06 08:42:04', 1),
(22, 8, 'Home Page 4', 'home_four.png', 0, NULL, '2021-10-06 08:42:04', 2),
(23, 8, 'Home Page 5', 'home_five.png', 1, NULL, '2021-10-06 08:42:04', 3),
(24, 9, 'Create a free account and join us!', NULL, 1, NULL, NULL, NULL),
(25, 8, 'Home Page 6', 'home_six.png', 0, '2021-10-12 14:10:13', '2021-10-12 14:10:13', 4);



INSERT INTO `loyalty_cards` (`id`, `name`, `description`, `image`, `minimum_points`, `per_order_minimum_amount`, `per_order_points`, `per_purchase_minimum_amount`, `amount_per_loyalty_point`, `redeem_points_per_primary_currency`, `status`, `created_at`, `updated_at`, `loyalty_check`) VALUES
(1, 'Gold Plan', 'Gold Loyalty Card', '2f3120/loyalty/image/im5953PjFoo5xub5X4JKes2yV2CwnoAaBiy8ACh1.png', 400, NULL, 5, NULL, 10, 10, '0', '2021-11-16 05:03:53', '2021-11-16 05:15:49', '0'),
(2, 'Silver Plan', 'Silver Loyalty Card', '2f3120/loyalty/image/EAJdZtUl3sjzDLyvZfAjadapVc1S3eAQBSAqvjbr.png', 600, NULL, 8, NULL, 14, 10, '0', '2021-11-16 05:04:29', '2021-11-16 05:15:49', '0'),
(3, 'Platinum Plan', 'Platinum Loyalty Card', '2f3120/loyalty/image/rHwJcu9Q1NWp7TXnANRWoBOhdlWBPVbrBZgS2w1g.png', 800, NULL, 10, NULL, 20, 10, '0', '2021-11-16 05:07:24', '2021-11-16 05:15:49', '0');


UPDATE `client_preferences` SET `business_type` = 'food_grocery_ecommerce' , `is_hyperlocal` = 0 WHERE `client_preferences`.`id` = 1;


INSERT INTO `service_areas` (`id`, `name`, `description`, `geo_array`, `zoom_level`, `polygon`, `vendor_id`, `created_at`, `updated_at`) VALUES
(1, 'Chandigarh', 'Chandigarh', '(30.65751640747829, 76.75317203509763),(30.68881703092044, 76.64502536761717),(30.76200903339402, 76.63506900775388),(30.79357067299027, 76.66528141009763),(30.80005869848639, 76.7239896010156),(30.793275752335877, 76.78166782367185),(30.740765467752897, 76.86406528460935),(30.709776869764205, 76.8884412001367),(30.66076505697709, 76.84415256488279)', 12, 0x000000000103000000010000000a000000e2b3cafe52a83e4064c07af8333053402abb1c5056b03e4064c07a184829534013af250613c33e4064c07af8a4285340d48e977227cb3e4064c07af8932a53401ee198a5d0cc3e4064c07ad8552e53400dfea41e14cb3e4064c07ad8063253403d0142cea2bd3e4064c07ad84c3753403218dbefb3b53e4064c07a38dc385340620e16e627a93e4064c07a9806365340e2b3cafe52a83e4064c07af833305340, 2, '2022-01-20 12:26:36', '2022-01-20 12:26:36');

UPDATE `clients` SET `logo` = 'Clientlogo/61e9536f98866.png' WHERE  1;

INSERT INTO `tags` (`id`, `created_at`, `updated_at`, `icon`) VALUES
(1, '2022-01-20 13:20:43', '2022-01-20 13:20:43', 'd2cca0/tags/gFiqCC4la4MBJEgIIi7qtJxZttO7bVyfkwOccOcN.png'),
(2, '2022-01-20 13:20:56', '2022-01-20 13:20:56', 'd2cca0/tags/HQ0pVZYjRU0dW6Hc8794D8DWjN3Ltvfp51KDybsW.png');

INSERT INTO `tag_translations` (`id`, `name`, `slug`, `language_id`, `tag_id`, `created_at`, `updated_at`) VALUES
(1, 'Veg', 'veg', 1, 1, '2022-01-20 13:20:43', '2022-01-20 13:20:43'),
(2, 'Non-Veg', 'non-veg', 1, 2, '2022-01-20 13:20:56', '2022-01-20 13:20:56');


INSERT INTO `product_tags` (`product_id`, `tag_id`, `created_at`, `updated_at`) VALUES
(2, 1, NULL, NULL),
(3, 1, NULL, NULL),
(4, 1, NULL, NULL),
(6, 1, NULL, NULL),
(7, 1, NULL, NULL),
(8, 1, NULL, NULL),
(10, 2, NULL, NULL),
(11, 1, NULL, NULL),
(12, 1, NULL, NULL),
(18, 1, NULL, NULL),
(20, 1, NULL, NULL),
(21, 2, NULL, NULL),
(22, 1, NULL, NULL),
(23, 1, NULL, NULL),
(24, 2, NULL, NULL),
(25, 1, NULL, NULL),
(26, 1, NULL, NULL),
(27, 1, NULL, NULL),
(32, 1, NULL, NULL),
(28, 1, NULL, NULL),
(31, 1, NULL, NULL),
(33, 1, NULL, NULL),
(34, 1, NULL, NULL),
(35, 2, NULL, NULL),
(36, 1, NULL, NULL),
(37, 2, NULL, NULL),
(38, 1, NULL, NULL),
(39, 1, NULL, NULL),
(40, 2, NULL, NULL),
(41, 2, NULL, NULL),
(42, 2, NULL, NULL),
(43, 1, NULL, NULL),
(45, 1, NULL, NULL),
(46, 1, NULL, NULL);