-- phpMyAdmin SQL Dump
-- version 5.1.0
-- https://www.phpmyadmin.net/
--
-- Host: 127.0.0.1
-- Generation Time: Oct 11, 2021 at 02:24 PM
-- Server version: 10.4.19-MariaDB
-- PHP Version: 7.4.19


-- --------------------------------------------------------

--
-- Dumping data for table `vendors`
--

INSERT INTO `vendors` (`id`, `name`, `slug`, `desc`, `logo`, `banner`, `address`, `email`, `website`, `phone_no`, `latitude`, `longitude`, `order_min_amount`, `order_pre_time`, `auto_reject_time`, `commission_percent`, `commission_fixed_per_order`, `commission_monthly`, `dine_in`, `takeaway`, `delivery`, `status`, `add_category`, `setting`, `is_show_vendor_details`, `created_at`, `updated_at`, `show_slot`, `vendor_templete_id`, `auto_accept_order`) VALUES
(1, 'Suel Ecomm.', 'suel-ecomm', NULL, 'vendor/Ei0p6khSDs9dAXjOay5H4GJXNc5RbSjOSRJ2RHDY.png', 'vendor/NusNnyhuu0lQYG7uWu953vVZSdcPs0lgyzdvNkex.jpg', 'Sector 22, Chandigarh, India', 'suel321@yopmail.com', NULL, '8525741596', '30.732038500000', '76.772633400000', '0.00', NULL, NULL, 1, '0.00', '0.00', 1, 1, 1, 1, 1, 0, 0, NULL, '2021-11-15 09:57:16', 1, 5, 0);

--
-- Dumping data for table `addon_sets`
--

INSERT INTO `addon_sets` (`id`, `title`, `min_select`, `max_select`, `position`, `status`, `is_core`, `vendor_id`, `created_at`, `updated_at`) VALUES
(1, 'Small Parcels', 1, 1, 1, 1, 1, NULL, NULL, NULL),
(2, 'Asus Zenbook', 1, 1, 1, 1, 1, 1, '2021-10-08 14:22:45', '2021-10-08 14:22:45'),
(3, 'Macbook', 1, 1, 1, 1, 1, 1, '2021-10-08 14:27:06', '2021-10-08 14:27:06'),
(4, 'Hp Pavilion', 1, 1, 1, 1, 1, 1, '2021-10-08 14:29:25', '2021-10-08 14:29:25'),
(5, 'Dell Inspiron 14', 1, 1, 1, 1, 1, 1, '2021-10-08 14:31:46', '2021-10-08 14:31:46'),
(6, 'OnePlus 9', 1, 1, 1, 1, 1, 1, '2021-10-08 14:34:14', '2021-10-08 14:34:14'),
(7, 'OnePlus 9R', 1, 1, 1, 1, 1, 1, '2021-10-08 14:36:55', '2021-10-08 14:36:55'),
(8, 'Iphone 12 Pro', 1, 1, 1, 1, 1, 1, '2021-10-08 14:38:21', '2021-10-08 14:38:21'),
(9, 'Redmi Note 10 Pro', 1, 1, 1, 1, 1, 1, '2021-10-11 07:04:29', '2021-10-11 07:04:29'),
(10, 'Vitamin B-12', 1, 1, 1, 1, 1, 1, '2021-10-11 07:05:33', '2021-10-11 07:05:33'),
(11, 'Folic B9', 1, 1, 1, 1, 1, 1, '2021-10-11 07:06:24', '2021-10-11 07:06:24'),
(12, 'Vitamin C + Zinc', 1, 1, 1, 1, 1, 1, '2021-10-11 07:07:03', '2021-10-11 07:07:03'),
(13, 'Casein Protein', 1, 1, 1, 1, 1, 1, '2021-10-11 07:08:03', '2021-10-11 07:08:03'),
(14, 'Hemp Protein', 1, 1, 1, 1, 1, 1, '2021-10-11 07:09:06', '2021-10-11 07:09:06'),
(15, 'Brown Rice Protein', 1, 1, 1, 1, 1, 1, '2021-10-11 07:10:07', '2021-10-11 07:10:07'),
(16, 'Thermometers', 1, 1, 1, 1, 1, 1, '2021-10-11 07:11:03', '2021-10-11 07:11:03'),
(17, 'Pulse Oximeter', 1, 1, 1, 1, 1, 1, '2021-10-11 07:12:39', '2021-10-11 07:12:39'),
(18, 'Breathe Free Vaporizer', 1, 1, 1, 1, 1, 1, '2021-10-11 07:13:23', '2021-10-11 07:13:23'),
(19, 'Sunglasses', 1, 1, 1, 1, 1, 1, '2021-10-11 07:17:37', '2021-10-11 07:17:37'),
(20, 'Watch', 1, 1, 1, 1, 1, 1, '2021-10-11 07:18:36', '2021-10-11 07:18:36'),
(21, 'Jackets', 1, 1, 1, 1, 1, 1, '2021-10-11 07:19:46', '2021-10-11 07:19:46'),
(22, 'Coats', 1, 1, 1, 1, 1, 1, '2021-10-11 07:20:28', '2021-10-11 07:20:28'),
(23, 'Denim', 1, 1, 1, 1, 1, 1, '2021-10-11 07:21:38', '2021-10-11 07:21:38'),
(24, 'Printed Dresses', 1, 1, 1, 1, 1, 1, '2021-10-11 07:22:47', '2021-10-11 07:22:47'),
(25, 'Solids', 1, 1, 1, 1, 1, 1, '2021-10-11 07:23:33', '2021-10-11 07:23:33'),
(26, 'Partywear', 1, 1, 1, 1, 1, 1, '2021-10-11 07:24:07', '2021-10-11 07:24:17'),
(27, 'Denim', 1, 1, 1, 1, 1, 1, '2021-10-11 07:25:05', '2021-10-11 07:25:05'),
(28, 'Fluffy Jackets', 1, 1, 1, 1, 1, 1, '2021-10-11 07:25:54', '2021-10-11 07:25:54'),
(29, 'Margherita pizza', 1, 1, 1, 1, 1, 1, '2021-10-11 07:27:31', '2021-10-11 07:27:31'),
(30, 'Mushroom Risotto', 1, 1, 1, 1, 1, 1, '2021-10-11 07:28:04', '2021-10-11 07:28:04'),
(31, 'Focaccia Bread', 1, 1, 1, 1, 1, 1, '2021-10-11 07:28:56', '2021-10-11 07:29:36'),
(32, 'Bruschetta', 1, 1, 1, 1, 1, 1, '2021-10-11 07:30:13', '2021-10-11 07:30:13'),
(33, 'Dim Sums', 1, 1, 1, 1, 1, 1, '2021-10-11 07:35:03', '2021-10-11 07:35:03'),
(34, 'Hot and Sour Soup', 1, 1, 1, 1, 1, 1, '2021-10-11 07:39:06', '2021-10-11 07:39:06'),
(35, 'Spring Rolls', 1, 1, 1, 1, 1, 1, '2021-10-11 07:45:35', '2021-10-11 07:45:35'),
(36, 'Spring Rolls', 1, 1, 1, 1, 1, 1, '2021-10-11 07:45:40', '2021-10-11 07:45:40'),
(37, 'Quick Noodles', 1, 1, 1, 1, 1, 1, '2021-10-11 07:47:03', '2021-10-11 07:47:03'),
(38, 'Cow Full Fat Milk', 1, 1, 1, 1, 1, 1, '2021-10-11 07:48:21', '2021-10-11 07:48:21'),
(39, 'Brown Bread', 1, 1, 1, 1, 1, 1, '2021-10-11 07:49:43', '2021-10-11 07:49:43'),
(40, 'Eggs', 1, 1, 1, 1, 1, 1, '2021-10-11 07:51:24', '2021-10-11 07:51:24'),
(41, 'Cheese', 1, 1, 1, 1, 1, 1, '2021-10-11 08:33:55', '2021-10-11 08:33:55'),
(42, 'Choco lava cake', 1, 1, 1, 1, 1, 1, '2021-10-11 08:35:09', '2021-10-11 08:35:09'),
(43, 'Black Forest', 1, 1, 1, 1, 1, 1, '2021-10-11 08:36:46', '2021-10-11 08:36:46'),
(44, 'Blueberry Muffins', 1, 1, 1, 1, 1, 1, '2021-10-11 08:37:48', '2021-10-11 08:37:48'),
(45, 'Broccoli', 1, 1, 1, 1, 1, 1, '2021-10-11 08:39:26', '2021-10-11 08:39:26'),
(46, 'Potato', 1, 1, 1, 1, 1, 1, '2021-10-11 08:40:36', '2021-10-11 08:40:36'),
(47, 'Carrot', 1, 1, 1, 1, 1, 1, '2021-10-11 08:44:53', '2021-10-11 08:44:53'),
(48, 'Apple', 1, 1, 1, 1, 1, 1, '2021-10-11 08:45:46', '2021-10-11 08:45:46'),
(49, 'Mango', 1, 1, 1, 1, 1, 1, '2021-10-11 08:47:10', '2021-10-11 08:47:10'),
(50, 'Banana', 1, 1, 1, 1, 1, 1, '2021-10-11 08:49:26', '2021-10-11 08:49:26'),
(51, 'Papaya', 1, 1, 1, 1, 1, 1, '2021-10-11 08:50:36', '2021-10-11 08:50:36'),
(52, 'Tea & Coffee', 1, 1, 1, 1, 1, 1, '2021-10-11 08:52:04', '2021-10-11 08:52:04'),
(53, 'Health Drinks', 1, 1, 1, 1, 1, 1, '2021-10-11 08:57:59', '2021-10-11 08:57:59'),
(54, 'Cold Drinks', 1, 1, 1, 1, 1, 1, '2021-10-11 09:02:42', '2021-10-11 09:02:42'),
(55, 'Water Soda', 1, 1, 1, 1, 1, 1, '2021-10-11 09:04:02', '2021-10-11 09:04:02'),
(56, 'Baby Soaps', 1, 1, 1, 1, 1, 1, '2021-10-11 09:05:27', '2021-10-11 09:05:27'),
(57, 'Baby Oil', 1, 1, 1, 1, 1, 1, '2021-10-11 09:08:00', '2021-10-11 09:08:00'),
(58, 'Baby Food', 1, 1, 1, 1, 1, 1, '2021-10-11 09:10:06', '2021-10-11 09:10:06'),
(59, 'Baby Wipes', 1, 1, 1, 1, 1, 1, '2021-10-11 09:11:26', '2021-10-11 09:11:26'),
(60, 'Stethoscope', 1, 1, 1, 1, 1, 1, '2021-10-11 09:12:35', '2021-10-11 09:12:35'),
(61, 'Blood Pressure Monitor', 1, 1, 1, 1, 1, 1, '2021-10-11 09:21:21', '2021-10-11 09:21:21'),
(62, 'Samsung Galaxy S7', 1, 1, 1, 1, 1, 1, '2021-10-11 09:22:56', '2021-10-11 09:22:56'),
(63, 'Lenovo Z2 Plus', 1, 1, 1, 1, 1, 1, '2021-10-11 09:24:56', '2021-10-11 09:24:56'),
(64, 'Macbook Air', 1, 1, 1, 1, 1, 1, '2021-10-11 09:36:33', '2021-10-11 09:36:33'),
(65, 'Dell XPS 13', 1, 1, 1, 1, 1, 1, '2021-10-11 09:39:36', '2021-10-11 09:39:36'),
(66, 'Baby shampoos', 1, 1, 1, 1, 1, 1, '2021-10-11 09:42:19', '2021-10-11 09:42:19'),
(67, 'Honey Badger Blitz', 1, 1, 1, 1, 1, 1, '2021-10-11 09:44:30', '2021-10-11 09:44:30'),
(68, 'Oranges', 1, 1, 1, 1, 1, 1, '2021-10-11 09:46:55', '2021-10-11 09:46:55'),
(69, 'Onion', 1, 1, 1, 1, 1, 1, '2021-10-11 09:48:20', '2021-10-11 09:48:20'),
(70, 'Tomato', 1, 1, 1, 1, 1, 1, '2021-10-11 09:49:16', '2021-10-11 09:49:16');


--
-- Dumping data for table `categories`
--

INSERT INTO `categories` (`id`, `icon`, `slug`, `type_id`, `image`, `is_visible`, `status`, `position`, `is_core`, `can_add_products`, `parent_id`, `vendor_id`, `client_code`, `display_mode`, `warning_page_id`, `template_type_id`, `warning_page_design`, `created_at`, `updated_at`, `deleted_at`, `show_wishlist`) VALUES
(1, NULL, 'Root', 3, NULL, 0, 1, 1, 1, 0, NULL, NULL, NULL, '1', NULL, NULL, NULL, NULL, NULL, NULL, 1),
(2, NULL, 'Delivery', 1, NULL, 1, 1, 1, 1, 1, 1, NULL, NULL, '1', NULL, NULL, NULL, NULL, '2021-09-30 12:14:04', '2021-09-30 12:14:04', 1),
(3, '638bd1/category/icon/Q3CD0HKdxySFdNOQ2sipvugag79iaArfWvuuBIIn.png', 'Restaurant', 6, 'category/image/v2gIaEOcbflanQYRbD2du29HYe50kpXqCQpnNaKJ.jpg', 0, 1, 1, 1, 0, 1, NULL, NULL, NULL, NULL, NULL, '0', NULL, '2021-11-15 09:55:41', NULL, 1),
(4, '638bd1/category/icon/So9D23ZUIjcHommaQca4KyCfpUmNckNfsDhDayaF.png', 'Supermarket', 6, 'category/image/1kryfhJ2ojvxlRQsd5jxPZpMRKnaGGawdOpwt6La.jpg', 1, 1, 1, 1, 0, 1, NULL, NULL, NULL, NULL, NULL, '0', NULL, '2021-11-15 09:54:28', NULL, 1),
(5, 'category/icon/SySifmcJWFTQK5E6lJDtdEyxhCSulqOlIfm3fhtb.png', 'Pharmacy', 6, 'category/image/qM1Y5agY3uvN6S9AQJqcDGKb4yPTzu5qbgl8U3w4.jpg', 1, 1, 1, 1, 0, 1, NULL, NULL, NULL, NULL, NULL, '0', NULL, '2021-11-15 09:55:28', NULL, 1),
(6, NULL, 'Send something', 1, NULL, 1, 1, 1, 1, 1, 2, NULL, NULL, '1', NULL, NULL, NULL, NULL, '2021-09-30 12:14:04', '2021-09-30 12:14:04', 1),
(7, NULL, 'Buy something', 1, NULL, 1, 1, 1, 1, 1, 2, NULL, NULL, '1', NULL, NULL, NULL, NULL, '2021-09-30 12:14:04', '2021-09-30 12:14:04', 1),
(8, 'category/icon/HUG4maccdDrSiVE7wuxlw2jd7uiEVDU3c9golI2T.png', 'Vegetables', 1, 'category/image/6CndOJpmHqmjVlM7ZXMCzjg07AVV4JGEDXqBcuAt.jpg', 1, 1, 1, 1, 1, 4, NULL, NULL, NULL, NULL, NULL, '0', NULL, '2021-10-02 17:23:50', NULL, 1),
(9, 'category/icon/1fImk308EekCMR25UwnJcGprg4pQIZn3SKRSw86I.png', 'Fruits', 1, 'category/image/JiG5ACCfMaW6LhF8DaDxNqmzPEfeI9ymoo1zGkgI.jpg', 1, 1, 1, 1, 1, 4, NULL, NULL, NULL, NULL, NULL, '0', NULL, '2021-10-02 17:20:23', NULL, 1),
(10, 'category/icon/rdQv6YKgkYDQff1K3QbqWbFVd2ULBzSTtNRnVnSh.png', 'Dairy and Eggs', 1, 'category/image/9iNXuLvUJWPI9truNs4SApqKkSJSymmKgfIMNqYG.jpg', 1, 1, 1, 1, 1, 4, NULL, NULL, NULL, NULL, NULL, '0', NULL, '2021-10-04 07:02:47', NULL, 1),
(11, NULL, 'E-Commerce', 1, NULL, 1, 1, 1, 1, 1, 1, NULL, NULL, '1', NULL, NULL, NULL, NULL, '2021-09-30 12:14:15', '2021-09-30 12:14:15', 1),
(12, '638bd1/category/icon/XglUIFcRQbxtV59VvGzZXlPCvSCPcSijhp29yuIo.png', 'fashion', 6, 'category/image/ytahP3qu7SaHFXUemYa5p7cKQ2kTN8v5bKLLtgYw.jpg', 1, 1, 1, 1, 0, 1, NULL, NULL, NULL, NULL, NULL, '0', NULL, '2021-11-15 09:55:51', NULL, 1),
(13, NULL, 'Dispatcher', 1, NULL, 1, 1, 1, 1, 1, 1, NULL, NULL, '1', NULL, NULL, NULL, NULL, '2021-09-30 12:15:17', '2021-09-30 12:15:17', 1),
(14, 'category/icon/Kpw6YyhDvPBbLbVp1o2PGzGjy4gEfVHjm14sNa7Q.png', 'beverages', 1, 'category/image/xy6cRM9XY9x0DaePseEPLWdTuw2ckY2hggPwgrJp.jpg', 1, 1, 1, 1, 1, 4, NULL, NULL, NULL, NULL, NULL, '0', '2021-09-30 12:19:38', '2021-10-02 17:28:22', NULL, 1),
(15, 'category/icon/UJfo1ng82sCioFky8NG6ZrmzfwPaFxQSWnWWQ2ze.png', 'Baby Products', 1, 'category/image/Vms0Ztnux9a7sEqjUgcapEPFJvTWzzyG1ysKLNcf.jpg', 1, 1, 1, 1, 1, 4, NULL, NULL, NULL, NULL, NULL, '0', '2021-09-30 12:20:26', '2021-10-02 17:17:31', NULL, 1),
(16, 'category/icon/LiM4bUqo66DwF47hr5HjI4BYOUPMLAeWGknAvAXb.png', 'italian', 1, 'category/image/leYDMTH4cGbVjWH9Prpq56Ixcei38ROkG9BdLrqq.jpg', 1, 1, 1, 1, 1, 3, NULL, NULL, NULL, NULL, NULL, '0', '2021-09-30 12:22:04', '2021-10-02 17:50:03', NULL, 1),
(17, 'category/icon/biuqLrS89OBbfgub6k1JorsTPTRX56Sbm83HskN6.png', 'chinese', 1, 'category/image/yZDAC4iL43plC1JHWDcKSPeT8sHTgGfHKHqMUIPi.jpg', 1, 1, 1, 1, 1, 3, NULL, NULL, NULL, NULL, NULL, '0', '2021-09-30 12:22:36', '2021-10-02 17:49:53', NULL, 1),
(18, 'category/icon/fgoQKnHb8e84sPaW0LDO6Atq91rkRwd9Gj5p0nls.png', 'Fitness & Supplement', 1, 'category/image/mBIT98x2fX9oD5aee2OLNXEUICPm0VVB8DzeVaHQ.jpg', 1, 1, 1, 1, 1, 5, NULL, NULL, NULL, NULL, NULL, '0', '2021-09-30 12:26:40', '2021-10-05 08:36:19', NULL, 1),
(19, 'category/icon/bZR4V4EJOsLiVdo6ZR1TyWPySbedynESq7PTHhrj.png', 'Healthcare Device', 1, 'category/image/4iJKeZ85dX0WPJOniWGqJ1AI9yRfkdrN2MpLoOZ7.jpg', 1, 1, 1, 1, 1, 5, NULL, NULL, NULL, NULL, NULL, '0', '2021-09-30 12:27:06', '2021-10-02 17:41:00', NULL, 1),
(20, 'category/icon/2fa7eig2iF8lJEai9t6shN0Fvun4ah9GookVDT7s.png', 'men', 1, 'category/image/nQ7uCCExBb1fIawiZFpKAk9jJGV4zestp9TI7qlo.jpg', 1, 1, 1, 1, 1, 12, NULL, NULL, NULL, NULL, NULL, '0', '2021-09-30 12:31:04', '2021-10-02 18:01:21', NULL, 1),
(21, 'category/icon/5wndfnAAvs5mma8FNRpX3qKqRx2Gkwf7NQultbyS.png', 'women', 1, 'category/image/o27cL6LOstOhFGOQXcMxgYq7FHFUP6XiFU6UAYl0.jpg', 1, 1, 1, 1, 1, 12, NULL, NULL, NULL, NULL, NULL, '0', '2021-09-30 12:34:11', '2021-10-02 17:59:43', NULL, 1),
(22, '638bd1/category/icon/y62Bks2reqnsFqm6P7jqMAdckcfkm7XiUttnPvjL.png', 'electronics', 6, 'category/image/I8XjJEuEMvJYxj4PMBIAmp86B5uoTIJ7C4v5kuIU.jpg', 1, 1, 1, 1, 0, 1, NULL, NULL, NULL, NULL, NULL, '0', '2021-09-30 12:34:55', '2021-11-15 09:55:35', NULL, 1),
(23, 'category/icon/XnSoZB38rtINGK8kG9ent2L9P3iE2iRjtSxloZky.png', 'mobiles', 1, 'category/image/D579rhU6q7svIGwPJIKtkx6X06bP8nF4z2Wk7iZA.jpg', 1, 1, 1, 1, 1, 22, NULL, NULL, NULL, NULL, NULL, '0', '2021-09-30 12:35:55', '2021-10-05 08:43:32', NULL, 1),
(24, 'category/icon/5PXeTq7fkbjxfSCahETpUJzh1ds9p8IFgXiHuNt4.png', 'laptops', 1, 'category/image/fvsoecQw8G7BpE9lCW4Pq5xS6k5lUBDiaHUIrKBa.jpg', 1, 1, 1, 1, 1, 22, NULL, NULL, NULL, NULL, NULL, '0', '2021-09-30 12:36:16', '2021-10-02 17:44:11', NULL, 1);

--
-- Dumping data for table `addon_options`
--

INSERT INTO `addon_options` (`id`, `title`, `addon_id`, `position`, `price`, `created_at`, `updated_at`) VALUES
(1, 'Small parcel', 1, 1, '100.00', NULL, NULL),
(2, '8 GB', 2, 1, '35000.00', '2021-10-08 14:22:45', '2021-10-08 14:22:45'),
(3, '16 GB', 2, 2, '50000.00', '2021-10-08 14:22:45', '2021-10-08 14:22:45'),
(4, '32 GB', 2, 3, '60000.00', '2021-10-08 14:22:45', '2021-10-08 14:22:45'),
(5, 'Pro 13', 3, 1, '100000.00', '2021-10-08 14:27:06', '2021-10-08 14:27:06'),
(6, 'MacBook Air', 3, 2, '150000.00', '2021-10-08 14:27:06', '2021-10-08 14:27:06'),
(7, 'Mac mini', 3, 3, '120000.00', '2021-10-08 14:27:06', '2021-10-08 14:27:06'),
(8, '8 GB', 4, 1, '50000.00', '2021-10-08 14:29:25', '2021-10-08 14:29:25'),
(9, '16 GB', 4, 2, '60000.00', '2021-10-08 14:29:25', '2021-10-08 14:29:25'),
(10, '32 GB', 4, 3, '70000.00', '2021-10-08 14:29:25', '2021-10-08 14:29:25'),
(11, '8 GB', 5, 1, '40000.00', '2021-10-08 14:31:46', '2021-10-08 14:31:46'),
(12, '16 GB', 5, 2, '50000.00', '2021-10-08 14:31:46', '2021-10-08 14:31:46'),
(13, '32 GB', 5, 3, '70000.00', '2021-10-08 14:31:46', '2021-10-08 14:31:46'),
(14, '2 GB Ram', 6, 1, '20000.00', '2021-10-08 14:34:14', '2021-10-08 14:35:50'),
(15, '3 GB Ram', 6, 2, '22000.00', '2021-10-08 14:34:14', '2021-10-08 14:35:50'),
(16, '4 GB Ram', 6, 3, '25000.00', '2021-10-08 14:34:14', '2021-10-08 14:35:50'),
(17, '2 GB Ram', 7, 1, '12000.00', '2021-10-08 14:36:55', '2021-10-08 14:36:55'),
(18, '4 GB Ram', 7, 2, '14000.00', '2021-10-08 14:36:55', '2021-10-08 14:36:55'),
(19, '6 GB Ram', 7, 3, '16000.00', '2021-10-08 14:36:55', '2021-10-08 14:36:55'),
(20, '4 GB', 8, 1, '60000.00', '2021-10-08 14:38:21', '2021-10-08 14:38:21'),
(21, '6 GB', 8, 2, '70000.00', '2021-10-08 14:38:21', '2021-10-08 14:38:21'),
(22, '8 GB', 8, 3, '80000.00', '2021-10-08 14:38:21', '2021-10-08 14:38:21'),
(23, '8 GB', 9, 1, '1000.00', '2021-10-11 07:04:29', '2021-10-11 07:04:29'),
(24, '16 GB', 9, 2, '1500.00', '2021-10-11 07:04:29', '2021-10-11 07:04:29'),
(25, '32  GB', 9, 3, '1800.00', '2021-10-11 07:04:29', '2021-10-11 07:04:29'),
(26, '1', 10, 1, '10.00', '2021-10-11 07:05:33', '2021-10-11 07:05:33'),
(27, '2', 10, 2, '15.00', '2021-10-11 07:05:33', '2021-10-11 07:05:33'),
(28, '3', 10, 3, '18.00', '2021-10-11 07:05:33', '2021-10-11 07:05:33'),
(29, '1', 11, 1, '12.00', '2021-10-11 07:06:24', '2021-10-11 07:06:24'),
(30, '2', 11, 2, '15.00', '2021-10-11 07:06:24', '2021-10-11 07:06:24'),
(31, '3', 11, 3, '18.00', '2021-10-11 07:06:24', '2021-10-11 07:06:24'),
(32, '4', 11, 4, '20.00', '2021-10-11 07:06:24', '2021-10-11 07:06:24'),
(33, '1', 12, 1, '8.00', '2021-10-11 07:07:03', '2021-10-11 07:07:03'),
(34, '2', 12, 2, '12.00', '2021-10-11 07:07:03', '2021-10-11 07:07:03'),
(35, '3', 12, 3, '14.00', '2021-10-11 07:07:03', '2021-10-11 07:07:03'),
(36, '4', 12, 4, '18.00', '2021-10-11 07:07:03', '2021-10-11 07:07:03'),
(37, '1', 13, 1, '8.00', '2021-10-11 07:08:03', '2021-10-11 07:08:03'),
(38, '2', 13, 2, '14.00', '2021-10-11 07:08:03', '2021-10-11 07:08:03'),
(39, '3', 13, 3, '16.00', '2021-10-11 07:08:03', '2021-10-11 07:08:03'),
(40, '1', 14, 1, '10.00', '2021-10-11 07:09:06', '2021-10-11 07:09:06'),
(41, '2', 14, 2, '12.00', '2021-10-11 07:09:06', '2021-10-11 07:09:06'),
(42, '3', 14, 3, '15.00', '2021-10-11 07:09:06', '2021-10-11 07:09:06'),
(43, '4', 14, 4, '20.00', '2021-10-11 07:09:06', '2021-10-11 07:09:06'),
(44, '1', 15, 1, '9.00', '2021-10-11 07:10:07', '2021-10-11 07:10:07'),
(45, '2', 15, 2, '13.00', '2021-10-11 07:10:07', '2021-10-11 07:10:07'),
(46, '3', 15, 3, '15.00', '2021-10-11 07:10:07', '2021-10-11 07:10:07'),
(47, '4', 15, 4, '18.00', '2021-10-11 07:10:07', '2021-10-11 07:10:07'),
(48, '1', 16, 1, '12.00', '2021-10-11 07:11:03', '2021-10-11 07:11:03'),
(49, '2', 16, 2, '15.00', '2021-10-11 07:11:03', '2021-10-11 07:11:03'),
(50, '3', 16, 3, '18.00', '2021-10-11 07:11:03', '2021-10-11 07:11:03'),
(51, '1', 17, 1, '13.00', '2021-10-11 07:12:39', '2021-10-11 07:12:39'),
(52, '2', 17, 2, '16.00', '2021-10-11 07:12:39', '2021-10-11 07:12:39'),
(53, '3', 17, 3, '20.00', '2021-10-11 07:12:39', '2021-10-11 07:12:39'),
(54, '1', 18, 1, '12.00', '2021-10-11 07:13:23', '2021-10-11 07:13:23'),
(55, '2', 18, 2, '15.00', '2021-10-11 07:13:23', '2021-10-11 07:13:23'),
(56, '3', 18, 3, '18.00', '2021-10-11 07:13:23', '2021-10-11 07:13:23'),
(57, '4', 18, 4, '22.00', '2021-10-11 07:13:23', '2021-10-11 07:13:23'),
(58, '1', 19, 1, '10.00', '2021-10-11 07:17:37', '2021-10-11 07:17:37'),
(59, '2', 19, 2, '15.00', '2021-10-11 07:17:37', '2021-10-11 07:17:37'),
(60, '3', 19, 3, '18.00', '2021-10-11 07:17:37', '2021-10-11 07:17:37'),
(61, '1', 20, 1, '12.00', '2021-10-11 07:18:36', '2021-10-11 07:18:36'),
(62, '2', 20, 2, '16.00', '2021-10-11 07:18:36', '2021-10-11 07:18:36'),
(63, '3', 20, 3, '20.00', '2021-10-11 07:18:36', '2021-10-11 07:18:36'),
(64, '1', 21, 1, '16.00', '2021-10-11 07:19:46', '2021-10-11 07:19:46'),
(65, '2', 21, 2, '19.00', '2021-10-11 07:19:46', '2021-10-11 07:19:46'),
(66, '3', 21, 3, '23.00', '2021-10-11 07:19:46', '2021-10-11 07:19:46'),
(67, '1', 22, 1, '12.00', '2021-10-11 07:20:28', '2021-10-11 07:20:28'),
(68, '2', 22, 2, '16.00', '2021-10-11 07:20:28', '2021-10-11 07:20:28'),
(69, '3', 22, 3, '18.00', '2021-10-11 07:20:28', '2021-10-11 07:20:38'),
(70, '1', 23, 1, '13.00', '2021-10-11 07:21:38', '2021-10-11 07:21:38'),
(71, '2', 23, 2, '16.00', '2021-10-11 07:21:38', '2021-10-11 07:21:38'),
(72, '3', 23, 3, '19.00', '2021-10-11 07:21:38', '2021-10-11 07:21:38'),
(73, '1', 24, 1, '12.00', '2021-10-11 07:22:48', '2021-10-11 07:22:48'),
(74, '2', 24, 2, '16.00', '2021-10-11 07:22:48', '2021-10-11 07:22:48'),
(75, '3', 24, 3, '20.00', '2021-10-11 07:22:48', '2021-10-11 07:22:48'),
(76, '1', 25, 1, '9.00', '2021-10-11 07:23:33', '2021-10-11 07:23:33'),
(77, '2', 25, 2, '14.00', '2021-10-11 07:23:33', '2021-10-11 07:23:33'),
(78, '3', 25, 3, '17.00', '2021-10-11 07:23:33', '2021-10-11 07:23:33'),
(79, '4', 25, 4, '20.00', '2021-10-11 07:23:33', '2021-10-11 07:23:33'),
(80, '1', 26, 1, '13.00', '2021-10-11 07:24:07', '2021-10-11 07:24:07'),
(81, '2', 26, 2, '16.00', '2021-10-11 07:24:07', '2021-10-11 07:24:07'),
(82, '3', 26, 3, '19.00', '2021-10-11 07:24:07', '2021-10-11 07:24:07'),
(83, '1', 27, 1, '12.00', '2021-10-11 07:25:05', '2021-10-11 07:25:05'),
(84, '2', 27, 2, '17.00', '2021-10-11 07:25:05', '2021-10-11 07:25:05'),
(85, '3', 27, 3, '20.00', '2021-10-11 07:25:05', '2021-10-11 07:25:05'),
(86, '1', 28, 1, '12.00', '2021-10-11 07:25:54', '2021-10-11 07:25:54'),
(87, '2', 28, 2, '14.00', '2021-10-11 07:25:54', '2021-10-11 07:25:54'),
(88, '3', 28, 3, '17.00', '2021-10-11 07:25:54', '2021-10-11 07:25:54'),
(89, '1', 29, 1, '8.00', '2021-10-11 07:27:31', '2021-10-11 07:27:31'),
(90, '2', 29, 2, '10.00', '2021-10-11 07:27:31', '2021-10-11 07:27:31'),
(91, 'With extra Cheese', 29, 3, '12.00', '2021-10-11 07:27:31', '2021-10-11 07:37:16'),
(92, 'Without Cheese', 29, 4, '15.00', '2021-10-11 07:27:31', '2021-10-11 07:37:16'),
(93, '1', 30, 1, '13.00', '2021-10-11 07:28:04', '2021-10-11 07:28:04'),
(94, '2', 30, 2, '16.00', '2021-10-11 07:28:04', '2021-10-11 07:28:04'),
(95, 'With extra Cheese', 30, 3, '20.00', '2021-10-11 07:28:04', '2021-10-11 07:36:52'),
(96, '1', 31, 1, '12.00', '2021-10-11 07:28:56', '2021-10-11 07:28:56'),
(97, '2', 31, 2, '15.00', '2021-10-11 07:28:56', '2021-10-11 07:28:56'),
(98, 'With extra Cheese', 31, 3, '18.00', '2021-10-11 07:28:56', '2021-10-11 07:36:19'),
(99, 'Without Cheese', 31, 4, '17.00', '2021-10-11 07:28:56', '2021-10-11 07:36:19'),
(100, '1', 32, 1, '12.00', '2021-10-11 07:30:13', '2021-10-11 07:30:13'),
(101, '2', 32, 2, '15.00', '2021-10-11 07:30:13', '2021-10-11 07:30:13'),
(102, 'With extra Cheese', 32, 3, '18.00', '2021-10-11 07:30:13', '2021-10-11 07:35:36'),
(103, 'Without Cheese', 32, 4, '20.00', '2021-10-11 07:30:13', '2021-10-11 07:35:36'),
(104, 'Half', 33, 1, '10.00', '2021-10-11 07:35:04', '2021-10-11 07:35:04'),
(105, 'Full', 33, 2, '14.00', '2021-10-11 07:35:04', '2021-10-11 07:35:04'),
(106, 'With extra Cheese', 33, 3, '18.00', '2021-10-11 07:35:04', '2021-10-11 07:35:04'),
(107, 'Without Cheese', 33, 4, '16.00', '2021-10-11 07:35:04', '2021-10-11 07:35:04'),
(108, 'Without Cheese', 30, 1, '18.00', '2021-10-11 07:36:52', '2021-10-11 07:36:52'),
(109, '1', 34, 1, '10.00', '2021-10-11 07:39:06', '2021-10-11 07:39:06'),
(110, '2', 34, 2, '14.00', '2021-10-11 07:39:06', '2021-10-11 07:39:06'),
(111, 'With extra Cheese', 34, 3, '18.00', '2021-10-11 07:39:06', '2021-10-11 07:39:06'),
(112, 'Without Cheese', 34, 4, '16.00', '2021-10-11 07:39:06', '2021-10-11 07:39:06'),
(113, 'Half', 35, 1, '9.00', '2021-10-11 07:45:35', '2021-10-11 07:45:35'),
(114, 'Full', 35, 2, '12.00', '2021-10-11 07:45:35', '2021-10-11 07:45:35'),
(115, 'With Mayones', 35, 3, '16.00', '2021-10-11 07:45:35', '2021-10-11 07:45:35'),
(116, 'Half', 36, 1, '9.00', '2021-10-11 07:45:40', '2021-10-11 07:45:40'),
(117, 'Full', 36, 2, '12.00', '2021-10-11 07:45:40', '2021-10-11 07:45:40'),
(118, 'With Mayones', 36, 3, '16.00', '2021-10-11 07:45:40', '2021-10-11 07:45:40'),
(119, 'Half', 37, 1, '12.00', '2021-10-11 07:47:03', '2021-10-11 07:47:03'),
(120, 'Full', 37, 2, '15.00', '2021-10-11 07:47:03', '2021-10-11 07:47:03'),
(121, 'With extra Spice', 37, 3, '18.00', '2021-10-11 07:47:03', '2021-10-11 07:47:03'),
(122, 'Without Spice', 37, 4, '16.00', '2021-10-11 07:47:03', '2021-10-11 07:47:03'),
(123, '1 L', 38, 1, '8.00', '2021-10-11 07:48:21', '2021-10-11 07:48:21'),
(124, '2 L', 38, 2, '12.00', '2021-10-11 07:48:21', '2021-10-11 07:48:21'),
(125, '3 L', 38, 3, '16.00', '2021-10-11 07:48:21', '2021-10-11 07:48:21'),
(126, '4L', 38, 4, '20.00', '2021-10-11 07:48:21', '2021-10-11 07:48:21'),
(127, '1', 39, 1, '5.00', '2021-10-11 07:49:43', '2021-10-11 07:49:43'),
(128, '2', 39, 2, '10.00', '2021-10-11 07:49:43', '2021-10-11 07:49:43'),
(129, '3', 39, 3, '12.00', '2021-10-11 07:49:43', '2021-10-11 07:49:43'),
(130, '4', 39, 4, '16.00', '2021-10-11 07:49:43', '2021-10-11 07:49:43'),
(131, '1', 40, 1, '5.00', '2021-10-11 07:51:24', '2021-10-11 07:51:24'),
(132, '2', 40, 2, '8.00', '2021-10-11 07:51:24', '2021-10-11 07:51:24'),
(133, '3', 40, 3, '10.00', '2021-10-11 07:51:24', '2021-10-11 07:51:24'),
(134, '4', 40, 4, '13.00', '2021-10-11 07:51:24', '2021-10-11 07:51:24'),
(135, '1', 41, 1, '8.00', '2021-10-11 08:33:55', '2021-10-11 08:33:55'),
(136, '2', 41, 2, '14.00', '2021-10-11 08:33:55', '2021-10-11 08:33:55'),
(137, '3', 41, 3, '18.00', '2021-10-11 08:33:55', '2021-10-11 08:33:55'),
(138, '4', 41, 4, '22.00', '2021-10-11 08:33:55', '2021-10-11 08:33:55'),
(139, '2', 42, 1, '15.00', '2021-10-11 08:35:09', '2021-10-11 08:35:09'),
(140, '3', 42, 2, '20.00', '2021-10-11 08:35:09', '2021-10-11 08:35:09'),
(141, '4', 42, 3, '26.00', '2021-10-11 08:35:09', '2021-10-11 08:35:09'),
(142, '5', 42, 4, '30.00', '2021-10-11 08:35:09', '2021-10-11 08:35:09'),
(143, '2', 43, 1, '16.00', '2021-10-11 08:36:46', '2021-10-11 08:36:46'),
(144, '3', 43, 2, '20.00', '2021-10-11 08:36:46', '2021-10-11 08:36:46'),
(145, '4', 43, 3, '24.00', '2021-10-11 08:36:46', '2021-10-11 08:36:46'),
(146, '5', 43, 4, '30.00', '2021-10-11 08:36:46', '2021-10-11 08:36:46'),
(147, '2', 44, 1, '12.00', '2021-10-11 08:37:48', '2021-10-11 08:37:48'),
(148, '3', 44, 2, '16.00', '2021-10-11 08:37:48', '2021-10-11 08:37:48'),
(149, '4', 44, 3, '20.00', '2021-10-11 08:37:48', '2021-10-11 08:37:48'),
(150, '5', 44, 4, '22.00', '2021-10-11 08:37:48', '2021-10-11 08:37:48'),
(151, '2 kg', 45, 1, '15.00', '2021-10-11 08:39:26', '2021-10-11 08:39:26'),
(152, '3 kg', 45, 2, '19.00', '2021-10-11 08:39:26', '2021-10-11 08:39:26'),
(153, '4 kg', 45, 3, '24.00', '2021-10-11 08:39:26', '2021-10-11 08:39:26'),
(154, '5 kg', 45, 4, '30.00', '2021-10-11 08:39:26', '2021-10-11 08:39:26'),
(155, '2 kg', 46, 1, '15.00', '2021-10-11 08:40:36', '2021-10-11 08:40:36'),
(156, '3 kg', 46, 2, '18.00', '2021-10-11 08:40:36', '2021-10-11 08:40:36'),
(157, '4 kg', 46, 3, '22.00', '2021-10-11 08:40:36', '2021-10-11 08:40:36'),
(158, '5 kg', 46, 4, '25.00', '2021-10-11 08:40:36', '2021-10-11 08:40:36'),
(159, '1 kg', 47, 1, '10.00', '2021-10-11 08:44:53', '2021-10-11 08:44:53'),
(160, '2 kg', 47, 2, '14.00', '2021-10-11 08:44:53', '2021-10-11 08:44:53'),
(161, '3 kg', 47, 3, '18.00', '2021-10-11 08:44:53', '2021-10-11 08:44:53'),
(162, '4 kg', 47, 4, '21.00', '2021-10-11 08:44:53', '2021-10-11 08:44:53'),
(163, '1', 48, 1, '10.00', '2021-10-11 08:45:46', '2021-10-11 08:45:46'),
(164, '2', 48, 2, '13.00', '2021-10-11 08:45:46', '2021-10-11 08:45:46'),
(165, '3', 48, 3, '15.00', '2021-10-11 08:45:46', '2021-10-11 08:45:46'),
(166, '4', 48, 4, '18.00', '2021-10-11 08:45:46', '2021-10-11 08:45:46'),
(167, '1 kg', 49, 1, '11.00', '2021-10-11 08:47:11', '2021-10-11 08:47:11'),
(168, '2 kg', 49, 2, '14.00', '2021-10-11 08:47:11', '2021-10-11 08:47:11'),
(169, '3 kg', 49, 3, '18.00', '2021-10-11 08:47:11', '2021-10-11 08:47:11'),
(170, '4 kg', 49, 4, '22.00', '2021-10-11 08:47:11', '2021-10-11 08:47:11'),
(171, '1 Dozen', 50, 1, '10.00', '2021-10-11 08:49:26', '2021-10-11 08:49:26'),
(172, '2 Dozen', 50, 2, '14.00', '2021-10-11 08:49:26', '2021-10-11 08:49:26'),
(173, '3 Dozen', 50, 3, '17.00', '2021-10-11 08:49:26', '2021-10-11 08:49:26'),
(174, '4 Dozen', 50, 4, '20.00', '2021-10-11 08:49:26', '2021-10-11 08:49:26'),
(175, '1', 51, 1, '10.00', '2021-10-11 08:50:36', '2021-10-11 08:50:36'),
(176, '2', 51, 2, '14.00', '2021-10-11 08:50:36', '2021-10-11 08:50:36'),
(177, '3', 51, 3, '18.00', '2021-10-11 08:50:36', '2021-10-11 08:50:36'),
(178, '4', 51, 4, '20.00', '2021-10-11 08:50:36', '2021-10-11 08:50:36'),
(179, '2', 52, 1, '8.00', '2021-10-11 08:52:05', '2021-10-11 08:52:05'),
(180, '3', 52, 2, '13.00', '2021-10-11 08:52:05', '2021-10-11 08:52:05'),
(181, '4', 52, 3, '16.00', '2021-10-11 08:52:05', '2021-10-11 08:52:05'),
(182, '5', 52, 4, '20.00', '2021-10-11 08:52:05', '2021-10-11 08:52:05'),
(183, '2', 53, 1, '18.00', '2021-10-11 08:57:59', '2021-10-11 08:57:59'),
(184, '3', 53, 2, '22.00', '2021-10-11 08:57:59', '2021-10-11 08:57:59'),
(185, '4', 53, 3, '26.00', '2021-10-11 08:57:59', '2021-10-11 08:57:59'),
(186, '2', 54, 1, '8.00', '2021-10-11 09:02:42', '2021-10-11 09:02:42'),
(187, '3', 54, 2, '14.00', '2021-10-11 09:02:42', '2021-10-11 09:02:42'),
(188, '4', 54, 3, '17.00', '2021-10-11 09:02:42', '2021-10-11 09:02:42'),
(189, '5', 54, 4, '20.00', '2021-10-11 09:02:42', '2021-10-11 09:02:42'),
(190, '2', 55, 1, '8.00', '2021-10-11 09:04:02', '2021-10-11 09:04:02'),
(191, '3', 55, 2, '12.00', '2021-10-11 09:04:02', '2021-10-11 09:04:02'),
(192, '4', 55, 3, '14.00', '2021-10-11 09:04:02', '2021-10-11 09:04:02'),
(193, '5', 55, 4, '16.00', '2021-10-11 09:04:02', '2021-10-11 09:04:02'),
(194, '15', 56, 1, '2.00', '2021-10-11 09:05:27', '2021-10-11 09:05:27'),
(195, '19', 56, 2, '3.00', '2021-10-11 09:05:27', '2021-10-11 09:05:27'),
(196, '24', 56, 3, '4.00', '2021-10-11 09:05:27', '2021-10-11 09:05:27'),
(197, '2', 57, 1, '14.00', '2021-10-11 09:08:00', '2021-10-11 09:08:00'),
(198, '3', 57, 2, '18.00', '2021-10-11 09:08:00', '2021-10-11 09:08:00'),
(199, '4', 57, 3, '22.00', '2021-10-11 09:08:00', '2021-10-11 09:08:00'),
(200, '5', 57, 4, '25.00', '2021-10-11 09:08:00', '2021-10-11 09:08:00'),
(201, '2', 58, 1, '14.00', '2021-10-11 09:10:06', '2021-10-11 09:10:06'),
(202, '3', 58, 2, '18.00', '2021-10-11 09:10:06', '2021-10-11 09:10:06'),
(203, '4', 58, 3, '22.00', '2021-10-11 09:10:06', '2021-10-11 09:10:06'),
(204, '2', 59, 1, '14.00', '2021-10-11 09:11:26', '2021-10-11 09:11:26'),
(205, '3', 59, 2, '18.00', '2021-10-11 09:11:26', '2021-10-11 09:11:26'),
(206, '4', 59, 3, '22.00', '2021-10-11 09:11:26', '2021-10-11 09:11:26'),
(207, '2', 60, 1, '30.00', '2021-10-11 09:12:36', '2021-10-11 09:12:36'),
(208, '3', 60, 2, '40.00', '2021-10-11 09:12:36', '2021-10-11 09:12:36'),
(209, '4', 60, 3, '48.00', '2021-10-11 09:12:36', '2021-10-11 09:12:36'),
(210, '2', 61, 1, '30.00', '2021-10-11 09:21:21', '2021-10-11 09:21:21'),
(211, '3', 61, 2, '40.00', '2021-10-11 09:21:21', '2021-10-11 09:21:21'),
(212, '4', 61, 3, '50.00', '2021-10-11 09:21:21', '2021-10-11 09:21:21'),
(213, '2 GB Ram', 62, 1, '30.00', '2021-10-11 09:22:56', '2021-10-11 09:26:32'),
(214, '4 GB Ram', 62, 2, '40.00', '2021-10-11 09:22:56', '2021-10-11 09:26:32'),
(215, '6 GB Ram', 62, 3, '50.00', '2021-10-11 09:22:56', '2021-10-11 09:26:32'),
(216, '8 GB Ram', 62, 4, '55.00', '2021-10-11 09:22:56', '2021-10-11 09:26:33'),
(217, '4 GB', 63, 1, '25.00', '2021-10-11 09:24:56', '2021-10-11 09:24:56'),
(218, '6 GB', 63, 2, '28.00', '2021-10-11 09:24:56', '2021-10-11 09:24:56'),
(219, '8 GB', 63, 3, '30.00', '2021-10-11 09:24:56', '2021-10-11 09:24:56'),
(220, '12 GB', 63, 4, '32.00', '2021-10-11 09:24:56', '2021-10-11 09:29:08'),
(221, '6 GB Ram', 64, 1, '1500.00', '2021-10-11 09:36:33', '2021-10-11 09:36:33'),
(222, '8 GB Ram', 64, 2, '1800.00', '2021-10-11 09:36:33', '2021-10-11 09:36:33'),
(223, '12 GB Ram', 64, 3, '2000.00', '2021-10-11 09:36:33', '2021-10-11 09:36:33'),
(224, '8 GB', 65, 1, '1400.00', '2021-10-11 09:39:36', '2021-10-11 09:39:36'),
(225, '16 GB', 65, 2, '1600.00', '2021-10-11 09:39:36', '2021-10-11 09:39:36'),
(226, '32 GB', 65, 3, '1800.00', '2021-10-11 09:39:36', '2021-10-11 09:39:36'),
(227, '64 GB', 65, 4, '2000.00', '2021-10-11 09:39:36', '2021-10-11 09:39:36'),
(228, '2', 66, 1, '25.00', '2021-10-11 09:42:19', '2021-10-11 09:42:19'),
(229, '3', 66, 2, '30.00', '2021-10-11 09:42:19', '2021-10-11 09:42:19'),
(230, '4', 66, 3, '35.00', '2021-10-11 09:42:19', '2021-10-11 09:42:19'),
(231, '2', 67, 1, '24.00', '2021-10-11 09:44:30', '2021-10-11 09:44:30'),
(232, '3', 67, 2, '28.00', '2021-10-11 09:44:30', '2021-10-11 09:44:30'),
(233, 'With extra Sugar', 67, 3, '20.00', '2021-10-11 09:44:30', '2021-10-11 09:44:30'),
(234, 'Without Sugar', 67, 4, '18.00', '2021-10-11 09:44:30', '2021-10-11 09:44:30'),
(235, '1 kg', 68, 1, '15.00', '2021-10-11 09:46:55', '2021-10-11 09:46:55'),
(236, '2 kg', 68, 2, '20.00', '2021-10-11 09:46:55', '2021-10-11 09:46:55'),
(237, '3 kg', 68, 3, '25.00', '2021-10-11 09:46:56', '2021-10-11 09:46:56'),
(238, '1 kg', 69, 1, '14.00', '2021-10-11 09:48:20', '2021-10-11 09:48:20'),
(239, '2 kg', 69, 2, '18.00', '2021-10-11 09:48:20', '2021-10-11 09:48:20'),
(240, '3 kg', 69, 3, '22.00', '2021-10-11 09:48:20', '2021-10-11 09:48:20'),
(241, '4 kg', 69, 4, '26.00', '2021-10-11 09:48:20', '2021-10-11 09:48:20'),
(242, '2 kg', 70, 1, '25.00', '2021-10-11 09:49:16', '2021-10-11 09:49:16'),
(243, '3 kg', 70, 2, '30.00', '2021-10-11 09:49:16', '2021-10-11 09:49:16'),
(244, '4 kg', 70, 3, '35.00', '2021-10-11 09:49:16', '2021-10-11 09:49:16');


-- --------------------------------------------------------


--
-- Dumping data for table `addon_option_translations`
--

INSERT INTO `addon_option_translations` (`id`, `title`, `addon_opt_id`, `language_id`, `created_at`, `updated_at`) VALUES
(1, 'Small parcel', 1, 1, NULL, '2021-10-01 05:53:18'),
(2, '8 GB', 2, 1, NULL, NULL),
(3, '16 GB', 3, 1, NULL, NULL),
(4, '32 GB', 4, 1, NULL, NULL),
(5, 'Pro 13', 5, 1, NULL, NULL),
(6, 'MacBook Air', 6, 1, NULL, NULL),
(7, 'Mac mini', 7, 1, NULL, NULL),
(8, '8 GB', 8, 1, NULL, NULL),
(9, '16 GB', 9, 1, NULL, NULL),
(10, '32 GB', 10, 1, NULL, NULL),
(11, '8 GB', 11, 1, NULL, NULL),
(12, '16 GB', 12, 1, NULL, NULL),
(13, '32 GB', 13, 1, NULL, NULL),
(14, '2 GB Ram', 14, 1, NULL, '2021-10-08 14:35:50'),
(15, '3 GB Ram', 15, 1, NULL, '2021-10-08 14:35:50'),
(16, '4 GB Ram', 16, 1, NULL, '2021-10-08 14:35:50'),
(17, '2 GB Ram', 17, 1, NULL, NULL),
(18, '4 GB Ram', 18, 1, NULL, NULL),
(19, '6 GB Ram', 19, 1, NULL, NULL),
(20, '4 GB', 20, 1, NULL, NULL),
(21, '6 GB', 21, 1, NULL, NULL),
(22, '8 GB', 22, 1, NULL, NULL),
(23, '8 GB', 23, 1, NULL, NULL),
(24, '16 GB', 24, 1, NULL, NULL),
(25, '32  GB', 25, 1, NULL, NULL),
(26, '1', 26, 1, NULL, NULL),
(27, '2', 27, 1, NULL, NULL),
(28, '3', 28, 1, NULL, NULL),
(29, '1', 29, 1, NULL, NULL),
(30, '2', 30, 1, NULL, NULL),
(31, '3', 31, 1, NULL, NULL),
(32, '4', 32, 1, NULL, NULL),
(33, '1', 33, 1, NULL, NULL),
(34, '2', 34, 1, NULL, NULL),
(35, '3', 35, 1, NULL, NULL),
(36, '4', 36, 1, NULL, NULL),
(37, '1', 37, 1, NULL, NULL),
(38, '2', 38, 1, NULL, NULL),
(39, '3', 39, 1, NULL, NULL),
(40, '1', 40, 1, NULL, NULL),
(41, '2', 41, 1, NULL, NULL),
(42, '3', 42, 1, NULL, NULL),
(43, '4', 43, 1, NULL, NULL),
(44, '1', 44, 1, NULL, NULL),
(45, '2', 45, 1, NULL, NULL),
(46, '3', 46, 1, NULL, NULL),
(47, '4', 47, 1, NULL, NULL),
(48, '1', 48, 1, NULL, NULL),
(49, '2', 49, 1, NULL, NULL),
(50, '3', 50, 1, NULL, NULL),
(51, '1', 51, 1, NULL, NULL),
(52, '2', 52, 1, NULL, NULL),
(53, '3', 53, 1, NULL, NULL),
(54, '1', 54, 1, NULL, NULL),
(55, '2', 55, 1, NULL, NULL),
(56, '3', 56, 1, NULL, NULL),
(57, '4', 57, 1, NULL, NULL),
(58, '1', 58, 1, NULL, NULL),
(59, '2', 59, 1, NULL, NULL),
(60, '3', 60, 1, NULL, NULL),
(61, '1', 61, 1, NULL, NULL),
(62, '2', 62, 1, NULL, NULL),
(63, '3', 63, 1, NULL, NULL),
(64, '1', 64, 1, NULL, NULL),
(65, '2', 65, 1, NULL, NULL),
(66, '3', 66, 1, NULL, NULL),
(67, '1', 67, 1, NULL, NULL),
(68, '2', 68, 1, NULL, NULL),
(69, '3', 69, 1, NULL, NULL),
(70, '1', 70, 1, NULL, NULL),
(71, '2', 71, 1, NULL, NULL),
(72, '3', 72, 1, NULL, NULL),
(73, '1', 73, 1, NULL, NULL),
(74, '2', 74, 1, NULL, NULL),
(75, '3', 75, 1, NULL, NULL),
(76, '1', 76, 1, NULL, NULL),
(77, '2', 77, 1, NULL, NULL),
(78, '3', 78, 1, NULL, NULL),
(79, '4', 79, 1, NULL, NULL),
(80, '1', 80, 1, NULL, NULL),
(81, '2', 81, 1, NULL, NULL),
(82, '3', 82, 1, NULL, NULL),
(83, '1', 83, 1, NULL, NULL),
(84, '2', 84, 1, NULL, NULL),
(85, '3', 85, 1, NULL, NULL),
(86, '1', 86, 1, NULL, NULL),
(87, '2', 87, 1, NULL, NULL),
(88, '3', 88, 1, NULL, NULL),
(89, '1', 89, 1, NULL, NULL),
(90, '2', 90, 1, NULL, NULL),
(91, 'With extra Cheese', 91, 1, NULL, '2021-10-11 07:37:16'),
(92, 'Without Cheese', 92, 1, NULL, '2021-10-11 07:37:16'),
(93, '1', 93, 1, NULL, NULL),
(94, '2', 94, 1, NULL, NULL),
(95, 'With extra Cheese', 95, 1, NULL, '2021-10-11 07:36:52'),
(96, '1', 96, 1, NULL, NULL),
(97, '2', 97, 1, NULL, NULL),
(98, 'With extra Cheese', 98, 1, NULL, '2021-10-11 07:36:19'),
(99, 'Without Cheese', 99, 1, NULL, '2021-10-11 07:36:19'),
(100, '1', 100, 1, NULL, NULL),
(101, '2', 101, 1, NULL, NULL),
(102, 'With extra Cheese', 102, 1, NULL, '2021-10-11 07:35:36'),
(103, 'Without Cheese', 103, 1, NULL, '2021-10-11 07:35:36'),
(104, 'Half', 104, 1, NULL, NULL),
(105, 'Full', 105, 1, NULL, NULL),
(106, 'With extra Cheese', 106, 1, NULL, NULL),
(107, 'Without Cheese', 107, 1, NULL, NULL),
(108, 'Without Cheese', 108, 1, '2021-10-11 07:36:52', '2021-10-11 07:36:52'),
(109, '1', 109, 1, NULL, NULL),
(110, '2', 110, 1, NULL, NULL),
(111, 'With extra Cheese', 111, 1, NULL, NULL),
(112, 'Without Cheese', 112, 1, NULL, NULL),
(113, 'Half', 113, 1, NULL, NULL),
(114, 'Full', 114, 1, NULL, NULL),
(115, 'With Mayones', 115, 1, NULL, NULL),
(116, 'Half', 116, 1, NULL, NULL),
(117, 'Full', 117, 1, NULL, NULL),
(118, 'With Mayones', 118, 1, NULL, NULL),
(119, 'Half', 119, 1, NULL, NULL),
(120, 'Full', 120, 1, NULL, NULL),
(121, 'With extra Spice', 121, 1, NULL, NULL),
(122, 'Without Spice', 122, 1, NULL, NULL),
(123, '1 L', 123, 1, NULL, NULL),
(124, '2 L', 124, 1, NULL, NULL),
(125, '3 L', 125, 1, NULL, NULL),
(126, '4L', 126, 1, NULL, NULL),
(127, '1', 127, 1, NULL, NULL),
(128, '2', 128, 1, NULL, NULL),
(129, '3', 129, 1, NULL, NULL),
(130, '4', 130, 1, NULL, NULL),
(131, '1', 131, 1, NULL, NULL),
(132, '2', 132, 1, NULL, NULL),
(133, '3', 133, 1, NULL, NULL),
(134, '4', 134, 1, NULL, NULL),
(135, '1', 135, 1, NULL, NULL),
(136, '2', 136, 1, NULL, NULL),
(137, '3', 137, 1, NULL, NULL),
(138, '4', 138, 1, NULL, NULL),
(139, '2', 139, 1, NULL, NULL),
(140, '3', 140, 1, NULL, NULL),
(141, '4', 141, 1, NULL, NULL),
(142, '5', 142, 1, NULL, NULL),
(143, '2', 143, 1, NULL, NULL),
(144, '3', 144, 1, NULL, NULL),
(145, '4', 145, 1, NULL, NULL),
(146, '5', 146, 1, NULL, NULL),
(147, '2', 147, 1, NULL, NULL),
(148, '3', 148, 1, NULL, NULL),
(149, '4', 149, 1, NULL, NULL),
(150, '5', 150, 1, NULL, NULL),
(151, '2 kg', 151, 1, NULL, NULL),
(152, '3 kg', 152, 1, NULL, NULL),
(153, '4 kg', 153, 1, NULL, NULL),
(154, '5 kg', 154, 1, NULL, NULL),
(155, '2 kg', 155, 1, NULL, NULL),
(156, '3 kg', 156, 1, NULL, NULL),
(157, '4 kg', 157, 1, NULL, NULL),
(158, '5 kg', 158, 1, NULL, NULL),
(159, '1 kg', 159, 1, NULL, NULL),
(160, '2 kg', 160, 1, NULL, NULL),
(161, '3 kg', 161, 1, NULL, NULL),
(162, '4 kg', 162, 1, NULL, NULL),
(163, '1', 163, 1, NULL, NULL),
(164, '2', 164, 1, NULL, NULL),
(165, '3', 165, 1, NULL, NULL),
(166, '4', 166, 1, NULL, NULL),
(167, '1 kg', 167, 1, NULL, NULL),
(168, '2 kg', 168, 1, NULL, NULL),
(169, '3 kg', 169, 1, NULL, NULL),
(170, '4 kg', 170, 1, NULL, NULL),
(171, '1 Dozen', 171, 1, NULL, NULL),
(172, '2 Dozen', 172, 1, NULL, NULL),
(173, '3 Dozen', 173, 1, NULL, NULL),
(174, '4 Dozen', 174, 1, NULL, NULL),
(175, '1', 175, 1, NULL, NULL),
(176, '2', 176, 1, NULL, NULL),
(177, '3', 177, 1, NULL, NULL),
(178, '4', 178, 1, NULL, NULL),
(179, '2', 179, 1, NULL, NULL),
(180, '3', 180, 1, NULL, NULL),
(181, '4', 181, 1, NULL, NULL),
(182, '5', 182, 1, NULL, NULL),
(183, '2', 183, 1, NULL, NULL),
(184, '3', 184, 1, NULL, NULL),
(185, '4', 185, 1, NULL, NULL),
(186, '2', 186, 1, NULL, NULL),
(187, '3', 187, 1, NULL, NULL),
(188, '4', 188, 1, NULL, NULL),
(189, '5', 189, 1, NULL, NULL),
(190, '2', 190, 1, NULL, NULL),
(191, '3', 191, 1, NULL, NULL),
(192, '4', 192, 1, NULL, NULL),
(193, '5', 193, 1, NULL, NULL),
(194, '15', 194, 1, NULL, NULL),
(195, '19', 195, 1, NULL, NULL),
(196, '24', 196, 1, NULL, NULL),
(197, '2', 197, 1, NULL, NULL),
(198, '3', 198, 1, NULL, NULL),
(199, '4', 199, 1, NULL, NULL),
(200, '5', 200, 1, NULL, NULL),
(201, '2', 201, 1, NULL, NULL),
(202, '3', 202, 1, NULL, NULL),
(203, '4', 203, 1, NULL, NULL),
(204, '2', 204, 1, NULL, NULL),
(205, '3', 205, 1, NULL, NULL),
(206, '4', 206, 1, NULL, NULL),
(207, '2', 207, 1, NULL, NULL),
(208, '3', 208, 1, NULL, NULL),
(209, '4', 209, 1, NULL, NULL),
(210, '2', 210, 1, NULL, NULL),
(211, '3', 211, 1, NULL, NULL),
(212, '4', 212, 1, NULL, NULL),
(213, '2 GB Ram', 213, 1, NULL, '2021-10-11 09:26:33'),
(214, '4 GB Ram', 214, 1, NULL, '2021-10-11 09:26:33'),
(215, '6 GB Ram', 215, 1, NULL, '2021-10-11 09:26:33'),
(216, '8 GB Ram', 216, 1, NULL, '2021-10-11 09:26:33'),
(217, '4 GB', 217, 1, NULL, NULL),
(218, '6 GB', 218, 1, NULL, NULL),
(219, '8 GB', 219, 1, NULL, NULL),
(220, '12 GB', 220, 1, NULL, '2021-10-11 09:29:08'),
(221, '6 GB Ram', 221, 1, NULL, NULL),
(222, '8 GB Ram', 222, 1, NULL, NULL),
(223, '12 GB Ram', 223, 1, NULL, NULL),
(224, '8 GB', 224, 1, NULL, NULL),
(225, '16 GB', 225, 1, NULL, NULL),
(226, '32 GB', 226, 1, NULL, NULL),
(227, '64 GB', 227, 1, NULL, NULL),
(228, '2', 228, 1, NULL, NULL),
(229, '3', 229, 1, NULL, NULL),
(230, '4', 230, 1, NULL, NULL),
(231, '2', 231, 1, NULL, NULL),
(232, '3', 232, 1, NULL, NULL),
(233, 'With extra Sugar', 233, 1, NULL, NULL),
(234, 'Without Sugar', 234, 1, NULL, NULL),
(235, '1 kg', 235, 1, NULL, NULL),
(236, '2 kg', 236, 1, NULL, NULL),
(237, '3 kg', 237, 1, NULL, NULL),
(238, '1 kg', 238, 1, NULL, NULL),
(239, '2 kg', 239, 1, NULL, NULL),
(240, '3 kg', 240, 1, NULL, NULL),
(241, '4 kg', 241, 1, NULL, NULL),
(242, '2 kg', 242, 1, NULL, NULL),
(243, '3 kg', 243, 1, NULL, NULL),
(244, '4 kg', 244, 1, NULL, NULL);

-- --------------------------------------------------------


-- --------------------------------------------------------


--
-- Dumping data for table `addon_set_translations`
--

INSERT INTO `addon_set_translations` (`id`, `title`, `addon_id`, `language_id`, `created_at`, `updated_at`) VALUES
(1, 'Small Parcels', 1, 1, NULL, NULL),
(2, 'Asus Zenbook', 2, 1, NULL, NULL),
(3, 'Macbook', 3, 1, NULL, NULL),
(4, 'Hp Pavilion', 4, 1, NULL, NULL),
(5, 'Dell Inspiron 14', 5, 1, NULL, NULL),
(6, 'OnePlus 9', 6, 1, NULL, NULL),
(7, 'OnePlus 9R', 7, 1, NULL, NULL),
(8, 'Iphone 12 Pro', 8, 1, NULL, NULL),
(9, 'Redmi Note 10 Pro', 9, 1, NULL, NULL),
(10, 'Vitamin B-12', 10, 1, NULL, NULL),
(11, 'Folic B9', 11, 1, NULL, NULL),
(12, 'Vitamin C + Zinc', 12, 1, NULL, NULL),
(13, 'Casein Protein', 13, 1, NULL, NULL),
(14, 'Hemp Protein', 14, 1, NULL, NULL),
(15, 'Brown Rice Protein', 15, 1, NULL, NULL),
(16, 'Thermometers', 16, 1, NULL, NULL),
(17, 'Pulse Oximeter', 17, 1, NULL, NULL),
(18, 'Breathe Free Vaporizer', 18, 1, NULL, NULL),
(19, 'Sunglasses', 19, 1, NULL, NULL),
(20, 'Watch', 20, 1, NULL, NULL),
(21, 'Jackets', 21, 1, NULL, NULL),
(22, 'Coats', 22, 1, NULL, NULL),
(23, 'Denim', 23, 1, NULL, NULL),
(24, 'Printed Dresses', 24, 1, NULL, NULL),
(25, 'Solids', 25, 1, NULL, NULL),
(26, 'Partywear', 26, 1, NULL, '2021-10-11 07:24:17'),
(27, 'Denim', 27, 1, NULL, NULL),
(28, 'Fluffy Jackets', 28, 1, NULL, NULL),
(29, 'Margherita pizza', 29, 1, NULL, NULL),
(30, 'Mushroom Risotto', 30, 1, NULL, NULL),
(31, 'Focaccia Bread', 31, 1, NULL, '2021-10-11 07:29:36'),
(32, 'Bruschetta', 32, 1, NULL, NULL),
(33, 'Dim Sums', 33, 1, NULL, NULL),
(34, 'Hot and Sour Soup', 34, 1, NULL, NULL),
(35, 'Spring Rolls', 35, 1, NULL, NULL),
(36, 'Spring Rolls', 36, 1, NULL, NULL),
(37, 'Quick Noodles', 37, 1, NULL, NULL),
(38, 'Cow Full Fat Milk', 38, 1, NULL, NULL),
(39, 'Brown Bread', 39, 1, NULL, NULL),
(40, 'Eggs', 40, 1, NULL, NULL),
(41, 'Cheese', 41, 1, NULL, NULL),
(42, 'Choco lava cake', 42, 1, NULL, NULL),
(43, 'Black Forest', 43, 1, NULL, NULL),
(44, 'Blueberry Muffins', 44, 1, NULL, NULL),
(45, 'Broccoli', 45, 1, NULL, NULL),
(46, 'Potato', 46, 1, NULL, NULL),
(47, 'Carrot', 47, 1, NULL, NULL),
(48, 'Apple', 48, 1, NULL, NULL),
(49, 'Mango', 49, 1, NULL, NULL),
(50, 'Banana', 50, 1, NULL, NULL),
(51, 'Papaya', 51, 1, NULL, NULL),
(52, 'Tea & Coffee', 52, 1, NULL, NULL),
(53, 'Health Drinks', 53, 1, NULL, NULL),
(54, 'Cold Drinks', 54, 1, NULL, NULL),
(55, 'Water Soda', 55, 1, NULL, NULL),
(56, 'Baby Soaps', 56, 1, NULL, NULL),
(57, 'Baby Oil', 57, 1, NULL, NULL),
(58, 'Baby Food', 58, 1, NULL, NULL),
(59, 'Baby Wipes', 59, 1, NULL, NULL),
(60, 'Stethoscope', 60, 1, NULL, NULL),
(61, 'Blood Pressure Monitor', 61, 1, NULL, NULL),
(62, 'Samsung Galaxy S7', 62, 1, NULL, NULL),
(63, 'Lenovo Z2 Plus', 63, 1, NULL, NULL),
(64, 'Macbook Air', 64, 1, NULL, NULL),
(65, 'Dell XPS 13', 65, 1, NULL, NULL),
(66, 'Baby shampoos', 66, 1, NULL, NULL),
(67, 'Honey Badger Blitz', 67, 1, NULL, NULL),
(68, 'Oranges', 68, 1, NULL, NULL),
(69, 'Onion', 69, 1, NULL, NULL),
(70, 'Tomato', 70, 1, NULL, NULL);



-- --------------------------------------------------------


--
-- Dumping data for table `brands`
--
INSERT INTO `brands` (`id`, `title`, `image`, `image_banner`, `position`, `status`, `created_at`, `updated_at`) VALUES
(1, 'DAI\'s', 'brand/8mLwqJhcMNFJjlpwNaIF8lwNZk1NpKMJvrzI2rsY.jpg', NULL, 3, 1, NULL, '2021-10-01 07:24:25'),
(2, 'Citrus', 'brand/qkCQc4Hf9UAXU6OmjSphCGKx6U4vRErzU0WL5VcD.jpg', 'brand/FSNnJA7HDt4X0etxeBsLEsyW7RI7DulAKC3T6Sqn.jpg', 1, 1, NULL, '2021-10-07 13:48:45'),
(3, 'Lahela-Jane', 'brand/dqj35wF66tYjC1nza6JeMDWIA77CHibnIuJ06Fr8.png', NULL, 4, 1, NULL, '2021-10-01 07:24:25'),
(4, 'Ladder', 'brand/RmYgPvipw4oTbOrqZkqZdsGGRw0Dhi0IQlvKwBfw.jpg', NULL, 2, 1, NULL, '2021-10-08 12:32:02');



-- --------------------------------------------------------

INSERT INTO `variants` (`id`, `title`, `type`, `position`, `status`, `created_at`, `updated_at`) VALUES
(1, 'Size', 1, 1, 1, NULL, NULL),
(2, 'Color', 2, 2, 1, NULL, NULL),
(3, 'Phones', 1, 3, 1, NULL, NULL);
--
-- Dumping data for table `variant_options`
--
INSERT INTO `variant_options` (`id`, `title`, `variant_id`, `hexacode`, `position`, `created_at`, `updated_at`) VALUES
(1, 'Small', 1, '', 1, NULL, NULL),
(2, 'White', 2, '#ffffff', 1, NULL, NULL),
(3, 'Black', 2, '#000000', 1, NULL, NULL),
(4, 'Grey', 2, '#808080', 1, NULL, NULL),
(5, 'Medium', 1, '', 1, NULL, NULL),
(6, 'Large', 1, '', 1, NULL, NULL),
(7, 'IPhone', 3, '#FFFFFF', 1, NULL, '2021-09-30 13:08:54'),
(8, 'Samsung', 3, '#FFFFFF', 1, NULL, '2021-09-30 13:08:54'),
(9, 'Xiaomi', 3, '#FFFFFF', 1, NULL, '2021-09-30 13:08:54');

--
-- Dumping data for table `brand_categories`
--



INSERT INTO `brand_categories` (`id`, `brand_id`, `category_id`, `created_at`, `updated_at`) VALUES
(12, 3, 22, NULL, NULL),
(13, 3, 23, NULL, NULL),
(14, 3, 24, NULL, NULL),
(27, 4, 18, NULL, NULL),
(28, 4, 19, NULL, NULL),
(29, 1, 3, NULL, NULL),
(30, 1, 12, NULL, NULL),
(31, 1, 18, NULL, NULL),
(32, 1, 20, NULL, NULL),
(33, 1, 21, NULL, NULL),
(34, 1, 16, NULL, NULL),
(35, 2, 4, NULL, NULL),
(36, 2, 15, NULL, NULL),
(37, 2, 10, NULL, NULL),
(38, 2, 9, NULL, NULL),
(39, 2, 8, NULL, NULL),
(40, 2, 17, NULL, NULL);



-- --------------------------------------------------------

-- --------------------------------------------------------

--
-- Dumping data for table `category_translations`
--

INSERT INTO `category_translations` (`id`, `name`, `trans-slug`, `meta_title`, `meta_description`, `meta_keywords`, `category_id`, `language_id`, `created_at`, `updated_at`) VALUES
(1, 'root', '', 'root', '', '', 1, 1, NULL, '2021-11-15 11:03:37'),
(2, 'Delivery', '', 'Delivery', '', '', 2, 1, NULL, '2021-11-15 11:03:37'),
(3, 'Restaurant', '', 'Restaurant', NULL, NULL, 3, 1, NULL, '2021-11-15 11:03:37'),
(4, 'Supermarket', '', 'Supermarket', NULL, NULL, 4, 1, NULL, '2021-11-15 11:03:37'),
(5, 'Pharmacy', '', 'Pharmacy', NULL, NULL, 5, 1, NULL, '2021-11-15 11:03:37'),
(6, 'Send something', '', 'Send something', '', '', 6, 1, NULL, '2021-11-15 11:03:37'),
(7, 'Buy something', '', 'Buy something', '', '', 7, 1, NULL, '2021-11-15 11:03:37'),
(8, 'Vegetables', '', 'Vegetables', NULL, NULL, 8, 1, NULL, '2021-11-15 11:03:37'),
(9, 'Fruits', '', 'Fruits', NULL, NULL, 9, 1, NULL, '2021-11-15 11:03:37'),
(10, 'Dairy and Eggs', '', 'Dairy and Eggs', NULL, NULL, 10, 1, NULL, '2021-11-15 11:03:37'),
(11, 'E-Commerce', '', 'E-Commerce', '', '', 11, 1, NULL, '2021-11-15 11:03:37'),
(12, 'Fashion', '', 'Fashion', NULL, NULL, 12, 1, NULL, '2021-11-15 11:03:37'),
(13, 'Dispatcher', '', 'Dispatcher', '', '', 13, 1, NULL, '2021-11-15 11:03:37'),
(14, 'Beverages', NULL, 'Beverages', NULL, NULL, 14, 1, '2021-09-30 12:19:38', '2021-11-15 11:03:37'),
(15, 'Baby Products', NULL, 'Baby Products', NULL, NULL, 15, 1, '2021-09-30 12:20:26', '2021-11-15 11:03:37'),
(16, 'Italian', NULL, 'Italian', NULL, NULL, 16, 1, '2021-09-30 12:22:04', '2021-11-15 11:03:37'),
(17, 'Chinese', NULL, 'chinese', NULL, NULL, 17, 1, '2021-09-30 12:22:36', '2021-11-15 11:03:37'),
(18, 'Fitness & Supplement', NULL, 'Fitness & Supplement', NULL, NULL, 18, 1, '2021-09-30 12:26:40', '2021-11-15 11:03:37'),
(19, 'Healthcare Device', NULL, 'Healthcare Device', NULL, NULL, 19, 1, '2021-09-30 12:27:06', '2021-11-15 11:03:37'),
(20, 'Men', NULL, 'Men', NULL, NULL, 20, 1, '2021-09-30 12:31:04', '2021-11-15 11:03:37'),
(21, 'Women', NULL, 'Women', NULL, NULL, 21, 1, '2021-09-30 12:34:11', '2021-11-15 11:03:37'),
(22, 'Electronics', NULL, 'Electronics', NULL, NULL, 22, 1, '2021-09-30 12:34:55', '2021-11-15 11:03:37'),
(23, 'Mobiles', NULL, NULL, NULL, NULL, 23, 1, '2021-09-30 12:35:55', '2021-11-15 11:03:37'),
(24, 'Laptops', NULL, 'Laptops', NULL, NULL, 24, 1, '2021-09-30 12:36:16', '2021-11-15 11:03:37');


-- --------------------------------------------------------

--
-- Dumping data for table `products`
--

INSERT INTO `products` (`id`, `sku`, `title`, `url_slug`, `description`, `body_html`, `vendor_id`, `category_id`, `type_id`, `country_origin_id`, `is_new`, `is_featured`, `is_live`, `is_physical`, `weight`, `weight_unit`, `has_inventory`, `has_variant`, `sell_when_out_of_stock`, `requires_shipping`, `Requires_last_mile`, `averageRating`, `inquiry_only`, `publish_at`, `created_at`, `updated_at`, `brand_id`, `tax_category_id`, `deleted_at`, `pharmacy_check`, `tags`, `need_price_from_dispatcher`, `mode_of_service`) VALUES
(1, 'sku-id1633003886', '1', 'sku-id1633003886', NULL, NULL, 1, NULL, 1, NULL, 1, 1, 1, 1, NULL, NULL, 0, 0, 0, 0, 0, '4.00', 0, NULL, NULL, '2021-09-30 12:11:26', NULL, NULL, '2021-09-30 12:11:26', 0, NULL, NULL, NULL),
(2, 'LAP998', 'Asus Zenbook', 'LAP998', NULL, '', 1, 24, 1, NULL, 1, 1, 1, 0, NULL, NULL, 1, 0, 0, 0, 1, '4.00', 0, '2021-09-30 13:20:38', NULL, '2021-10-08 12:12:48', 3, NULL, NULL, 0, NULL, '0', NULL),
(3, 'LAP999', 'Macbook', 'LAP999', NULL, '', 1, 24, 1, NULL, 1, 1, 1, 0, NULL, NULL, 1, 0, 0, 0, 1, '4.00', 0, '2021-09-30 13:21:12', NULL, '2021-10-08 12:13:04', 3, NULL, NULL, 0, NULL, '0', NULL),
(4, 'LAP1000', 'Hp Pavilion', 'LAP1000', NULL, '', 1, 24, 1, NULL, 1, 1, 1, 0, NULL, NULL, 1, 0, 0, 0, 1, '4.00', 0, '2021-09-30 13:22:03', NULL, '2021-10-08 12:13:21', 3, NULL, NULL, 0, NULL, '0', NULL),
(5, 'LAP1001', 'Dell Inspiron 14', 'LAP1001', NULL, '', 1, 24, 1, NULL, 1, 1, 1, 0, NULL, NULL, 1, 0, 0, 0, 1, '4.00', 0, '2021-09-30 13:22:54', NULL, '2021-10-08 12:13:31', 3, NULL, NULL, 0, NULL, '0', NULL),
(6, 'MOB881', 'OnePlus 9', 'MOB881', NULL, '', 1, 23, 1, NULL, 1, 1, 1, 0, NULL, NULL, 1, 0, 0, 0, 1, '4.00', 0, '2021-09-30 13:23:26', NULL, '2021-10-08 12:13:40', 3, NULL, NULL, 0, NULL, '0', NULL),
(7, 'MOB882', 'OnePlus Nord', 'MOB882', NULL, '', 1, 23, 1, NULL, 1, 1, 1, 0, NULL, NULL, 1, 0, 0, 0, 1, '4.00', 0, '2021-09-30 13:25:08', NULL, '2021-10-08 12:13:52', 3, NULL, NULL, 0, NULL, '0', NULL),
(8, 'MOB883', 'Iphone 12 Pro', 'MOB883', NULL, '', 1, 23, 1, NULL, 1, 1, 1, 0, NULL, NULL, 1, 0, 0, 0, 1, '4.00', 0, '2021-09-30 13:28:24', NULL, '2021-10-08 12:14:05', 3, NULL, NULL, 0, NULL, '0', NULL),
(9, 'MOB8841633025809', 'Iphone 11', 'MOB8841633025809', NULL, '', 1, 23, 1, NULL, 1, 0, 1, 0, NULL, NULL, 0, 0, 0, 0, 0, '4.00', 0, NULL, NULL, '2021-09-30 18:16:49', NULL, NULL, '2021-09-30 18:16:49', 0, NULL, NULL, NULL),
(10, 'MOB885', 'Redmi Note 10T', 'MOB885', NULL, '', 1, 23, 1, NULL, 1, 1, 1, 0, NULL, NULL, 1, 0, 0, 0, 1, '4.00', 0, '2021-09-30 18:18:47', NULL, '2021-10-08 12:14:29', 3, NULL, NULL, 0, NULL, '0', NULL),
(11, 'MOB8861633025822', 'Mi 10i', 'MOB8861633025822', NULL, '', 1, 23, 1, NULL, 1, 0, 1, 0, NULL, NULL, 0, 0, 0, 0, 0, '4.00', 0, NULL, NULL, '2021-09-30 18:17:02', NULL, NULL, '2021-09-30 18:17:02', 0, NULL, NULL, NULL),
(12, 'HD004', 'Vitamin B-12', 'HD004', NULL, '', 1, 18, 1, NULL, 1, 1, 1, 0, NULL, NULL, 1, 0, 0, 0, 1, '4.00', 0, '2021-09-30 18:20:29', NULL, '2021-10-08 12:14:45', 1, NULL, NULL, 0, NULL, '0', NULL),
(13, 'HD005', 'Folic B9', 'HD005', NULL, '', 1, 18, 1, NULL, 1, 1, 1, 0, NULL, NULL, 1, 0, 0, 0, 1, '4.00', 0, '2021-09-30 18:21:01', NULL, '2021-10-08 12:14:58', 1, NULL, NULL, 0, NULL, '0', NULL),
(14, 'HD006', 'Vitamin C + Zinc', 'HD006', NULL, '', 1, 18, 1, NULL, 1, 1, 1, 0, NULL, NULL, 1, 0, 0, 0, 1, '4.00', 0, '2021-09-30 18:21:23', NULL, '2021-10-08 12:15:16', 1, NULL, NULL, 0, NULL, '0', NULL),
(15, 'HD007', 'Casein Protein', 'HD007', NULL, '', 1, 18, 1, NULL, 1, 1, 1, 0, NULL, NULL, 1, 0, 0, 0, 1, '4.00', 0, '2021-09-30 18:21:56', NULL, '2021-10-08 12:15:29', 4, NULL, NULL, 0, NULL, '0', NULL),
(16, 'HD008', 'Hemp Protein', 'HD008', NULL, '', 1, 18, 1, NULL, 1, 1, 1, 0, NULL, NULL, 1, 0, 0, 0, 1, '4.00', 0, '2021-09-30 18:22:22', NULL, '2021-10-08 12:15:40', 4, NULL, NULL, 0, NULL, '0', NULL),
(17, 'HD009', 'Brown Rice Protein', 'HD009', NULL, '', 1, 18, 1, NULL, 1, 1, 1, 0, NULL, NULL, 1, 0, 0, 0, 1, '4.00', 0, '2021-09-30 18:22:41', NULL, '2021-10-08 12:15:54', 4, NULL, NULL, 0, NULL, '0', NULL),
(18, 'HC710', 'Thermometers', 'HC710', NULL, '', 1, 19, 1, NULL, 1, 1, 1, 0, NULL, NULL, 1, 0, 0, 0, 1, '4.00', 0, '2021-09-30 18:23:06', NULL, '2021-10-08 12:16:18', 4, NULL, NULL, 0, NULL, '0', NULL),
(19, 'HC711', 'Pulse Oximeter', 'HC711', NULL, '', 1, 19, 1, NULL, 1, 1, 1, 0, NULL, NULL, 1, 0, 0, 0, 1, '4.00', 0, '2021-09-30 18:23:25', NULL, '2021-10-08 12:16:29', 4, NULL, NULL, 0, NULL, '0', NULL),
(20, 'HC712', 'Breathe Free Vaporizer', 'HC712', NULL, '', 1, 19, 1, NULL, 1, 1, 1, 0, NULL, NULL, 1, 0, 0, 0, 1, '4.00', 0, '2021-09-30 18:24:39', NULL, '2021-10-08 12:16:38', 4, NULL, NULL, 0, NULL, '0', NULL),
(21, 'MllN859', 'Sunglasses', 'MllN859', NULL, '', 1, 20, 1, NULL, 1, 1, 1, 0, NULL, NULL, 1, 0, 0, 0, 1, '4.00', 0, '2021-09-30 18:25:09', NULL, '2021-10-11 09:50:02', 1, NULL, NULL, 0, NULL, '0', NULL),
(22, 'MllN860', 'Watches', 'MllN860', NULL, '', 1, 20, 1, NULL, 1, 1, 1, 0, NULL, NULL, 1, 0, 0, 0, 1, '4.00', 0, '2021-09-30 18:26:05', NULL, '2021-10-08 12:22:51', 1, NULL, NULL, 0, NULL, '0', NULL),
(23, 'MllN861', 'Jackets', 'MllN861', NULL, '', 1, 20, 1, NULL, 1, 1, 1, 0, NULL, NULL, 1, 0, 0, 0, 1, '4.00', 0, '2021-09-30 18:27:03', NULL, '2021-10-08 12:23:01', 1, NULL, NULL, 0, NULL, '0', NULL),
(24, 'MllN862', 'Coats', 'MllN862', NULL, '', 1, 20, 1, NULL, 1, 1, 1, 0, NULL, NULL, 1, 0, 0, 0, 1, '4.00', 0, '2021-09-30 18:28:25', NULL, '2021-10-08 12:23:13', 1, NULL, NULL, 0, NULL, '0', NULL),
(25, 'MllN863', 'Denim', 'MllN863', NULL, '', 1, 20, 1, NULL, 1, 1, 1, 0, NULL, NULL, 1, 0, 0, 0, 1, '4.00', 0, '2021-09-30 18:29:17', NULL, '2021-10-08 12:23:23', 1, NULL, NULL, 0, NULL, '0', NULL),
(26, 'WOMM851633370687', 'Bubble skirt', 'WOMM851633370687', NULL, '', 1, 21, 1, NULL, 1, 1, 1, 0, NULL, NULL, 1, 0, 0, 0, 0, '4.00', 0, '2021-09-30 18:33:23', NULL, '2021-10-04 18:04:47', NULL, NULL, '2021-10-04 18:04:47', 0, NULL, '0', NULL),
(27, 'WOMM861633192903', 'Circular skirt', 'WOMM861633192903', NULL, '', 1, 21, 1, NULL, 1, 1, 1, 0, NULL, NULL, 1, 0, 0, 0, 0, '4.00', 0, '2021-09-30 18:35:01', NULL, '2021-10-02 16:41:43', NULL, NULL, '2021-10-02 16:41:43', 0, NULL, '0', NULL),
(28, 'WOMM87', 'Printed', 'WOMM87', NULL, '', 1, 21, 1, NULL, 1, 1, 1, 0, NULL, NULL, 1, 0, 0, 0, 1, '4.00', 0, '2021-09-30 18:37:39', NULL, '2021-10-11 10:59:06', 1, NULL, NULL, 0, NULL, '0', NULL),
(29, 'WOMM88', 'Solids', 'WOMM88', NULL, '', 1, 21, 1, NULL, 1, 1, 1, 0, NULL, NULL, 1, 0, 0, 0, 1, '4.00', 0, '2021-09-30 18:38:54', NULL, '2021-10-11 10:58:51', 1, NULL, NULL, 0, NULL, '0', NULL),
(30, 'WOMM89', 'Partywear', 'WOMM89', NULL, '', 1, 21, 1, NULL, 1, 1, 1, 0, NULL, NULL, 1, 0, 0, 0, 1, '4.00', 0, '2021-09-30 18:42:34', NULL, '2021-10-11 11:14:27', 1, NULL, NULL, 0, NULL, '0', NULL),
(31, 'WOMM901633027384', 'Casual', 'WOMM901633027384', NULL, '', 1, 21, 1, NULL, 1, 0, 1, 0, NULL, NULL, 0, 0, 0, 0, 0, '4.00', 0, NULL, NULL, '2021-09-30 18:43:04', NULL, NULL, '2021-09-30 18:43:04', 0, NULL, NULL, NULL),
(32, 'WOMM91', 'Denim', 'WOMM91', NULL, '', 1, 21, 1, NULL, 1, 1, 1, 0, NULL, NULL, 1, 0, 0, 0, 1, '4.00', 0, '2021-09-30 18:45:17', NULL, '2021-10-11 11:01:22', 1, NULL, NULL, 0, NULL, '0', NULL),
(33, 'WOMM921633007580', 'High Ankle', 'WOMM921633007580', NULL, '', 1, 21, 1, NULL, 1, 0, 1, 0, NULL, NULL, 0, 0, 0, 0, 0, '4.00', 0, NULL, NULL, '2021-09-30 13:13:00', NULL, NULL, '2021-09-30 13:13:00', 0, NULL, NULL, NULL),
(34, 'WOMM931633027370', 'Long Coats', 'WOMM931633027370', NULL, '', 1, 21, 1, NULL, 1, 0, 1, 0, NULL, NULL, 0, 0, 0, 0, 0, '4.00', 0, NULL, NULL, '2021-09-30 18:42:50', NULL, NULL, '2021-09-30 18:42:50', 0, NULL, NULL, NULL),
(35, 'WOMM94', 'Fluffy Jackets', 'WOMM94', NULL, '', 1, 21, 1, NULL, 1, 1, 1, 0, NULL, NULL, 1, 0, 0, 0, 1, '4.00', 0, '2021-09-30 18:46:50', NULL, '2021-10-11 11:01:59', 1, NULL, NULL, 0, NULL, '0', NULL),
(36, 'ITA555', 'Margherita pizza', 'ITA555', NULL, '', 1, 16, 1, NULL, 1, 1, 1, 0, NULL, NULL, 1, 0, 0, 0, 1, '4.00', 0, '2021-09-30 18:48:09', NULL, '2021-10-11 11:04:29', 1, NULL, NULL, 0, NULL, '0', NULL),
(37, 'ITA556', 'Mushroom Risotto', 'ITA556', NULL, '', 1, 16, 1, NULL, 1, 1, 1, 0, NULL, NULL, 1, 0, 0, 0, 1, '4.00', 0, '2021-09-30 18:48:57', NULL, '2021-10-11 11:08:32', 1, NULL, NULL, 0, NULL, '0', NULL),
(38, 'ITA557', 'Focaccia Bread ', 'ITA557', NULL, '', 1, 16, 1, NULL, 1, 1, 1, 0, NULL, NULL, 1, 0, 0, 0, 1, '4.00', 0, '2021-09-30 18:49:59', NULL, '2021-10-11 11:08:19', 1, NULL, NULL, 0, NULL, '0', NULL),
(39, 'ITA558', 'Bruschetta', 'ITA558', NULL, '', 1, 16, 1, NULL, 1, 1, 1, 0, NULL, NULL, 1, 0, 0, 0, 1, '4.00', 0, '2021-09-30 18:50:45', NULL, '2021-10-11 11:09:01', 1, NULL, NULL, 0, NULL, '0', NULL),
(40, 'ITA5591633193854', 'Pasta Carbonara', 'ITA5591633193854', NULL, '', 1, 16, 1, NULL, 1, 1, 1, 0, NULL, NULL, 1, 0, 0, 0, 0, '4.00', 0, '2021-09-30 18:51:24', NULL, '2021-10-02 16:57:34', NULL, NULL, '2021-10-02 16:57:34', 0, NULL, '0', NULL),
(41, 'ITA5601633193865', 'Caprese Salad with Pesto Sauce', 'ITA5601633193865', NULL, '', 1, 16, 1, NULL, 1, 1, 1, 0, NULL, NULL, 1, 0, 0, 0, 0, '4.00', 0, '2021-09-30 18:52:32', NULL, '2021-10-02 16:57:45', NULL, NULL, '2021-10-02 16:57:45', 0, NULL, '0', NULL),
(42, 'CN907', 'Dim Sums', 'CN907', NULL, '', 1, 17, 1, NULL, 1, 1, 1, 0, NULL, NULL, 1, 0, 0, 0, 1, '4.00', 0, '2021-09-30 18:53:11', NULL, '2021-10-11 11:12:29', 2, NULL, NULL, 0, NULL, '0', NULL),
(43, 'CN908', 'Hot and Sour Soup', 'CN908', NULL, '', 1, 17, 1, NULL, 1, 1, 1, 0, NULL, NULL, 1, 0, 0, 0, 1, '4.00', 0, '2021-09-30 18:53:59', NULL, '2021-10-11 11:14:11', 2, NULL, NULL, 0, NULL, '0', NULL),
(44, 'CN9091633028058', 'Chicken with Chestnuts', 'CN9091633028058', NULL, '', 1, 17, 1, NULL, 1, 0, 1, 0, NULL, NULL, 0, 0, 0, 0, 0, '4.00', 0, NULL, NULL, '2021-09-30 18:54:18', NULL, NULL, '2021-09-30 18:54:18', 0, NULL, NULL, NULL),
(45, 'CN910', 'Spring Rolls', 'CN910', NULL, '', 1, 17, 1, NULL, 1, 1, 1, 0, NULL, NULL, 1, 0, 0, 0, 1, '4.00', 0, '2021-09-30 18:55:02', NULL, '2021-10-11 11:23:37', 2, NULL, NULL, 0, NULL, '0', NULL),
(46, 'CN9111633028114', 'Stir Fried Tofu with Rice', 'CN9111633028114', NULL, '', 1, 17, 1, NULL, 1, 0, 1, 0, NULL, NULL, 0, 0, 0, 0, 0, '4.00', 0, NULL, NULL, '2021-09-30 18:55:14', NULL, NULL, '2021-09-30 18:55:14', 0, NULL, NULL, NULL),
(47, 'CN912', 'Quick Noodles', 'CN912', NULL, '', 1, 17, 1, NULL, 1, 1, 1, 0, NULL, NULL, 1, 0, 0, 0, 1, '4.00', 0, '2021-09-30 18:55:54', NULL, '2021-10-04 18:40:41', NULL, NULL, NULL, 0, NULL, '0', NULL),
(48, 'GS009', 'Cow Full Fat Milk', 'GS009', NULL, '', 1, 10, 1, NULL, 1, 1, 1, 0, NULL, NULL, 1, 0, 0, 0, 1, '4.00', 0, '2021-09-30 18:59:43', NULL, '2021-10-08 12:18:10', 2, NULL, NULL, 0, NULL, '0', NULL),
(49, 'GS010', 'Brown Bread', 'GS010', NULL, '', 1, 10, 1, NULL, 1, 1, 1, 0, NULL, NULL, 1, 0, 0, 0, 1, '4.00', 0, '2021-09-30 19:01:32', NULL, '2021-10-08 12:18:21', 2, NULL, NULL, 0, NULL, '0', NULL),
(50, 'GS011', 'Eggs', 'GS011', NULL, '', 1, 10, 1, NULL, 1, 1, 1, 0, NULL, NULL, 1, 0, 0, 0, 1, '4.00', 0, '2021-09-30 19:02:54', NULL, '2021-10-08 12:18:30', 2, NULL, NULL, 0, NULL, '0', NULL),
(51, 'GS012', 'Cheese', 'GS012', NULL, '', 1, 10, 1, NULL, 1, 1, 1, 0, NULL, NULL, 1, 0, 0, 0, 1, '4.00', 0, '2021-09-30 19:03:43', NULL, '2021-10-08 12:18:38', 2, NULL, NULL, 0, NULL, '0', NULL),
(52, 'GS013', 'Choco lava cake', 'GS013', NULL, '', 1, 10, 1, NULL, 1, 1, 1, 0, NULL, NULL, 1, 0, 0, 0, 1, '4.00', 0, '2021-09-30 19:04:57', NULL, '2021-10-08 12:18:49', 2, NULL, NULL, 0, NULL, '0', NULL),
(53, 'GS014', 'Black Forest', 'GS014', NULL, '', 1, 10, 1, NULL, 1, 1, 1, 0, NULL, NULL, 1, 0, 0, 0, 1, '4.00', 0, '2021-09-30 19:07:44', NULL, '2021-10-08 12:19:00', 2, NULL, NULL, 0, NULL, '0', NULL),
(54, 'GS015', 'Blueberry Muffins', 'GS015', NULL, '', 1, 10, 1, NULL, 1, 1, 1, 0, NULL, NULL, 1, 0, 0, 0, 1, '4.00', 0, '2021-09-30 19:08:58', NULL, '2021-10-08 12:19:13', 2, NULL, NULL, 0, NULL, '0', NULL),
(55, 'GS0161633028957', 'Strawberry icecreams', 'GS0161633028957', NULL, '', 1, 10, 1, NULL, 1, 0, 1, 0, NULL, NULL, 0, 0, 0, 0, 0, '4.00', 0, NULL, NULL, '2021-09-30 19:09:17', NULL, NULL, '2021-09-30 19:09:17', 0, NULL, NULL, NULL),
(56, 'Veg458', 'Brocoli', 'Veg458', NULL, '', 1, 8, 1, NULL, 1, 1, 1, 0, NULL, NULL, 1, 0, 0, 0, 1, '4.00', 0, '2021-09-30 19:10:46', NULL, '2021-10-04 18:45:59', NULL, NULL, NULL, 0, NULL, '0', NULL),
(57, 'Veg459', 'Potato', 'Veg459', NULL, '', 1, 8, 1, NULL, 1, 1, 1, 0, NULL, NULL, 1, 0, 0, 0, 1, '4.00', 0, '2021-09-30 19:11:17', NULL, '2021-10-04 18:58:14', NULL, NULL, NULL, 0, NULL, '0', NULL),
(58, 'Veg460', 'Carrot', 'Veg460', NULL, '', 1, 8, 1, NULL, 1, 1, 1, 0, NULL, NULL, 1, 0, 0, 0, 1, '4.00', 0, '2021-09-30 19:11:38', NULL, '2021-10-04 18:47:49', NULL, NULL, NULL, 0, NULL, '0', NULL),
(59, 'Veg4611633029115', 'Raddish', 'Veg4611633029115', NULL, '', 1, 8, 1, NULL, 1, 0, 1, 0, NULL, NULL, 0, 0, 0, 0, 0, '4.00', 0, NULL, NULL, '2021-09-30 19:11:55', NULL, NULL, '2021-09-30 19:11:55', 0, NULL, NULL, NULL),
(60, 'FR559', 'Apple', 'FR559', NULL, '', 1, 9, 1, NULL, 1, 1, 1, 0, NULL, NULL, 1, 0, 0, 0, 1, '4.00', 0, '2021-09-30 19:12:28', NULL, '2021-10-08 12:20:13', 2, NULL, NULL, 0, NULL, '0', NULL),
(61, 'FR560', 'Mango', 'FR560', NULL, '', 1, 9, 1, NULL, 1, 1, 1, 0, NULL, NULL, 1, 0, 0, 0, 1, '4.00', 0, '2021-09-30 19:12:50', NULL, '2021-10-08 12:19:55', 2, NULL, NULL, 0, NULL, '0', NULL),
(62, 'FR561', 'Banana', 'FR561', NULL, '', 1, 9, 1, NULL, 1, 1, 1, 0, NULL, NULL, 1, 0, 0, 0, 1, '4.00', 0, '2021-09-30 19:13:26', NULL, '2021-10-08 12:20:04', 2, NULL, NULL, 0, NULL, '0', NULL),
(63, 'FR562', 'Papaya', 'FR562', NULL, '', 1, 9, 1, NULL, 1, 1, 1, 0, NULL, NULL, 1, 0, 0, 0, 1, '4.00', 0, '2021-09-30 19:13:49', NULL, '2021-10-04 18:51:32', NULL, NULL, NULL, 0, NULL, '0', NULL),
(64, 'BEV665', 'Tea & Coffee', 'BEV665', NULL, '', 1, 14, 1, NULL, 1, 1, 1, 0, NULL, NULL, 1, 0, 0, 0, 1, '4.00', 0, '2021-09-30 19:15:16', NULL, '2021-10-04 18:52:44', NULL, NULL, NULL, 0, NULL, '0', NULL),
(65, 'BEV666', 'Health Drinks', 'BEV666', NULL, '', 1, 14, 1, NULL, 1, 1, 1, 0, NULL, NULL, 1, 0, 0, 0, 1, '4.00', 0, '2021-09-30 19:15:56', NULL, '2021-10-04 18:58:50', NULL, NULL, NULL, 0, NULL, '0', NULL),
(66, 'BEV667', 'Cold Drinks', 'BEV667', NULL, '', 1, 14, 1, NULL, 1, 1, 1, 0, NULL, NULL, 1, 0, 0, 0, 1, '4.00', 0, '2021-09-30 19:18:23', NULL, '2021-10-04 18:53:17', NULL, NULL, NULL, 0, NULL, '0', NULL),
(67, 'BEV668', 'Water Soda', 'BEV668', NULL, '', 1, 14, 1, NULL, 1, 1, 1, 0, NULL, NULL, 1, 0, 0, 0, 1, '4.00', 0, '2021-09-30 19:19:18', NULL, '2021-10-04 18:54:53', NULL, NULL, NULL, 0, NULL, '0', NULL),
(68, 'BBB999', 'Baby Soaps', 'BBB999', NULL, '', 1, 15, 1, NULL, 1, 1, 1, 0, NULL, NULL, 1, 0, 0, 0, 1, '4.00', 0, '2021-09-30 19:22:09', NULL, '2021-10-04 18:55:30', NULL, NULL, NULL, 0, NULL, '0', NULL),
(69, 'BBB1000', 'Baby Oil', 'BBB1000', NULL, '', 1, 15, 1, NULL, 1, 1, 1, 0, NULL, NULL, 1, 0, 0, 0, 1, '4.00', 0, '2021-09-30 19:22:59', NULL, '2021-10-04 18:55:59', NULL, NULL, NULL, 0, NULL, '0', NULL),
(70, 'BBB1001', 'Baby Food', 'BBB1001', NULL, '', 1, 15, 1, NULL, 1, 1, 1, 0, NULL, NULL, 1, 0, 0, 0, 1, '4.00', 0, '2021-09-30 19:24:06', NULL, '2021-10-04 18:56:35', NULL, NULL, NULL, 0, NULL, '0', NULL),
(71, 'BBB1002', 'Baby Wipes', 'BBB1002', NULL, '', 1, 15, 1, NULL, 1, 1, 1, 0, NULL, NULL, 1, 0, 0, 0, 1, '4.00', 0, '2021-09-30 19:25:06', NULL, '2021-10-04 18:57:09', NULL, NULL, NULL, 0, NULL, '0', NULL),
(72, 'PO321', 'Stethoscope', 'PO321', NULL, '', 1, 19, 1, NULL, 1, 1, 1, 0, NULL, NULL, 1, 0, 0, 0, 1, NULL, 0, '2021-10-08 14:04:29', NULL, '2021-10-08 14:04:29', NULL, NULL, NULL, 0, NULL, '0', NULL),
(73, 'PO322', 'Blood Pressure Monitor', 'PO322', NULL, '', 1, 19, 1, NULL, 1, 1, 1, 0, NULL, NULL, 1, 0, 0, 0, 1, NULL, 0, '2021-10-08 14:06:34', NULL, '2021-10-08 14:06:34', NULL, NULL, NULL, 0, NULL, '0', NULL),
(74, 'PO323', 'Blood Glucose Monitors', 'PO323', NULL, '', 1, 19, 1, NULL, 1, 1, 1, 0, NULL, NULL, 1, 0, 0, 0, 1, NULL, 0, '2021-10-08 14:08:18', NULL, '2021-10-08 14:08:18', NULL, NULL, NULL, 0, NULL, '0', NULL),
(75, 'PO324', 'Blood Pressure Monitor', 'PO324', NULL, '', 1, 19, 1, NULL, 1, 1, 1, 0, NULL, NULL, 1, 0, 0, 0, 1, NULL, 0, '2021-10-08 14:15:41', NULL, '2021-10-08 14:15:41', NULL, NULL, NULL, 0, NULL, '0', NULL),
(76, 'NH159', 'Samsung Galaxy S7', 'NH159', NULL, '', 1, 23, 1, NULL, 1, 1, 1, 0, NULL, NULL, 1, 0, 0, 0, 1, NULL, 0, '2021-10-08 14:21:58', NULL, '2021-10-08 14:21:58', NULL, NULL, NULL, 0, NULL, '0', NULL),
(77, 'NH160', 'Lenovo Z2 Plus', 'NH160', NULL, '', 1, 23, 1, NULL, 1, 1, 1, 0, NULL, NULL, 1, 0, 0, 0, 1, NULL, 0, '2021-10-08 14:23:12', NULL, '2021-10-08 14:26:02', NULL, NULL, NULL, 0, NULL, '0', NULL),
(78, 'NH161', 'Macbook Air', 'NH161', NULL, '', 1, 24, 1, NULL, 1, 1, 1, 0, NULL, NULL, 1, 0, 0, 0, 1, NULL, 0, '2021-10-08 14:25:03', NULL, '2021-10-08 14:25:03', NULL, NULL, NULL, 0, NULL, '0', NULL),
(79, 'NH162', 'Dell XPS 13', 'NH162', NULL, '', 1, 24, 1, NULL, 1, 1, 1, 0, NULL, NULL, 1, 0, 0, 0, 1, NULL, 0, '2021-10-08 14:28:09', NULL, '2021-10-08 14:28:09', NULL, NULL, NULL, 0, NULL, '0', NULL),
(80, 'FG123', 'Baby shampoos', 'FG123', NULL, '', 1, 15, 1, NULL, 1, 1, 1, 0, NULL, NULL, 1, 0, 0, 0, 1, NULL, 0, '2021-10-08 14:31:06', NULL, '2021-10-08 14:31:06', NULL, NULL, NULL, 0, NULL, '0', NULL),
(81, 'FG124', 'Honey Badger Blitz', 'FG124', NULL, '', 1, 14, 1, NULL, 1, 1, 1, 0, NULL, NULL, 1, 0, 0, 0, 1, NULL, 0, '2021-10-08 14:35:59', NULL, '2021-10-08 14:35:59', NULL, NULL, NULL, 0, NULL, '0', NULL),
(82, 'FG125', 'Oranges', 'FG125', NULL, '', 1, 9, 1, NULL, 1, 1, 1, 0, NULL, NULL, 1, 0, 0, 0, 1, NULL, 0, '2021-10-08 14:37:08', NULL, '2021-10-11 09:45:54', NULL, NULL, NULL, 0, NULL, '0', NULL),
(83, 'FG126', 'Onion', 'FG126', NULL, '', 1, 8, 1, NULL, 1, 1, 1, 0, NULL, NULL, 1, 0, 0, 0, 1, NULL, 0, '2021-10-08 14:39:16', NULL, '2021-10-08 14:39:16', NULL, NULL, NULL, 0, NULL, '0', NULL),
(84, 'FG127', 'Tomato', 'FG127', NULL, '', 1, 8, 1, NULL, 1, 1, 1, 0, NULL, NULL, 1, 0, 0, 0, 1, NULL, 0, '2021-10-08 14:40:45', NULL, '2021-10-08 14:40:45', NULL, NULL, NULL, 0, NULL, '0', NULL);

-- --------------------------------------------------------

--
-- Dumping data for table `product_addons`
--

INSERT INTO `product_addons` (`product_id`, `addon_id`, `created_at`, `updated_at`) VALUES
(2, 2, NULL, NULL),
(3, 3, NULL, NULL),
(4, 4, NULL, NULL),
(5, 5, NULL, NULL),
(6, 6, NULL, NULL),
(7, 7, NULL, NULL),
(8, 8, NULL, NULL),
(10, 9, NULL, NULL),
(12, 10, NULL, NULL),
(13, 11, NULL, NULL),
(14, 12, NULL, NULL),
(15, 13, NULL, NULL),
(16, 14, NULL, NULL),
(17, 15, NULL, NULL),
(18, 16, NULL, NULL),
(19, 17, NULL, NULL),
(20, 18, NULL, NULL),
(21, 19, NULL, NULL),
(22, 20, NULL, NULL),
(23, 21, NULL, NULL),
(24, 22, NULL, NULL),
(25, 23, NULL, NULL),
(29, 25, NULL, NULL),
(32, 27, NULL, NULL),
(35, 28, NULL, NULL),
(36, 29, NULL, NULL),
(38, 31, NULL, NULL),
(37, 30, NULL, NULL),
(42, 33, NULL, NULL),
(30, 26, NULL, NULL),
(47, 37, NULL, NULL),
(48, 38, NULL, NULL),
(43, 34, NULL, NULL),
(45, 36, NULL, NULL),
(49, 39, NULL, NULL),
(50, 40, NULL, NULL),
(51, 41, NULL, NULL),
(52, 42, NULL, NULL),
(53, 43, NULL, NULL);
-- --------------------------------------------------------

--
-- Dumping data for table `product_categories`
--

INSERT INTO `product_categories` (`product_id`, `category_id`, `created_at`, `updated_at`) VALUES
(1, 11, NULL, NULL),
(2, 24, NULL, NULL),
(2, 24, NULL, NULL),
(3, 24, NULL, NULL),
(2, 24, NULL, NULL),
(3, 24, NULL, NULL),
(4, 24, NULL, NULL),
(2, 24, NULL, NULL),
(3, 24, NULL, NULL),
(4, 24, NULL, NULL),
(5, 24, NULL, NULL),
(6, 23, NULL, NULL),
(6, 23, NULL, NULL),
(7, 23, NULL, NULL),
(6, 23, NULL, NULL),
(7, 23, NULL, NULL),
(8, 23, NULL, NULL),
(6, 23, NULL, NULL),
(7, 23, NULL, NULL),
(8, 23, NULL, NULL),
(9, 23, NULL, NULL),
(6, 23, NULL, NULL),
(7, 23, NULL, NULL),
(8, 23, NULL, NULL),
(9, 23, NULL, NULL),
(10, 23, NULL, NULL),
(6, 23, NULL, NULL),
(7, 23, NULL, NULL),
(8, 23, NULL, NULL),
(9, 23, NULL, NULL),
(10, 23, NULL, NULL),
(11, 23, NULL, NULL),
(12, 18, NULL, NULL),
(12, 18, NULL, NULL),
(13, 18, NULL, NULL),
(12, 18, NULL, NULL),
(13, 18, NULL, NULL),
(14, 18, NULL, NULL),
(12, 18, NULL, NULL),
(13, 18, NULL, NULL),
(14, 18, NULL, NULL),
(15, 18, NULL, NULL),
(12, 18, NULL, NULL),
(13, 18, NULL, NULL),
(14, 18, NULL, NULL),
(15, 18, NULL, NULL),
(16, 18, NULL, NULL),
(12, 18, NULL, NULL),
(13, 18, NULL, NULL),
(14, 18, NULL, NULL),
(15, 18, NULL, NULL),
(16, 18, NULL, NULL),
(17, 18, NULL, NULL),
(18, 19, NULL, NULL),
(18, 19, NULL, NULL),
(19, 19, NULL, NULL),
(18, 19, NULL, NULL),
(19, 19, NULL, NULL),
(20, 19, NULL, NULL),
(21, 20, NULL, NULL),
(21, 20, NULL, NULL),
(22, 20, NULL, NULL),
(21, 20, NULL, NULL),
(22, 20, NULL, NULL),
(23, 20, NULL, NULL),
(21, 20, NULL, NULL),
(22, 20, NULL, NULL),
(23, 20, NULL, NULL),
(24, 20, NULL, NULL),
(21, 20, NULL, NULL),
(22, 20, NULL, NULL),
(23, 20, NULL, NULL),
(24, 20, NULL, NULL),
(25, 20, NULL, NULL),
(26, 21, NULL, NULL),
(26, 21, NULL, NULL),
(27, 21, NULL, NULL),
(26, 21, NULL, NULL),
(27, 21, NULL, NULL),
(28, 21, NULL, NULL),
(26, 21, NULL, NULL),
(27, 21, NULL, NULL),
(28, 21, NULL, NULL),
(29, 21, NULL, NULL),
(26, 21, NULL, NULL),
(27, 21, NULL, NULL),
(28, 21, NULL, NULL),
(29, 21, NULL, NULL),
(30, 21, NULL, NULL),
(26, 21, NULL, NULL),
(27, 21, NULL, NULL),
(28, 21, NULL, NULL),
(29, 21, NULL, NULL),
(30, 21, NULL, NULL),
(31, 21, NULL, NULL),
(26, 21, NULL, NULL),
(27, 21, NULL, NULL),
(28, 21, NULL, NULL),
(29, 21, NULL, NULL),
(30, 21, NULL, NULL),
(31, 21, NULL, NULL),
(32, 21, NULL, NULL),
(26, 21, NULL, NULL),
(27, 21, NULL, NULL),
(28, 21, NULL, NULL),
(29, 21, NULL, NULL),
(30, 21, NULL, NULL),
(31, 21, NULL, NULL),
(32, 21, NULL, NULL),
(33, 21, NULL, NULL),
(26, 21, NULL, NULL),
(27, 21, NULL, NULL),
(28, 21, NULL, NULL),
(29, 21, NULL, NULL),
(30, 21, NULL, NULL),
(31, 21, NULL, NULL),
(32, 21, NULL, NULL),
(33, 21, NULL, NULL),
(34, 21, NULL, NULL),
(26, 21, NULL, NULL),
(27, 21, NULL, NULL),
(28, 21, NULL, NULL),
(29, 21, NULL, NULL),
(30, 21, NULL, NULL),
(31, 21, NULL, NULL),
(32, 21, NULL, NULL),
(33, 21, NULL, NULL),
(34, 21, NULL, NULL),
(35, 21, NULL, NULL),
(36, 16, NULL, NULL),
(36, 16, NULL, NULL),
(37, 16, NULL, NULL),
(36, 16, NULL, NULL),
(37, 16, NULL, NULL),
(38, 16, NULL, NULL),
(36, 16, NULL, NULL),
(37, 16, NULL, NULL),
(38, 16, NULL, NULL),
(39, 16, NULL, NULL),
(36, 16, NULL, NULL),
(37, 16, NULL, NULL),
(38, 16, NULL, NULL),
(39, 16, NULL, NULL),
(40, 16, NULL, NULL),
(36, 16, NULL, NULL),
(37, 16, NULL, NULL),
(38, 16, NULL, NULL),
(39, 16, NULL, NULL),
(40, 16, NULL, NULL),
(41, 16, NULL, NULL),
(42, 17, NULL, NULL),
(42, 17, NULL, NULL),
(43, 17, NULL, NULL),
(42, 17, NULL, NULL),
(43, 17, NULL, NULL),
(44, 17, NULL, NULL),
(42, 17, NULL, NULL),
(43, 17, NULL, NULL),
(44, 17, NULL, NULL),
(45, 17, NULL, NULL),
(42, 17, NULL, NULL),
(43, 17, NULL, NULL),
(44, 17, NULL, NULL),
(45, 17, NULL, NULL),
(46, 17, NULL, NULL),
(42, 17, NULL, NULL),
(43, 17, NULL, NULL),
(44, 17, NULL, NULL),
(45, 17, NULL, NULL),
(46, 17, NULL, NULL),
(47, 17, NULL, NULL),
(48, 10, NULL, NULL),
(48, 10, NULL, NULL),
(49, 10, NULL, NULL),
(48, 10, NULL, NULL),
(49, 10, NULL, NULL),
(50, 10, NULL, NULL),
(48, 10, NULL, NULL),
(49, 10, NULL, NULL),
(50, 10, NULL, NULL),
(51, 10, NULL, NULL),
(48, 10, NULL, NULL),
(49, 10, NULL, NULL),
(50, 10, NULL, NULL),
(51, 10, NULL, NULL),
(52, 10, NULL, NULL),
(48, 10, NULL, NULL),
(49, 10, NULL, NULL),
(50, 10, NULL, NULL),
(51, 10, NULL, NULL),
(52, 10, NULL, NULL),
(53, 10, NULL, NULL),
(48, 10, NULL, NULL),
(49, 10, NULL, NULL),
(50, 10, NULL, NULL),
(51, 10, NULL, NULL),
(52, 10, NULL, NULL),
(53, 10, NULL, NULL),
(54, 10, NULL, NULL),
(48, 10, NULL, NULL),
(49, 10, NULL, NULL),
(50, 10, NULL, NULL),
(51, 10, NULL, NULL),
(52, 10, NULL, NULL),
(53, 10, NULL, NULL),
(54, 10, NULL, NULL),
(55, 10, NULL, NULL),
(56, 8, NULL, NULL),
(56, 8, NULL, NULL),
(57, 8, NULL, NULL),
(56, 8, NULL, NULL),
(57, 8, NULL, NULL),
(58, 8, NULL, NULL),
(56, 8, NULL, NULL),
(57, 8, NULL, NULL),
(58, 8, NULL, NULL),
(59, 8, NULL, NULL),
(60, 9, NULL, NULL),
(60, 9, NULL, NULL),
(61, 9, NULL, NULL),
(60, 9, NULL, NULL),
(61, 9, NULL, NULL),
(62, 9, NULL, NULL),
(60, 9, NULL, NULL),
(61, 9, NULL, NULL),
(62, 9, NULL, NULL),
(63, 9, NULL, NULL),
(64, 14, NULL, NULL),
(64, 14, NULL, NULL),
(65, 14, NULL, NULL),
(64, 14, NULL, NULL),
(65, 14, NULL, NULL),
(66, 14, NULL, NULL),
(64, 14, NULL, NULL),
(65, 14, NULL, NULL),
(66, 14, NULL, NULL),
(67, 14, NULL, NULL),
(68, 15, NULL, NULL),
(68, 15, NULL, NULL),
(69, 15, NULL, NULL),
(68, 15, NULL, NULL),
(69, 15, NULL, NULL),
(70, 15, NULL, NULL),
(68, 15, NULL, NULL),
(69, 15, NULL, NULL),
(70, 15, NULL, NULL),
(71, 15, NULL, NULL),
(72, 19, NULL, NULL),
(72, 19, NULL, NULL),
(73, 19, NULL, NULL),
(72, 19, NULL, NULL),
(73, 19, NULL, NULL),
(74, 19, NULL, NULL),
(72, 19, NULL, NULL),
(73, 19, NULL, NULL),
(74, 19, NULL, NULL),
(75, 19, NULL, NULL),
(76, 23, NULL, NULL),
(76, 23, NULL, NULL),
(77, 23, NULL, NULL),
(76, 23, NULL, NULL),
(77, 23, NULL, NULL),
(78, 24, NULL, NULL),
(76, 23, NULL, NULL),
(77, 23, NULL, NULL),
(78, 24, NULL, NULL),
(79, 24, NULL, NULL),
(80, 15, NULL, NULL),
(80, 15, NULL, NULL),
(81, 14, NULL, NULL),
(80, 15, NULL, NULL),
(81, 14, NULL, NULL),
(82, 9, NULL, NULL),
(80, 15, NULL, NULL),
(81, 14, NULL, NULL),
(82, 9, NULL, NULL),
(83, 8, NULL, NULL),
(80, 15, NULL, NULL),
(81, 14, NULL, NULL),
(82, 9, NULL, NULL),
(83, 8, NULL, NULL),
(84, 8, NULL, NULL);

-- --------------------------------------------------------

--
-- Dumping data for table `vendor_media`
--

INSERT INTO `vendor_media` (`id`, `media_type`, `vendor_id`, `path`, `created_at`, `updated_at`) VALUES
(25, 1, 1, 'prods/T3SDljRHdqmYvYTKwdzZTf3nJgiU5EFpwIy0AxbO.jpg', '2021-09-30 18:34:59', '2021-09-30 18:34:59'),
(31, 1, 1, 'prods/jtpERRhiFVODYnZTN65l6mvai1KddSgQulbMeqv2.jpg', '2021-09-30 18:46:50', '2021-09-30 18:46:50'),
(38, 1, 1, 'prods/drI42TciE25QhCrsffVxG2ysXlVBBwFzbfDxn6k0.jpg', '2021-09-30 18:51:53', '2021-09-30 18:51:53'),
(39, 1, 1, 'prods/6LlQYip9ed17tQNcQIXiG5wXn5KNqRwjs9uc4ykV.jpg', '2021-09-30 18:52:31', '2021-09-30 18:52:31'),
(50, 1, 1, 'prods/I6gK5rmz16K7W0MIWi7RdAUrUQRwWrFBiObTGxdt.jpg', '2021-09-30 19:07:36', '2021-09-30 19:07:36'),
(60, 1, 1, 'prods/Kl7l3yLnFNTkF2GttcvdNiTNTAB7oVBszR04Xcpo.png', '2021-09-30 19:15:58', '2021-09-30 19:15:58'),
(62, 1, 1, 'prods/g2JQgvI2OH0RToPUcvgLPWHgTlkBA1HZlBKlFtzt.jpg', '2021-09-30 19:16:39', '2021-09-30 19:16:39'),
(76, 1, 1, 'prods/URMgpTnnKz0uOQKYjiFmXcOqtNFZ9wN0wXe4zeka.png', '2021-10-02 16:29:24', '2021-10-02 16:29:24'),
(77, 1, 1, 'prods/CMtLsYQVg9cTYreeWXwSrxoed4hwcACL63tAXucw.png', '2021-10-02 16:29:24', '2021-10-02 16:29:24'),
(91, 1, 1, 'prods/XoqUXRAOchbaNm8k9xvf8Zz3aicCAoJp7p1D1YZh.png', '2021-10-02 16:41:22', '2021-10-02 16:41:22'),
(92, 1, 1, 'prods/xzuDWmtN5Pkfrb7OluG8uFhUTAQ5Xj43ctXkVWw6.png', '2021-10-02 16:42:08', '2021-10-02 16:42:08'),
(93, 1, 1, 'prods/vkDEURNf3xTChX5bSrKCStcrmXMq7i5qESDhZu15.png', '2021-10-02 16:43:51', '2021-10-02 16:43:51'),
(94, 1, 1, 'prods/2PU1qeuENezLjeKbB16b1mwtpz66LLxZ5OHj8VKM.png', '2021-10-02 16:43:55', '2021-10-02 16:43:55'),
(95, 1, 1, 'prods/Z3SoW30MJLgmYbvX8v1OYriWERgaAbhQVCpKoiZl.png', '2021-10-02 16:44:30', '2021-10-02 16:44:30'),
(97, 1, 1, 'prods/53yb5kpgZoKx5wZ8IuQSo7OjklenyKmlsCUoYqLL.png', '2021-10-02 16:48:22', '2021-10-02 16:48:22'),
(98, 1, 1, 'prods/hI2A2L8w2BJ4Sfsj2ZI9GkQUWhCA8k4CzOptAPFi.jpg', '2021-10-02 16:49:23', '2021-10-02 16:49:23'),
(99, 1, 1, 'prods/XA7hb9xiPFAxElV5Vo2ziFcgGAJl3DDnTWKGHdml.jpg', '2021-10-02 16:50:50', '2021-10-02 16:50:50'),
(100, 1, 1, 'prods/JIIrZLv1zEOKazME0dTcsaHxuVy3HD3wAwUDNnYv.jpg', '2021-10-02 16:51:57', '2021-10-02 16:51:57'),
(102, 1, 1, 'prods/klBENPLksJzQXtZ3BQT6Bk6V4mmXrKk9jVktEdZe.png', '2021-10-02 16:53:42', '2021-10-02 16:53:42'),
(103, 1, 1, 'prods/yMbxrqn03i5nPOOSuOiQLShUnIPBlzJLRlorxoUp.png', '2021-10-02 16:54:18', '2021-10-02 16:54:18'),
(104, 1, 1, 'prods/Zi45ZbpfXOoJawrpTGtpsoJBHos7qa3XLsjLhBeV.png', '2021-10-02 16:58:49', '2021-10-02 16:58:49'),
(105, 1, 1, 'prods/DM4Dtz6Uo51HdEcOk1Y7kIiQGdMGcBO5dcsmUrfQ.png', '2021-10-02 16:59:31', '2021-10-02 16:59:31'),
(106, 1, 1, 'prods/pPNnyQITCN7RxpKkdlwyuMqZcfvrUSkmEwHW57MU.png', '2021-10-02 17:00:04', '2021-10-02 17:00:04'),
(107, 1, 1, 'prods/IU1LIaRsM9Amsw7EQ8nxazCtVl01wp7UZthfQIcX.png', '2021-10-02 17:00:36', '2021-10-02 17:00:36'),
(110, 1, 1, 'prods/ymut4jKWY7UIkq2kitRT157zC44cLUJTJalLiMXx.jpg', '2021-10-02 17:02:53', '2021-10-02 17:02:53'),
(112, 1, 1, 'prods/sFxfmI1dRioKcL85WsHSs5x6GDawLPvxfe5tUyBA.jpg', '2021-10-02 17:03:41', '2021-10-02 17:03:41'),
(114, 1, 1, 'prods/K2RSRFohfDpMwiXhou9gy43hBU8eywj03XNzpKbk.jpg', '2021-10-02 17:04:33', '2021-10-02 17:04:33'),
(115, 1, 1, 'prods/iBuE0iYD9GJ7Wj9K0bHLygxAEVqm9twuqulSdOUQ.jpg', '2021-10-02 17:04:42', '2021-10-02 17:04:42'),
(116, 1, 1, 'prods/kx01RvJNvvOUiX0Lkl31v4OPNLyhVeTYF5JXKadU.jpg', '2021-10-02 17:04:53', '2021-10-02 17:04:53'),
(117, 1, 1, 'prods/j0PQJQnqCpN1SZt1Cu8OfMRnKykP7OMCDlaiv5tn.png', '2021-10-02 17:06:13', '2021-10-02 17:06:13'),
(119, 1, 1, 'prods/VuZIRIF1u6NHGIcQpd8WA3yMqnGuUx2YQd0Z0Jvu.png', '2021-10-02 17:08:13', '2021-10-02 17:08:13'),
(121, 1, 1, 'prods/lmn9jwmNUmI0FBUw43BV144rYiZlnBKX2HWfyAUc.png', '2021-10-02 17:09:49', '2021-10-02 17:09:49'),
(122, 1, 1, 'prods/tv4ATMgYVM4GvcgP3N3meZ6Zyyb0DpfN0Gic1WNX.jpg', '2021-10-02 17:10:22', '2021-10-02 17:10:22'),
(125, 1, 1, 'prods/rOS9H8RF9eADicFWLzImYCvVAPRrPthNEmSedcdW.png', '2021-10-04 14:23:00', '2021-10-04 14:23:00'),
(126, 1, 1, 'prods/PxP13hLgPMP9NNHgPinNxCeLSLQJPeRtrVkvV0gW.png', '2021-10-04 18:06:37', '2021-10-04 18:06:37'),
(127, 1, 1, 'prods/VNf8tKooECDC31AWZByakNOlQT8lnixuBnFzKCWK.png', '2021-10-04 18:06:59', '2021-10-04 18:06:59'),
(128, 1, 1, 'prods/gELA4OEx7NW67iHogYDCT48PFLBVsAE7nKUi1jy9.png', '2021-10-04 18:07:50', '2021-10-04 18:07:50'),
(129, 1, 1, 'prods/1tGn4F2oCHCWrWTiz0x6JciFklwxylXUsjqt970M.png', '2021-10-04 18:08:19', '2021-10-04 18:08:19'),
(130, 1, 1, 'prods/zZf7d1mv3LYNUR6jVOMPT9K55bByB1bV1vGm1ofI.png', '2021-10-04 18:09:06', '2021-10-04 18:09:06'),
(131, 1, 1, 'prods/w0USO5X61qpZ1vY56WsLxYStGPSMoODozMlI89Hx.png', '2021-10-04 18:09:57', '2021-10-04 18:09:57'),
(132, 1, 1, 'prods/PcI903boVt8ROAm4Ji7CQmcYmmf3rN6nW5Io9y6C.png', '2021-10-04 18:25:13', '2021-10-04 18:25:13'),
(133, 1, 1, 'prods/8HaWyR34SeiZA8i3xH5pLEe4nml4WfJoXL9mnzUp.png', '2021-10-04 18:25:47', '2021-10-04 18:25:47'),
(134, 1, 1, 'prods/lC0zX9CdHktOWHsD7Bdby00VK0kczBCSkkK21QeN.png', '2021-10-04 18:26:07', '2021-10-04 18:26:07'),
(135, 1, 1, 'prods/ORJokadDajfYxD1NCbRDUOx5SWXvRUKBl8jf9eO2.png', '2021-10-04 18:26:31', '2021-10-04 18:26:31'),
(136, 1, 1, 'prods/sFkZQ3WeF7iBKAnYCaWtccNdDLQKOXZfEQj74baB.png', '2021-10-04 18:26:56', '2021-10-04 18:26:56'),
(137, 1, 1, 'prods/DNazpO2f17t7vkBrp4e4inqjI9Q1M7nAHgoLSsM8.png', '2021-10-04 18:27:14', '2021-10-04 18:27:14'),
(138, 1, 1, 'prods/0umoVmtfVidICQGbU4KqQhSsCbjgl3spkqbkCs3z.png', '2021-10-04 18:28:13', '2021-10-04 18:28:13'),
(139, 1, 1, 'prods/LHSxNRWCKw5X4cYa4R1o4OL8NjIiZbHRxiMq4lZW.png', '2021-10-04 18:28:39', '2021-10-04 18:28:39'),
(140, 1, 1, 'prods/6OaP6buiXTOwnG6bgCunmhrJeof7DtPkgqWjwqt6.png', '2021-10-04 18:29:14', '2021-10-04 18:29:14'),
(141, 1, 1, 'prods/hN65OsgbUjVutcvNBDyW6VreniIw3L7tcOFkDJpf.png', '2021-10-04 18:29:40', '2021-10-04 18:29:40'),
(142, 1, 1, 'prods/VHim4bk3oUu1Fn5tAWOjk4r106sTuB4VhiCv5A8N.png', '2021-10-04 18:30:10', '2021-10-04 18:30:10'),
(143, 1, 1, 'prods/xwUuLw5kSuyJ6Y57QqGZSOS9sUtvKyg1bTy8BJcP.png', '2021-10-04 18:30:38', '2021-10-04 18:30:38'),
(144, 1, 1, 'prods/PrgZGORWWCsWiEVnpnPNPp3AgyEjEq4TpPyzi5kb.png', '2021-10-04 18:31:05', '2021-10-04 18:31:05'),
(145, 1, 1, 'prods/945do06LDvHpVWCvpCwxcM975ePQD0j35rkGtbcn.png', '2021-10-04 18:31:41', '2021-10-04 18:31:41'),
(146, 1, 1, 'prods/MAn17xEKHsv9vryQBJ6ONHH0514sT2OqP2oNyOhQ.png', '2021-10-04 18:31:49', '2021-10-04 18:31:49'),
(147, 1, 1, 'prods/3MLT9kRE0xxb0fr0YeGRQOB3gQZkjkrzQEt5RAzI.png', '2021-10-04 18:32:43', '2021-10-04 18:32:43'),
(148, 1, 1, 'prods/0zWpUTNL84h8W4zVNU26K9tUg467CSKe0Q1MyCKm.png', '2021-10-04 18:32:52', '2021-10-04 18:32:52'),
(149, 1, 1, 'prods/P4jU9VCxoz59des7zs2uON75x6925rEkSTsavK2O.png', '2021-10-04 18:33:39', '2021-10-04 18:33:39'),
(150, 1, 1, 'prods/jXEU25GZ3ZVtWCcCGpsuM2m7r28qztlnBHyihQ3b.png', '2021-10-04 18:34:18', '2021-10-04 18:34:18'),
(151, 1, 1, 'prods/ncH61KKDxmiDMy5HaBemwaIvBWtuZx7c7Bpb9hEO.png', '2021-10-04 18:35:33', '2021-10-04 18:35:33'),
(152, 1, 1, 'prods/iJN8B2XxRd3h9eoH7Wd5NdWJFEhIj9Uv5mQEXxnG.png', '2021-10-04 18:37:17', '2021-10-04 18:37:17'),
(153, 1, 1, 'prods/ceXW7aW1XIsQCId6gq9cRFNPpUb6LvGPzuvSF6AT.png', '2021-10-04 18:37:32', '2021-10-04 18:37:32'),
(154, 1, 1, 'prods/Lcht7yz1WdGQmvlKDtxjzlIfvFiQGFd6xca1qLPA.png', '2021-10-04 18:38:32', '2021-10-04 18:38:32'),
(155, 1, 1, 'prods/HwZqn0GyZRpQggB8lXPWpG4Pdp32ZnNTOUN6yxSa.png', '2021-10-04 18:41:33', '2021-10-04 18:41:33'),
(156, 1, 1, 'prods/W7bDxYDWeLsFkWXTFqQDY8VCL8yU49hdj8U46tUl.png', '2021-10-04 18:42:37', '2021-10-04 18:42:37'),
(157, 1, 1, 'prods/6TifXuEOLJIj6XVh9B55fYU9v0iphi41YpekmLHF.png', '2021-10-04 18:43:11', '2021-10-04 18:43:11'),
(158, 1, 1, 'prods/fRuKoDcVCEMs5UExXerZEIezTmfy7M7eYqPsltHx.png', '2021-10-04 18:44:27', '2021-10-04 18:44:27'),
(159, 1, 1, 'prods/ByALfsMhJebbdIUiE9xW60mhBlPFpirWZpaMcIJI.png', '2021-10-04 18:45:04', '2021-10-04 18:45:04'),
(160, 1, 1, 'prods/WqfJ8FXcbsmJH7Zw1tZHIj2CxpOSOi8cXQfkdmHu.png', '2021-10-04 18:45:57', '2021-10-04 18:45:57'),
(161, 1, 1, 'prods/ObMvscmiW4b66YcsGPVMMFvjsJE6nfHo6sHOGJC3.png', '2021-10-04 18:47:05', '2021-10-04 18:47:05'),
(162, 1, 1, 'prods/J80VYGGGG8LUJ0N2EHez6erxWY2HXJfb8hCyjLed.png', '2021-10-04 18:47:46', '2021-10-04 18:47:46'),
(163, 1, 1, 'prods/wr1iG6QrlnvKCsZSheRR0hq3r0GdjlFJrzq6Psqg.png', '2021-10-04 18:48:59', '2021-10-04 18:48:59'),
(164, 1, 1, 'prods/sTwGkgTSge5O8HPeoEDlf0Qj9cGzGFRl2O2qZIA9.png', '2021-10-04 18:49:50', '2021-10-04 18:49:50'),
(165, 1, 1, 'prods/9R1Y67Fztb2CLLQ42xsiw8W2GnGdyL9g1h2dWGNE.png', '2021-10-04 18:50:35', '2021-10-04 18:50:35'),
(166, 1, 1, 'prods/oTn2YlB43mqIbpkBUlsqttkFeYP2wKVKXo52kBSy.png', '2021-10-04 18:51:28', '2021-10-04 18:51:28'),
(167, 1, 1, 'prods/0KcctiFOS7BvZvTCSTHTwnscG4pJoCE0hW3cC2WJ.png', '2021-10-04 18:52:42', '2021-10-04 18:52:42'),
(168, 1, 1, 'prods/P9A1uHBEnOzDv2BPS55rujcasAdYOgM8pBV9rQum.png', '2021-10-04 18:53:13', '2021-10-04 18:53:13'),
(169, 1, 1, 'prods/wje7DyKBhEzCDc9bLRIFBvHABG53TARBPfcAuXRx.png', '2021-10-04 18:53:52', '2021-10-04 18:53:52'),
(170, 1, 1, 'prods/EbQkxEbXUBDi7ACTcwXmB7oXWhNbuI10T3l0qSRu.png', '2021-10-04 18:54:50', '2021-10-04 18:54:50'),
(171, 1, 1, 'prods/b0B4avT6NiZ2dGDGP4eSjgrPYy86eeJTsEnEgKnu.png', '2021-10-04 18:55:28', '2021-10-04 18:55:28'),
(172, 1, 1, 'prods/h0RrV5GTwH2gOzxu5cLvK0Xudfqyu5IfWzbVlMIi.png', '2021-10-04 18:55:57', '2021-10-04 18:55:57'),
(173, 1, 1, 'prods/CsCFoURwLuS90srhN5vQj59kLPz71vI1qWCZCBgD.png', '2021-10-04 18:56:33', '2021-10-04 18:56:33'),
(174, 1, 1, 'prods/YYOo5R7DdPEUESpaTGZKvzLbi2LVpNKZFtCjFrtS.png', '2021-10-04 18:57:06', '2021-10-04 18:57:06'),
(178, 1, 1, 'prods/z7kxUSjg1p3k7zJppXC3OA9jWYl2FmLFFQBZUleg.jpg', '2021-10-08 14:11:51', '2021-10-08 14:11:51'),
(180, 1, 1, 'prods/bXGleiVzHaHPQvhTHY6JAiuaXOAXk6rtC9AuXm1n.jpg', '2021-10-08 14:15:27', '2021-10-08 14:15:27'),
(182, 1, 1, 'prods/3VHiRcoGz5It4x62S7zByxMGXZdA58WLNeWk1sWx.jpg', '2021-10-08 14:23:10', '2021-10-08 14:23:10'),
(183, 1, 1, 'prods/Ou1yMMsMb0zyUauFTMa0Ll6YdHYZ0OWNmBB0vi8z.jpg', '2021-10-08 14:24:05', '2021-10-08 14:24:05'),
(184, 1, 1, 'prods/BXRZqJKPiNPMJcqZK3lW5ZIL5iH22P33ddLlFO0o.jpg', '2021-10-08 14:28:04', '2021-10-08 14:28:04'),
(185, 1, 1, 'prods/mVuiSwiaE7peR7dAVB3sohKWpHbvF8IV1sJkSkAu.jpg', '2021-10-08 14:29:43', '2021-10-08 14:29:43'),
(186, 1, 1, 'prods/pvya3hjGl8KkuzWdokP0MpEEwODS5U7TYqhttRYc.jpg', '2021-10-08 14:35:18', '2021-10-08 14:35:18'),
(187, 1, 1, 'prods/NIGiqE8s1cFfcRKC9YPFS8cFsjyhQV3l88YEFVDF.jpg', '2021-10-08 14:37:05', '2021-10-08 14:37:05'),
(188, 1, 1, 'prods/Fw0WomAwQaFRZ4RrIfpZVAF15TnqNdnCKVs2LUfa.jpg', '2021-10-08 14:38:17', '2021-10-08 14:38:17'),
(189, 1, 1, 'prods/ZVow7Wwd9CDpkOFJLeCCSHXt3EOrct4ejeWhdSWK.jpg', '2021-10-08 14:40:41', '2021-10-08 14:40:41'),
(190, 1, 1, 'prods/SsBN6qzgtmxwqT3hy945vOJtEaQcfCcXRSKiFjDC.png', '2021-10-11 05:08:15', '2021-10-11 05:08:15'),
(191, 1, 1, 'prods/XChVJpojN2iJfPUBmn28Q7vYMBv31bs23DSDcOcy.png', '2021-10-11 05:10:10', '2021-10-11 05:10:10'),
(192, 1, 1, 'prods/P3jI4ACjL0aq5EUQ1zDaU5KqWXWKQa05BGnBuUP2.png', '2021-10-11 05:12:05', '2021-10-11 05:12:05');

-- --------------------------------------------------------
--
-- Dumping data for table `product_images`
--

INSERT INTO `product_images` (`id`, `product_id`, `media_id`, `is_default`, `created_at`, `updated_at`) VALUES
(25, 27, 25, 1, NULL, NULL),
(37, 41, 39, 1, NULL, NULL),
(71, 7, 76, 1, NULL, NULL),
(72, 7, 77, 1, NULL, NULL),
(86, 26, 91, 1, NULL, NULL),
(87, 28, 92, 1, NULL, NULL),
(88, 30, 93, 1, NULL, NULL),
(89, 30, 94, 1, NULL, NULL),
(90, 32, 95, 1, NULL, NULL),
(92, 36, 97, 1, NULL, NULL),
(94, 38, 102, 1, NULL, NULL),
(95, 39, 103, 1, NULL, NULL),
(96, 42, 104, 1, NULL, NULL),
(97, 43, 105, 1, NULL, NULL),
(98, 45, 106, 1, NULL, NULL),
(99, 47, 107, 1, NULL, NULL),
(104, 54, 117, 1, NULL, NULL),
(106, 57, 119, 1, NULL, NULL),
(108, 65, 121, 1, NULL, NULL),
(111, 2, 125, 1, NULL, NULL),
(112, 3, 127, 1, NULL, NULL),
(113, 4, 128, 1, NULL, NULL),
(114, 5, 129, 1, NULL, NULL),
(115, 6, 130, 1, NULL, NULL),
(116, 8, 131, 1, NULL, NULL),
(117, 10, 132, 1, NULL, NULL),
(118, 12, 134, 1, NULL, NULL),
(119, 13, 135, 1, NULL, NULL),
(120, 14, 137, 1, NULL, NULL),
(121, 15, 138, 1, NULL, NULL),
(122, 16, 139, 1, NULL, NULL),
(123, 17, 140, 1, NULL, NULL),
(124, 18, 141, 1, NULL, NULL),
(125, 19, 142, 1, NULL, NULL),
(126, 20, 143, 1, NULL, NULL),
(127, 21, 144, 1, NULL, NULL),
(128, 22, 145, 1, NULL, NULL),
(129, 22, 146, 1, NULL, NULL),
(130, 23, 147, 1, NULL, NULL),
(131, 23, 148, 1, NULL, NULL),
(132, 24, 149, 1, NULL, NULL),
(133, 25, 150, 1, NULL, NULL),
(134, 29, 151, 1, NULL, NULL),
(135, 35, 152, 1, NULL, NULL),
(136, 37, 154, 1, NULL, NULL),
(137, 48, 155, 1, NULL, NULL),
(138, 49, 156, 1, NULL, NULL),
(139, 50, 157, 1, NULL, NULL),
(140, 52, 158, 1, NULL, NULL),
(141, 53, 159, 1, NULL, NULL),
(142, 56, 160, 1, NULL, NULL),
(143, 51, 161, 1, NULL, NULL),
(144, 58, 162, 1, NULL, NULL),
(145, 60, 163, 1, NULL, NULL),
(146, 61, 164, 1, NULL, NULL),
(147, 62, 165, 1, NULL, NULL),
(148, 63, 166, 1, NULL, NULL),
(149, 64, 167, 1, NULL, NULL),
(150, 66, 168, 1, NULL, NULL),
(151, 67, 170, 1, NULL, NULL),
(152, 68, 171, 1, NULL, NULL),
(153, 69, 172, 1, NULL, NULL),
(154, 70, 173, 1, NULL, NULL),
(155, 71, 174, 1, NULL, NULL),
(159, 73, 178, 1, NULL, NULL),
(161, 75, 180, 1, NULL, NULL),
(163, 77, 182, 1, NULL, NULL),
(164, 78, 183, 1, NULL, NULL),
(165, 79, 184, 1, NULL, NULL),
(166, 80, 185, 1, NULL, NULL),
(167, 81, 186, 1, NULL, NULL),
(168, 82, 187, 1, NULL, NULL),
(169, 83, 188, 1, NULL, NULL),
(170, 84, 189, 1, NULL, NULL),
(171, 72, 190, 1, NULL, NULL),
(172, 74, 191, 1, NULL, NULL),
(173, 76, 192, 1, NULL, NULL);

-- --------------------------------------------------------

--
-- Dumping data for table `product_translations`
--

INSERT INTO `product_translations` (`id`, `title`, `body_html`, `meta_title`, `meta_keyword`, `meta_description`, `product_id`, `language_id`, `created_at`, `updated_at`) VALUES
(1, 'Xiaomi', NULL, 'Xiaomi', 'Xiaomi', NULL, 1, 1, NULL, '2021-10-01 05:53:18'),
(2, 'Asus Zenbook', '<p>Zenbook&nbsp;is compact, thin and light, with the best innovative laptop technology, NanoEdge displays, precision craftsmanship, and uncompromising performance.</p>', NULL, NULL, NULL, 2, 1, NULL, '2021-10-06 10:20:15'),
(3, 'Asus Zenbook', '', '', '', '', 2, 1, NULL, '2021-10-01 05:53:18'),
(4, 'Macbook', '<p>MacBook is a brand&nbsp;of Macintosh notebook computers&nbsp;designed and marketed by Apple Inc. that use Apple&#39;s macOS operating system since 2006.</p>', NULL, NULL, NULL, 3, 1, NULL, '2021-10-06 10:23:00'),
(5, 'Asus Zenbook', '', '', '', '', 2, 1, NULL, '2021-10-01 05:53:18'),
(6, 'Macbook', '', '', '', '', 3, 1, NULL, '2021-10-01 05:53:18'),
(7, 'Hp Pavilion', '<p>HP Pavilion is a&nbsp;line of consumer-oriented laptop and desktop computers&nbsp;produced by HP Inc.</p>', NULL, NULL, NULL, 4, 1, NULL, '2021-10-06 10:24:16'),
(8, 'Asus Zenbook', '', '', '', '', 2, 1, NULL, '2021-10-01 05:53:18'),
(9, 'Macbook', '', '', '', '', 3, 1, NULL, '2021-10-01 05:53:18'),
(10, 'Hp Pavilion', '', '', '', '', 4, 1, NULL, '2021-10-01 05:53:18'),
(11, 'Dell Inspiron 14', '<p>Dell Inspiron 14 is comparable to previous generations i7 processor. The G4 graphics is also as good as older dedicated graphics cards.</p>', NULL, NULL, NULL, 5, 1, NULL, '2021-10-06 10:26:15'),
(12, 'OnePlus 9', '<p>OnePlus 9 is&nbsp;just fast charging. It frees you from having to make time for charging your phone. Even if you get 10 minutes in some place to charge your phone, that would be enough to ensure that you stay connected.</p>', NULL, NULL, NULL, 6, 1, NULL, '2021-10-06 10:27:53'),
(13, 'OnePlus 9', '', '', '', '', 6, 1, NULL, '2021-10-01 05:53:18'),
(14, 'OnePlus 9R', '<p>OnePlus 9R upgraded Qualcomm Kryo 585 CPU that performs intense mobile computing at up to 3.2 GHz and also comes with an ultra-fast Qualcomm Adreno 650 GPU for superb on-device experiences Loaded with Quad rear camera module that features a 48 MP Main camera - 16 MP Ultra Wide angle Camera - 5 MP Macro camera and a 2 MP Monochrome camera.</p>', NULL, NULL, NULL, 7, 1, NULL, '2021-10-06 10:29:19'),
(15, 'OnePlus 9', '', '', '', '', 6, 1, NULL, '2021-10-01 05:53:18'),
(16, 'OnePlus Nord', '', '', '', '', 7, 1, NULL, '2021-10-01 05:53:18'),
(17, 'Iphone 12 Pro', '<p>Iphone 12 Pro comes with a 6.10-inch touchscreen display with a resolution of 1170x2532 pixels at a pixel density of 460 pixels per inch.</p>', NULL, NULL, NULL, 8, 1, NULL, '2021-10-06 10:30:53'),
(18, 'OnePlus 9', '', '', '', '', 6, 1, NULL, '2021-10-01 05:53:18'),
(19, 'OnePlus Nord', '', '', '', '', 7, 1, NULL, '2021-10-01 05:53:18'),
(20, 'Iphone 12 Pro', '', '', '', '', 8, 1, NULL, '2021-10-01 05:53:18'),
(21, 'Iphone 11', '', '', '', '', 9, 1, NULL, '2021-10-01 05:53:18'),
(22, 'OnePlus 9', '', '', '', '', 6, 1, NULL, '2021-10-01 05:53:18'),
(23, 'OnePlus Nord', '', '', '', '', 7, 1, NULL, '2021-10-01 05:53:18'),
(24, 'Iphone 12 Pro', '', '', '', '', 8, 1, NULL, '2021-10-01 05:53:18'),
(25, 'Iphone 11', '', '', '', '', 9, 1, NULL, '2021-10-01 05:53:18'),
(26, 'Redmi Note 10 Pro', '<p>Redmi Note 10 Pro&nbsp;Max brings a revolutionary change to the mid-premium segment. This smartphone features a magnificent 108MP Quad Camera setup that combines&nbsp;.</p>', NULL, NULL, NULL, 10, 1, NULL, '2021-10-06 10:32:00'),
(27, 'OnePlus 9', '', '', '', '', 6, 1, NULL, '2021-10-01 05:53:18'),
(28, 'OnePlus Nord', '', '', '', '', 7, 1, NULL, '2021-10-01 05:53:18'),
(29, 'Iphone 12 Pro', '', '', '', '', 8, 1, NULL, '2021-10-01 05:53:18'),
(30, 'Iphone 11', '', '', '', '', 9, 1, NULL, '2021-10-01 05:53:18'),
(31, 'Redmi Note 10T', '', '', '', '', 10, 1, NULL, '2021-10-01 05:53:18'),
(32, 'Mi 10i', '', '', '', '', 11, 1, NULL, '2021-10-01 05:53:18'),
(33, 'Vitamin B-12', '<p>Vitamin B, also known as cobalamin, is a water-soluble vitamin involved in metabolism. It is one of eight B vitamins. It is a cofactor in DNA synthesis, in both fatty acid and amino acid metabolism.&nbsp;</p>', NULL, NULL, NULL, 12, 1, NULL, '2021-10-06 10:32:51'),
(34, 'Vitamin B-12', '', '', '', '', 12, 1, NULL, '2021-10-01 05:53:18'),
(35, 'Folic B9', '<p>Folic&nbsp;B9, also called folate or folic acid, is one of 8 B vitamins. All B vitamins help the body convert food&nbsp; into fuel , which is used to&nbsp;produce energy.</p>', NULL, NULL, NULL, 13, 1, NULL, '2021-10-06 10:35:03'),
(36, 'Vitamin B-12', '', '', '', '', 12, 1, NULL, '2021-10-01 05:53:18'),
(37, 'Folic B9', '', '', '', '', 13, 1, NULL, '2021-10-01 05:53:18'),
(38, 'Vitamin C + Zinc', '<p>Vitamin C and zinc play important roles in nutrition, immune defence and maintenance of health. Intake of both is often inadequate, even in affluent populations.</p>', NULL, NULL, NULL, 14, 1, NULL, '2021-10-06 10:35:36'),
(39, 'Vitamin B-12', '', '', '', '', 12, 1, NULL, '2021-10-01 05:53:18'),
(40, 'Folic B9', '', '', '', '', 13, 1, NULL, '2021-10-01 05:53:18'),
(41, 'Vitamin C + Zinc', '', '', '', '', 14, 1, NULL, '2021-10-01 05:53:18'),
(42, 'Casein Protein', '<p>Casein protein&nbsp;provides the body with all of the amino acids necessary to help build muscle. Casein protein is digested more slowly than other proteins, so it might be better at reducing appetite and increasing feelings of fullness.</p>', NULL, NULL, NULL, 15, 1, NULL, '2021-10-06 10:36:46'),
(43, 'Vitamin B-12', '', '', '', '', 12, 1, NULL, '2021-10-01 05:53:18'),
(44, 'Folic B9', '', '', '', '', 13, 1, NULL, '2021-10-01 05:53:18'),
(45, 'Vitamin C + Zinc', '', '', '', '', 14, 1, NULL, '2021-10-01 05:53:18'),
(46, 'Casein Protein', '', '', '', '', 15, 1, NULL, '2021-10-01 05:53:18'),
(47, 'Hemp Protein', '<p>Hemp Protein&nbsp;protect the heart, help to maintain lean body mass, and maintain brain function.</p>', NULL, NULL, NULL, 16, 1, NULL, '2021-10-06 10:37:43'),
(48, 'Vitamin B-12', '', '', '', '', 12, 1, NULL, '2021-10-01 05:53:18'),
(49, 'Folic B9', '', '', '', '', 13, 1, NULL, '2021-10-01 05:53:18'),
(50, 'Vitamin C + Zinc', '', '', '', '', 14, 1, NULL, '2021-10-01 05:53:18'),
(51, 'Casein Protein', '', '', '', '', 15, 1, NULL, '2021-10-01 05:53:18'),
(52, 'Hemp Protein', '', '', '', '', 16, 1, NULL, '2021-10-01 05:53:18'),
(53, 'Brown Rice Protein', '<p>Not only is brown rice protein supplementation&nbsp;great for muscle building and recovery, it is also beneficial to people looking to lose weight, as brown rice has a thermic effect.</p>', NULL, NULL, NULL, 17, 1, NULL, '2021-10-06 10:38:51'),
(54, 'Thermometers', '<p>&nbsp;Thermometer&nbsp;is the quickest, most accurate way to test for fever.&nbsp;</p>', NULL, NULL, NULL, 18, 1, NULL, '2021-10-06 10:40:14'),
(55, 'Thermometers', '', '', '', '', 18, 1, NULL, '2021-10-01 05:53:18'),
(56, 'Pulse Oximeter', '<p>Pulse oximetry is a noninvasive method for monitoring a person&#39;s oxygen saturation. Peripheral oxygen saturation readings are typically within 2% accuracy of the more desirable reading of arterial oxygen saturation from arterial blood gas analysis.</p>', NULL, NULL, NULL, 19, 1, NULL, '2021-10-06 10:41:06'),
(57, 'Thermometers', '', '', '', '', 18, 1, NULL, '2021-10-01 05:53:18'),
(58, 'Pulse Oximeter', '', '', '', '', 19, 1, NULL, '2021-10-01 05:53:18'),
(59, 'Breathe Free Vaporizer', '<p>Breathe Free Vaporizer is&nbsp;a mechanical device that turns water into steam and transmits that steam into the surrounding atmosphere.&nbsp;</p>', NULL, NULL, NULL, 20, 1, NULL, '2021-10-06 10:41:59'),
(60, 'Sunglasses', '<p>Sunglasses or sun glasses are a form of protective eyewear designed primarily to prevent bright sunlight and high-energy visible light from damaging or discomforting the eyes.</p>', NULL, NULL, NULL, 21, 1, NULL, '2021-10-06 10:43:00'),
(61, 'Sunglasses', '', '', '', '', 21, 1, NULL, '2021-10-01 05:53:18'),
(62, 'Watch', '<p>Watch is a portable timepiece intended to be carried or worn by a person. It is designed to keep a consistent movement despite the motions caused by the person&#39;s activities.</p>', NULL, NULL, NULL, 22, 1, NULL, '2021-10-06 10:44:18'),
(63, 'Sunglasses', '', '', '', '', 21, 1, NULL, '2021-10-01 05:53:18'),
(64, 'Watches', '', '', '', '', 22, 1, NULL, '2021-10-01 05:53:18'),
(65, 'Jackets', '<p>Jacket is a garment for the upper body, usually extending below the hips. A jacket typically has sleeves, and fastens in the front or slightly on the side.</p>', NULL, NULL, NULL, 23, 1, NULL, '2021-10-06 10:45:39'),
(66, 'Sunglasses', '', '', '', '', 21, 1, NULL, '2021-10-01 05:53:18'),
(67, 'Watches', '', '', '', '', 22, 1, NULL, '2021-10-01 05:53:18'),
(68, 'Jackets', '', '', '', '', 23, 1, NULL, '2021-10-01 05:53:18'),
(69, 'Coats', '<p>Coat is a garment worn on the upper body by either gender for warmth or fashion.</p>', NULL, NULL, NULL, 24, 1, NULL, '2021-10-06 10:47:27'),
(70, 'Sunglasses', '', '', '', '', 21, 1, NULL, '2021-10-01 05:53:18'),
(71, 'Watches', '', '', '', '', 22, 1, NULL, '2021-10-01 05:53:18'),
(72, 'Jackets', '', '', '', '', 23, 1, NULL, '2021-10-01 05:53:18'),
(73, 'Coats', '', '', '', '', 24, 1, NULL, '2021-10-01 05:53:18'),
(74, 'Denim', '<p>Denim is&nbsp;a strong cotton fabric made using a twill weave, which creates a subtle diagonal ribbing pattern.</p>', NULL, NULL, NULL, 25, 1, NULL, '2021-10-06 10:48:51'),
(75, 'Skirts', NULL, NULL, NULL, NULL, 26, 1, NULL, '2021-10-02 16:41:26'),
(76, 'Bubble skirt', '', '', '', '', 26, 1, NULL, '2021-10-01 05:53:18'),
(77, 'Circular skirt', NULL, NULL, NULL, NULL, 27, 1, NULL, '2021-10-01 05:53:18'),
(78, 'Bubble skirt', '', '', '', '', 26, 1, NULL, '2021-10-01 05:53:18'),
(79, 'Circular skirt', '', '', '', '', 27, 1, NULL, '2021-10-01 05:53:18'),
(80, 'Printed Dresses', '<p>Printed Dresses&nbsp;Buy from the trendy collection of Floral&nbsp;<em>Dress</em>&nbsp;for Women &amp; Girls Online.&nbsp;</p>', NULL, NULL, NULL, 28, 1, NULL, '2021-10-06 10:50:45'),
(81, 'Bubble skirt', '', '', '', '', 26, 1, NULL, '2021-10-01 05:53:18'),
(82, 'Circular skirt', '', '', '', '', 27, 1, NULL, '2021-10-01 05:53:18'),
(83, 'Printed', '', '', '', '', 28, 1, NULL, '2021-10-01 05:53:18'),
(84, 'Solids', '<p>Choose from the exclusive range of&nbsp;<em>women</em>&nbsp;formal&nbsp;<em>wear</em>&nbsp;online at great price.&nbsp;<em>Women Solid</em>&nbsp;Single-Breasted Open-Front Formal Blazer.</p>', NULL, NULL, NULL, 29, 1, NULL, '2021-10-06 10:53:11'),
(85, 'Bubble skirt', '', '', '', '', 26, 1, NULL, '2021-10-01 05:53:18'),
(86, 'Circular skirt', '', '', '', '', 27, 1, NULL, '2021-10-01 05:53:18'),
(87, 'Printed', '', '', '', '', 28, 1, NULL, '2021-10-01 05:53:18'),
(88, 'Solids', '', '', '', '', 29, 1, NULL, '2021-10-01 05:53:18'),
(89, 'Partywear', '<p>Party Wear&nbsp;Salwar Suits are an elegant combination of comfort and glamour.&nbsp;</p>', NULL, NULL, NULL, 30, 1, NULL, '2021-10-06 10:53:58'),
(90, 'Bubble skirt', '', '', '', '', 26, 1, NULL, '2021-10-01 05:53:18'),
(91, 'Circular skirt', '', '', '', '', 27, 1, NULL, '2021-10-01 05:53:18'),
(92, 'Printed', '', '', '', '', 28, 1, NULL, '2021-10-01 05:53:18'),
(93, 'Solids', '', '', '', '', 29, 1, NULL, '2021-10-01 05:53:18'),
(94, 'Partywear', '', '', '', '', 30, 1, NULL, '2021-10-01 05:53:18'),
(95, 'Casual', '', '', '', '', 31, 1, NULL, '2021-10-01 05:53:18'),
(96, 'Bubble skirt', '', '', '', '', 26, 1, NULL, '2021-10-01 05:53:18'),
(97, 'Circular skirt', '', '', '', '', 27, 1, NULL, '2021-10-01 05:53:18'),
(98, 'Printed', '', '', '', '', 28, 1, NULL, '2021-10-01 05:53:18'),
(99, 'Solids', '', '', '', '', 29, 1, NULL, '2021-10-01 05:53:18'),
(100, 'Partywear', '', '', '', '', 30, 1, NULL, '2021-10-01 05:53:18'),
(101, 'Casual', '', '', '', '', 31, 1, NULL, '2021-10-01 05:53:18'),
(102, 'Denim', '<p>Denim make a dramatic first impression with our stunning collection of&nbsp;jeans&nbsp;ranging from rugged ripped&nbsp;denims&nbsp;to old-school high waist ones, flattering skinny.</p>', NULL, NULL, NULL, 32, 1, NULL, '2021-10-06 10:55:10'),
(103, 'Bubble skirt', '', '', '', '', 26, 1, NULL, '2021-10-01 05:53:18'),
(104, 'Circular skirt', '', '', '', '', 27, 1, NULL, '2021-10-01 05:53:18'),
(105, 'Printed', '', '', '', '', 28, 1, NULL, '2021-10-01 05:53:18'),
(106, 'Solids', '', '', '', '', 29, 1, NULL, '2021-10-01 05:53:18'),
(107, 'Partywear', '', '', '', '', 30, 1, NULL, '2021-10-01 05:53:18'),
(108, 'Casual', '', '', '', '', 31, 1, NULL, '2021-10-01 05:53:18'),
(109, 'Denim', '', '', '', '', 32, 1, NULL, '2021-10-01 05:53:18'),
(110, 'High Ankle', '', '', '', '', 33, 1, NULL, '2021-10-01 05:53:18'),
(111, 'Bubble skirt', '', '', '', '', 26, 1, NULL, '2021-10-01 05:53:18'),
(112, 'Circular skirt', '', '', '', '', 27, 1, NULL, '2021-10-01 05:53:18'),
(113, 'Printed', '', '', '', '', 28, 1, NULL, '2021-10-01 05:53:18'),
(114, 'Solids', '', '', '', '', 29, 1, NULL, '2021-10-01 05:53:18'),
(115, 'Partywear', '', '', '', '', 30, 1, NULL, '2021-10-01 05:53:18'),
(116, 'Casual', '', '', '', '', 31, 1, NULL, '2021-10-01 05:53:18'),
(117, 'Denim', '', '', '', '', 32, 1, NULL, '2021-10-01 05:53:18'),
(118, 'High Ankle', '', '', '', '', 33, 1, NULL, '2021-10-01 05:53:18'),
(119, 'Long Coats', '', '', '', '', 34, 1, NULL, '2021-10-01 05:53:18'),
(120, 'Bubble skirt', '', '', '', '', 26, 1, NULL, '2021-10-01 05:53:18'),
(121, 'Circular skirt', '', '', '', '', 27, 1, NULL, '2021-10-01 05:53:18'),
(122, 'Printed', '', '', '', '', 28, 1, NULL, '2021-10-01 05:53:18'),
(123, 'Solids', '', '', '', '', 29, 1, NULL, '2021-10-01 05:53:18'),
(124, 'Partywear', '', '', '', '', 30, 1, NULL, '2021-10-01 05:53:18'),
(125, 'Casual', '', '', '', '', 31, 1, NULL, '2021-10-01 05:53:18'),
(126, 'Denim', '', '', '', '', 32, 1, NULL, '2021-10-01 05:53:18'),
(127, 'High Ankle', '', '', '', '', 33, 1, NULL, '2021-10-01 05:53:18'),
(128, 'Long Coats', '', '', '', '', 34, 1, NULL, '2021-10-01 05:53:18'),
(129, 'Fluffy Jackets', '<p>Puffer jackets, also called quilted jackets, have a signature quilted design with sections that are puffy between the stitching.&nbsp;</p>', NULL, NULL, NULL, 35, 1, NULL, '2021-10-06 10:56:10'),
(130, 'Margherita pizza', '<p>Pizza margherita, as the Italians call it, is a simple pizza hailing from Naples. When done right, margherita pizza features a&nbsp;bubbly crust, crushed San Marzano tomato sauce, fresh mozzarella and basil, a drizzle of olive oil, and a sprinkle of salt.</p>', NULL, NULL, NULL, 36, 1, NULL, '2021-10-06 10:57:22'),
(131, 'Margherita pizza', '', '', '', '', 36, 1, NULL, '2021-10-01 05:53:18'),
(132, 'Mushroom Risotto', '<p>Mushroom risotto is a&nbsp;creamy Italian rice with chicken broth and your favorite mushrooms.</p>', NULL, NULL, NULL, 37, 1, NULL, '2021-10-06 10:58:25'),
(133, 'Margherita pizza', '', '', '', '', 36, 1, NULL, '2021-10-01 05:53:18'),
(134, 'Mushroom Risotto', '', '', '', '', 37, 1, NULL, '2021-10-01 05:53:18'),
(135, 'Focaccia Bread', '<p>Focaccia is a flat oven-baked Italian bread similar in style and texture to pizza. in some places, it is called pizza bianca.</p>', NULL, NULL, NULL, 38, 1, NULL, '2021-10-06 10:59:14'),
(136, 'Margherita pizza', '', '', '', '', 36, 1, NULL, '2021-10-01 05:53:18'),
(137, 'Mushroom Risotto', '', '', '', '', 37, 1, NULL, '2021-10-01 05:53:18'),
(138, 'Focaccia Bread ', '', '', '', '', 38, 1, NULL, '2021-10-01 05:53:18'),
(139, 'Bruschetta', '<p>Bruschetta is an antipasto from Italy consisting of grilled bread rubbed with garlic and topped with olive oil and salt.&nbsp;</p>', NULL, NULL, NULL, 39, 1, NULL, '2021-10-06 10:59:50'),
(140, 'Margherita pizza', '', '', '', '', 36, 1, NULL, '2021-10-01 05:53:18'),
(141, 'Mushroom Risotto', '', '', '', '', 37, 1, NULL, '2021-10-01 05:53:18'),
(142, 'Focaccia Bread ', '', '', '', '', 38, 1, NULL, '2021-10-01 05:53:18'),
(143, 'Bruschetta', '', '', '', '', 39, 1, NULL, '2021-10-01 05:53:18'),
(144, 'Pasta Carbonara', NULL, NULL, NULL, NULL, 40, 1, NULL, '2021-10-01 05:53:18'),
(145, 'Margherita pizza', '', '', '', '', 36, 1, NULL, '2021-10-01 05:53:18'),
(146, 'Mushroom Risotto', '', '', '', '', 37, 1, NULL, '2021-10-01 05:53:18'),
(147, 'Focaccia Bread ', '', '', '', '', 38, 1, NULL, '2021-10-01 05:53:18'),
(148, 'Bruschetta', '', '', '', '', 39, 1, NULL, '2021-10-01 05:53:18'),
(149, 'Pasta Carbonara', '', '', '', '', 40, 1, NULL, '2021-10-01 05:53:18'),
(150, 'Caprese Salad with Pesto Sauce', NULL, NULL, NULL, NULL, 41, 1, NULL, '2021-10-01 05:53:18'),
(151, 'Dim Sums', '<p>Dim sum is a large range of small Chinese dishes that are traditionally enjoyed in restaurants for breakfast and lunch.&nbsp;</p>', NULL, NULL, NULL, 42, 1, NULL, '2021-10-06 11:00:36'),
(152, 'Dim Sums', '', '', '', '', 42, 1, NULL, '2021-10-01 05:53:18'),
(153, 'Hot and Sour Soup', '<p>Hot and sour soup is a soup from Asian culinary traditions. In all cases, the soup contains ingredients to make it both spicy and sour.&nbsp;</p>', NULL, NULL, NULL, 43, 1, NULL, '2021-10-06 11:01:08'),
(154, 'Dim Sums', '', '', '', '', 42, 1, NULL, '2021-10-01 05:53:18'),
(155, 'Hot and Sour Soup', '', '', '', '', 43, 1, NULL, '2021-10-01 05:53:18'),
(156, 'Chicken with Chestnuts', '', '', '', '', 44, 1, NULL, '2021-10-01 05:53:18'),
(157, 'Dim Sums', '', '', '', '', 42, 1, NULL, '2021-10-01 05:53:18'),
(158, 'Hot and Sour Soup', '', '', '', '', 43, 1, NULL, '2021-10-01 05:53:18'),
(159, 'Chicken with Chestnuts', '', '', '', '', 44, 1, NULL, '2021-10-01 05:53:18'),
(160, 'Spring Rolls', '<p>Spring rolls are a large variety of filled, rolled appetizers or dim sum found in East Asian, Southeast Asian cuisine.</p>', NULL, NULL, NULL, 45, 1, NULL, '2021-10-06 11:01:49'),
(161, 'Dim Sums', '', '', '', '', 42, 1, NULL, '2021-10-01 05:53:18'),
(162, 'Hot and Sour Soup', '', '', '', '', 43, 1, NULL, '2021-10-01 05:53:18'),
(163, 'Chicken with Chestnuts', '', '', '', '', 44, 1, NULL, '2021-10-01 05:53:18'),
(164, 'Spring Rolls', '', '', '', '', 45, 1, NULL, '2021-10-01 05:53:18'),
(165, 'Stir Fried Tofu with Rice', '', '', '', '', 46, 1, NULL, '2021-10-01 05:53:18'),
(166, 'Dim Sums', '', '', '', '', 42, 1, NULL, '2021-10-01 05:53:18'),
(167, 'Hot and Sour Soup', '', '', '', '', 43, 1, NULL, '2021-10-01 05:53:18'),
(168, 'Chicken with Chestnuts', '', '', '', '', 44, 1, NULL, '2021-10-01 05:53:18'),
(169, 'Spring Rolls', '', '', '', '', 45, 1, NULL, '2021-10-01 05:53:18'),
(170, 'Stir Fried Tofu with Rice', '', '', '', '', 46, 1, NULL, '2021-10-01 05:53:18'),
(171, 'Quick Noodles', '<p>Quick noodles, or instant ramen, are noodles sold in a precooked and dried block with flavoring powder or seasoning oil.</p>', NULL, NULL, NULL, 47, 1, NULL, '2021-10-06 11:03:22'),
(172, 'Cow Full Fat Milk', '<p>Cow Full Fat Milk is the milk from which the cream has not been removed is called full cream milk.</p>', NULL, NULL, NULL, 48, 1, NULL, '2021-10-06 11:05:09'),
(173, 'Cow Full Fat Milk', '', '', '', '', 48, 1, NULL, '2021-10-01 05:53:18'),
(174, 'Brown Bread', '<p>Brown bread is bread made with significant amounts of whole grain flour, usually wheat, and sometimes dark-coloured ingredients such as molasses or coffee.</p>', NULL, NULL, NULL, 49, 1, NULL, '2021-10-06 11:06:02'),
(175, 'Cow Full Fat Milk', '', '', '', '', 48, 1, NULL, '2021-10-01 05:53:18'),
(176, 'Brown Bread', '', '', '', '', 49, 1, NULL, '2021-10-01 05:53:18'),
(177, 'Eggs', '<p>Eggs are laid by female animals of many different species, including birds, reptiles, amphibians, a few mammals, and fish, and many of these have been eaten by humans for thousands of years.</p>', NULL, NULL, NULL, 50, 1, NULL, '2021-10-06 11:06:42'),
(178, 'Cow Full Fat Milk', '', '', '', '', 48, 1, NULL, '2021-10-01 05:53:18'),
(179, 'Brown Bread', '', '', '', '', 49, 1, NULL, '2021-10-01 05:53:18'),
(180, 'Eggs', '', '', '', '', 50, 1, NULL, '2021-10-01 05:53:18'),
(181, 'Cheese', '<p>Cheese is a dairy product, derived from milk and produced in wide ranges of flavors, textures and forms by coagulation of the milk protein casein.</p>', NULL, NULL, NULL, 51, 1, NULL, '2021-10-06 11:07:25'),
(182, 'Cow Full Fat Milk', '', '', '', '', 48, 1, NULL, '2021-10-01 05:53:18'),
(183, 'Brown Bread', '', '', '', '', 49, 1, NULL, '2021-10-01 05:53:18'),
(184, 'Eggs', '', '', '', '', 50, 1, NULL, '2021-10-01 05:53:18'),
(185, 'Cheese', '', '', '', '', 51, 1, NULL, '2021-10-01 05:53:18'),
(186, 'Choco lava cake', '<p>Choco lava cake is a popular dessert that combines the elements of a chocolate cake and a souffl&eacute;.&nbsp;</p>', NULL, NULL, NULL, 52, 1, NULL, '2021-10-06 11:08:07'),
(187, 'Cow Full Fat Milk', '', '', '', '', 48, 1, NULL, '2021-10-01 05:53:18'),
(188, 'Brown Bread', '', '', '', '', 49, 1, NULL, '2021-10-01 05:53:18'),
(189, 'Eggs', '', '', '', '', 50, 1, NULL, '2021-10-01 05:53:18'),
(190, 'Cheese', '', '', '', '', 51, 1, NULL, '2021-10-01 05:53:18'),
(191, 'Choco lava cake', '', '', '', '', 52, 1, NULL, '2021-10-01 05:53:18'),
(192, 'Black Forest', '<p>Black Forest g&acirc;teau or Black Forest cake is a chocolate sponge cake with a rich cherry filling based on the German dessert Schwarzw&auml;lder Kirschtorte, literally Black Forest Cherry-torte.&nbsp;</p>', NULL, NULL, NULL, 53, 1, NULL, '2021-10-06 11:09:45'),
(193, 'Cow Full Fat Milk', '', '', '', '', 48, 1, NULL, '2021-10-01 05:53:18'),
(194, 'Brown Bread', '', '', '', '', 49, 1, NULL, '2021-10-01 05:53:18'),
(195, 'Eggs', '', '', '', '', 50, 1, NULL, '2021-10-01 05:53:18'),
(196, 'Cheese', '', '', '', '', 51, 1, NULL, '2021-10-01 05:53:18'),
(197, 'Choco lava cake', '', '', '', '', 52, 1, NULL, '2021-10-01 05:53:18'),
(198, 'Black Forest', '', '', '', '', 53, 1, NULL, '2021-10-01 05:53:18'),
(199, 'Blueberry Muffins', '<p>These blueberry&nbsp;muffin cookies&nbsp;are deliciously addictive! They have soft centers, plenty of juicy blueberries, crumbly edges, and are topped.</p>', NULL, NULL, NULL, 54, 1, NULL, '2021-10-06 11:12:08'),
(200, 'Cow Full Fat Milk', '', '', '', '', 48, 1, NULL, '2021-10-01 05:53:18'),
(201, 'Brown Bread', '', '', '', '', 49, 1, NULL, '2021-10-01 05:53:18'),
(202, 'Eggs', '', '', '', '', 50, 1, NULL, '2021-10-01 05:53:18'),
(203, 'Cheese', '', '', '', '', 51, 1, NULL, '2021-10-01 05:53:18'),
(204, 'Choco lava cake', '', '', '', '', 52, 1, NULL, '2021-10-01 05:53:18'),
(205, 'Black Forest', '', '', '', '', 53, 1, NULL, '2021-10-01 05:53:18'),
(206, 'Blueberry Muffins', '', '', '', '', 54, 1, NULL, '2021-10-01 05:53:18'),
(207, 'Strawberry icecreams', '', '', '', '', 55, 1, NULL, '2021-10-01 05:53:18'),
(208, 'Broccoli', '<p>Broccoli is an edible green plant in the cabbage family whose large flowering head, stalk and small associated leaves are eaten as a vegetable.&nbsp;</p>', NULL, NULL, NULL, 56, 1, NULL, '2021-10-06 11:12:40'),
(209, 'Brocoli', '', '', '', '', 56, 1, NULL, '2021-10-01 05:53:18'),
(210, 'Potato', '<p>Potato is a starchy tuber of the plant Solanum tuberosum and is a root vegetable native to the Americas, with the plant itself being a perennial in the nightshade family Solanaceae.</p>', NULL, NULL, NULL, 57, 1, NULL, '2021-10-06 11:13:19'),
(211, 'Brocoli', '', '', '', '', 56, 1, NULL, '2021-10-01 05:53:18'),
(212, 'Potato', '', '', '', '', 57, 1, NULL, '2021-10-01 05:53:18'),
(213, 'Carrot', '<p>Carrot is a root vegetable, typically orange in color, though purple, black, red, white, and yellow cultivars exist, all of which are domesticated forms of the wild carrot, Daucus carota, native to Europe and Southwestern Asia.&nbsp;</p>', NULL, NULL, NULL, 58, 1, NULL, '2021-10-06 11:14:06'),
(214, 'Brocoli', '', '', '', '', 56, 1, NULL, '2021-10-01 05:53:18'),
(215, 'Potato', '', '', '', '', 57, 1, NULL, '2021-10-01 05:53:18'),
(216, 'Carrot', '', '', '', '', 58, 1, NULL, '2021-10-01 05:53:18'),
(217, 'Raddish', '', '', '', '', 59, 1, NULL, '2021-10-01 05:53:18'),
(218, 'Apple', '<p>Apples&nbsp;are a popular&nbsp;fruit, containing antioxidants, vitamins, dietary fiber, and a range of other nutrients.&nbsp;</p>', NULL, NULL, NULL, 60, 1, NULL, '2021-10-06 11:14:45'),
(219, 'Apple', '', '', '', '', 60, 1, NULL, '2021-10-01 05:53:18'),
(220, 'Mango', '<p>Mango is an edible stone fruit produced by the tropical tree Mangifera indica which is believed to have originated from the region.</p>', NULL, NULL, NULL, 61, 1, NULL, '2021-10-06 11:15:45'),
(221, 'Apple', '', '', '', '', 60, 1, NULL, '2021-10-01 05:53:18'),
(222, 'Mango', '', '', '', '', 61, 1, NULL, '2021-10-01 05:53:18'),
(223, 'Banana', '<p>Banana is an elongated, edible fruit &ndash; botanically a berry &ndash; produced by several kinds of large herbaceous flowering plants in the genus Musa.</p>', NULL, NULL, NULL, 62, 1, NULL, '2021-10-06 11:16:27'),
(224, 'Apple', '', '', '', '', 60, 1, NULL, '2021-10-01 05:53:18'),
(225, 'Mango', '', '', '', '', 61, 1, NULL, '2021-10-01 05:53:18'),
(226, 'Banana', '', '', '', '', 62, 1, NULL, '2021-10-01 05:53:18'),
(227, 'Papaya', '<p>Papaya is&nbsp;a melon-like fruit, which varies greatly in shape and size. The skin of unripe fruit is smooth, green, and thin and changes to deep orange or yellow when ripe.</p>', NULL, NULL, NULL, 63, 1, NULL, '2021-10-06 11:17:26'),
(228, 'Tea & Coffee', '<p>Tea and coffee are&nbsp;both good sources of caffeine and antioxidants. Coffee contains twice as much caffeine as tea, and can give you a more immediate energy boost.</p>', NULL, NULL, NULL, 64, 1, NULL, '2021-10-06 11:18:09'),
(229, 'Tea & Coffee', '', '', '', '', 64, 1, NULL, '2021-10-01 05:53:18'),
(230, 'Health Drinks', '<p>Health drinks are dubbed to&nbsp;provide us with various healthy nutrients and complement our balanced diet.</p>', NULL, NULL, NULL, 65, 1, NULL, '2021-10-06 11:19:39'),
(231, 'Tea & Coffee', '', '', '', '', 64, 1, NULL, '2021-10-01 05:53:18'),
(232, 'Health Drinks', '', '', '', '', 65, 1, NULL, '2021-10-01 05:53:18'),
(233, 'Cold Drinks', '<p>Soft drink&nbsp;is a drink that usually contains water often carbonated, a sweetener, and a natural and/or artificial flavoring.&nbsp;</p>', NULL, NULL, NULL, 66, 1, NULL, '2021-10-06 11:20:43'),
(234, 'Tea & Coffee', '', '', '', '', 64, 1, NULL, '2021-10-01 05:53:18'),
(235, 'Health Drinks', '', '', '', '', 65, 1, NULL, '2021-10-01 05:53:18'),
(236, 'Cold Drinks', '', '', '', '', 66, 1, NULL, '2021-10-01 05:53:18'),
(237, 'Water Soda', '<p>Soda Water is carbonated water with a small amount of sodium bicarbonate in it. It&nbsp;is not the same as plain carbonated water&nbsp;because of this addition.</p>', NULL, NULL, NULL, 67, 1, NULL, '2021-10-06 11:21:55'),
(238, 'Baby Soaps', '<p>Baby Soaps Moisturize a baby&#39;s skin after washing&nbsp;them with plain water or a mild baby wash is an effective way of restoring moisture to the skin and trapping it there.</p>', NULL, NULL, NULL, 68, 1, NULL, '2021-10-06 11:23:19'),
(239, 'Baby Soaps', '', '', '', '', 68, 1, NULL, '2021-10-01 05:53:18'),
(240, 'Baby Oil', '<p>Baby oil is, in general terms, an inert oil for the purpose of keeping skin soft and supple. It is often used on babies for the purpose of maintaining baby-soft skin, but it is also often used by adults for skincare and massage.</p>', NULL, NULL, NULL, 69, 1, NULL, '2021-10-06 11:24:15'),
(241, 'Baby Soaps', '', '', '', '', 68, 1, NULL, '2021-10-01 05:53:18'),
(242, 'Baby Oil', '', '', '', '', 69, 1, NULL, '2021-10-01 05:53:18'),
(243, 'Baby Food', '<p>Baby food is any soft, easily consumed food other than breastmilk or infant formula that is made specifically for human babies between four and six months and two years old.</p>', NULL, NULL, NULL, 70, 1, NULL, '2021-10-06 11:24:51'),
(244, 'Baby Soaps', '', '', '', '', 68, 1, NULL, '2021-10-01 05:53:18'),
(245, 'Baby Oil', '', '', '', '', 69, 1, NULL, '2021-10-01 05:53:18'),
(246, 'Baby Food', '', '', '', '', 70, 1, NULL, '2021-10-01 05:53:18'),
(247, 'Baby Wipes', '<p>Baby wipes are&nbsp;wet wipes used to cleanse the sensitive skin of infants. These are saturated with solutions anywhere from gentle cleansing ingredients to alcohol-based cleaners.</p>', NULL, NULL, NULL, 71, 1, NULL, '2021-10-06 11:25:43'),
(248, 'Stethoscope', '<p>An&nbsp;instrument that is used to transmit low-volume sounds such as a heartbeat&nbsp; to the ear of the listener. A stethoscope may consist of two ear pieces connected by means of flexible tubing to a diaphragm that is placed against the skin of the patient.</p>', NULL, NULL, NULL, 72, 1, NULL, '2021-10-08 14:04:29'),
(249, 'Stethoscope', '', '', '', '', 72, 1, NULL, NULL),
(250, 'Blood Pressure Monitor', '<p>Blood pressure is measured using a sphygmomanometer, or blood pressure monitor. It consists of an inflatable cuff that&#39;s wrapped around your arm, roughly level with your heart, and a monitoring device that measures the cuff&#39;s pressure. The monitor&nbsp;measures two pressures: systolic, and diastolic.</p>', NULL, NULL, NULL, 73, 1, NULL, '2021-10-08 14:06:34'),
(251, 'Stethoscope', '', '', '', '', 72, 1, NULL, NULL),
(252, 'Blood Pressure Monitor', '', '', '', '', 73, 1, NULL, NULL),
(253, 'Blood Glucose Monitors', '<p>A blood glucose meter is&nbsp;a small, portable machine that&#39;s used to measure how much glucose&nbsp; is in the blood&nbsp;. People with diabetes often use a blood glucose meter to help them manage their condition.</p>', NULL, NULL, NULL, 74, 1, NULL, '2021-10-08 14:08:18'),
(254, 'Stethoscope', '', '', '', '', 72, 1, NULL, NULL),
(255, 'Blood Pressure Monitor', '', '', '', '', 73, 1, NULL, NULL),
(256, 'Blood Glucose Monitors', '', '', '', '', 74, 1, NULL, NULL),
(257, 'Blood Pressure Monitor', '<p>Blood pressure is measured using a sphygmomanometer, or blood pressure monitor. It consists of an inflatable cuff that&#39;s wrapped around your arm, roughly level with your heart, and a monitoring device that measures the cuff&#39;s pressure. The monitor&nbsp;measures two pressures: systolic, and diastolic.</p>', NULL, NULL, NULL, 75, 1, NULL, '2021-10-08 14:16:30'),
(258, 'Samsung Galaxy S7', '<p>Processor: Snapdragon 820 Quad CoreMSM8996,RAM: 4GB RAM.,Storage: 32GB ROM.,Display: 5.1 inch 2560&times;1440Quad HD / 2K ,Camera: Rare: 12MP+Front: 5MP, Operating System: Android 6.0.</p>', NULL, NULL, NULL, 76, 1, NULL, '2021-10-08 14:21:58'),
(259, 'Samsung Galaxy S7', '', '', '', '', 76, 1, NULL, NULL),
(260, 'Lenovo Z2 Plus', '<p>Lenovo Z2 Plus&nbsp;&middot; Display 5.00-inch (1080x1920) &middot; Processor Qualcomm Snapdragon 820 &middot; Front Camera 8MP &middot; Rear Camera 13MP &middot; RAM 3GB &middot; Storage 32GB</p>', NULL, NULL, NULL, 77, 1, NULL, '2021-10-08 14:26:02'),
(261, 'Samsung Galaxy S7', '', '', '', '', 76, 1, NULL, NULL),
(262, 'Lenovo Z2 Plus', '', '', '', '', 77, 1, NULL, NULL),
(263, 'Macbook Air', '<p>Apple MacBook Air 2020 is a&nbsp;macOS laptop&nbsp;with a 13.30-inch display that has a resolution of 2560x1600 pixels. It is powered by a Core i3 processor and it comes with 8GB of RAM. The Apple MacBook Air 2020 packs 256GB of SSD storage. Graphics are powered by Integrated Graphics Processor.</p>', NULL, NULL, NULL, 78, 1, NULL, '2021-10-08 14:25:03'),
(264, 'Samsung Galaxy S7', '', '', '', '', 76, 1, NULL, NULL),
(265, 'Lenovo Z2 Plus', '', '', '', '', 77, 1, NULL, NULL),
(266, 'Macbook Air', '', '', '', '', 78, 1, NULL, NULL),
(267, 'Dell XPS 13', '<p>Dell XPS 13 is a&nbsp;Windows 10 laptop&nbsp;with a 13.30-inch display that has a resolution of 3200x1800 pixels. It is powered by a Core i5 processor and it comes with 8GB of RAM. The Dell XPS 13 packs 128GB of SSD storage. Graphics are powered by Intel Integrated HD Graphics 520.</p>', NULL, NULL, NULL, 79, 1, NULL, '2021-10-08 14:28:09'),
(268, 'Baby shampoos', '<p>Baby shampoo is a&nbsp;hair care product&nbsp;that is used for the removal of oils, dirt, skin particles, dandruff, environmental pollutants and other contaminant particles that gradually build up in hair.</p>', NULL, NULL, NULL, 80, 1, NULL, '2021-10-08 14:31:06'),
(269, 'Baby shampoos', '', '', '', '', 80, 1, NULL, NULL),
(270, 'Honey Badger Blitz', '<p>Honey Badger&nbsp;is a long cool cocktail made with Beer, honey, basil and bitters. If you&#39;re a strict vegan you could replace the honey</p>', NULL, NULL, NULL, 81, 1, NULL, '2021-10-08 14:35:59'),
(271, 'Baby shampoos', '', '', '', '', 80, 1, NULL, NULL),
(272, 'Honey Badger Blitz', '', '', '', '', 81, 1, NULL, NULL),
(273, 'Oranges', '<p>Oranges are&nbsp;round orange-coloured fruit&nbsp;that grow on a tree which can reach 10 metres (33 ft) high. Orange trees have dark green shiny leaves and small white flowers with five petals. The flowers smell very sweet which attracts many bees.</p>', NULL, NULL, NULL, 82, 1, NULL, '2021-10-08 14:37:08'),
(274, 'Baby shampoos', '', '', '', '', 80, 1, NULL, NULL),
(275, 'Honey Badger Blitz', '', '', '', '', 81, 1, NULL, NULL),
(276, 'Oranges', '', '', '', '', 82, 1, NULL, NULL),
(277, 'Onion', '<p>An onion is&nbsp;a round vegetable with a brown skin that grows underground. It has many white layers on its inside which have a strong, sharp smell and taste. ... It is made with fresh minced meat, cooked with onion and a rich tomato sauce.</p>', NULL, NULL, NULL, 83, 1, NULL, '2021-10-08 14:39:16'),
(278, 'Baby shampoos', '', '', '', '', 80, 1, NULL, NULL),
(279, 'Honey Badger Blitz', '', '', '', '', 81, 1, NULL, NULL),
(280, 'Oranges', '', '', '', '', 82, 1, NULL, NULL),
(281, 'Onion', '', '', '', '', 83, 1, NULL, NULL),
(282, 'Tomato', '<p>&nbsp;</p>\r\n\r\n<p>They are usually&nbsp;red, scarlet, or yellow, though green and purple varieties do exist, and they vary in shape from almost spherical to oval and elongate to pear-shaped. Each fruit contains at least two cells of small seeds surrounded by jellylike pulp. hothouse tomatoes.</p>', NULL, NULL, NULL, 84, 1, NULL, '2021-10-08 14:40:45');

-- --------------------------------------------------------

--
-- Dumping data for table `product_variants`
--

INSERT INTO `product_variants` (`id`, `sku`, `product_id`, `title`, `quantity`, `price`, `position`, `compare_at_price`, `barcode`, `cost_price`, `currency_id`, `tax_category_id`, `inventory_policy`, `fulfillment_service`, `inventory_management`, `created_at`, `updated_at`, `status`) VALUES
(1, 'sku-id16330038867724b0d', 1, NULL, 100, '500.00', 1, '500.00', '7543ebf012007e', '300.00', NULL, NULL, NULL, NULL, NULL, NULL, '2021-09-30 12:11:26', 1),
(2, 'sku-id1633003886c408f55', 1, 'sku-id-Black-Black', 100, '500.00', 1, '500.00', '1500cdf2d597df', '300.00', NULL, NULL, NULL, NULL, NULL, NULL, '2021-09-30 12:11:26', 1),
(3, 'sku-id1633003886968545b', 1, 'sku-id-Black-Grey', 100, '500.00', 1, '500.00', '2ea56327679387', '300.00', NULL, NULL, NULL, NULL, NULL, NULL, '2021-09-30 12:11:26', 1),
(4, 'sku-id163300388693a033d', 1, 'sku-id-Medium-Black', 100, '500.00', 1, '500.00', '8f47f11a19433f', '300.00', NULL, NULL, NULL, NULL, NULL, NULL, '2021-09-30 12:11:26', 1),
(5, 'sku-id1633003886f3c2656', 1, 'sku-id-Medium-Grey', 100, '500.00', 1, '500.00', '8f7318b112bbe9', '300.00', NULL, NULL, NULL, NULL, NULL, NULL, '2021-09-30 12:11:26', 1),
(6, 'LAP998', 2, NULL, 400, '30.00', 1, '35.00', 'ad6891babe7d58', NULL, NULL, NULL, NULL, NULL, NULL, '2021-09-30 13:10:52', '2021-10-01 05:15:05', 1),
(7, 'LAP999', 3, NULL, 500, '100.00', 1, '120.00', '2d1d51d1cb7fff', NULL, NULL, NULL, NULL, NULL, NULL, '2021-09-30 13:10:52', '2021-10-01 05:15:21', 1),
(8, 'LAP1000', 4, NULL, 455, '60.00', 1, '80.00', '51ead7c5df1930', NULL, NULL, NULL, NULL, NULL, NULL, '2021-09-30 13:10:52', '2021-10-01 05:15:36', 1),
(9, 'LAP1001', 5, NULL, 555, '80.00', 1, '85.00', '30242cbbf8e4ad', NULL, NULL, NULL, NULL, NULL, NULL, '2021-09-30 13:10:52', '2021-10-01 05:15:50', 1),
(10, 'MOB881', 6, NULL, 800, '35.00', 1, '40.00', '7935686582cbad', NULL, NULL, NULL, NULL, NULL, NULL, '2021-09-30 13:10:58', '2021-10-01 05:16:06', 1),
(11, 'MOB882', 7, NULL, 466, '27.00', 1, '35.00', 'b6a1fd9bcdd00f', NULL, NULL, NULL, NULL, NULL, NULL, '2021-09-30 13:10:58', '2021-10-01 05:16:49', 1),
(12, 'MOB883', 8, NULL, 255, '120.00', 1, '140.00', '4c942171b9f752', NULL, NULL, NULL, NULL, NULL, NULL, '2021-09-30 13:10:58', '2021-10-01 05:17:01', 1),
(13, 'MOB8841633025809b15ff75', 9, NULL, 0, '0.00', 1, '0.00', '16522ac49e0239', NULL, NULL, NULL, NULL, NULL, NULL, '2021-09-30 13:10:58', '2021-09-30 18:16:49', 1),
(14, 'MOB885', 10, NULL, 400, '14.00', 1, '16.00', '667888dab7d747', NULL, NULL, NULL, NULL, NULL, NULL, '2021-09-30 13:10:58', '2021-10-01 05:17:56', 1),
(15, 'MOB88616330258220788cce', 11, NULL, 0, '0.00', 1, '0.00', '4b396397984ac4', NULL, NULL, NULL, NULL, NULL, NULL, '2021-09-30 13:10:58', '2021-09-30 18:17:02', 1),
(16, 'HD004', 12, NULL, 400, '15.00', 1, '18.00', 'fdf96b95ad8c4a', NULL, NULL, NULL, NULL, NULL, NULL, '2021-09-30 13:11:22', '2021-10-01 05:37:21', 1),
(17, 'HD005', 13, NULL, 500, '14.00', 1, '19.00', '92351d40e86140', NULL, NULL, NULL, NULL, NULL, NULL, '2021-09-30 13:11:22', '2021-10-01 05:37:33', 1),
(18, 'HD006', 14, NULL, 400, '10.00', 1, '14.00', 'dd6099c6e2ea0f', NULL, NULL, NULL, NULL, NULL, NULL, '2021-09-30 13:11:22', '2021-10-01 05:37:43', 1),
(19, 'HD007', 15, NULL, 555, '12.00', 1, '15.00', 'fdc073444dbfc3', NULL, NULL, NULL, NULL, NULL, NULL, '2021-09-30 13:11:22', '2021-10-01 05:37:54', 1),
(20, 'HD008', 16, NULL, 888, '15.00', 1, '17.00', '284308c6065ecd', NULL, NULL, NULL, NULL, NULL, NULL, '2021-09-30 13:11:22', '2021-10-01 05:38:05', 1),
(21, 'HD009', 17, NULL, 777, '20.00', 1, '25.00', '4c4c99693c252d', NULL, NULL, NULL, NULL, NULL, NULL, '2021-09-30 13:11:22', '2021-10-01 05:38:14', 1),
(22, 'HC710', 18, NULL, 252, '12.00', 1, '16.00', 'e9ceb34977efe9', NULL, NULL, NULL, NULL, NULL, NULL, '2021-09-30 13:11:39', '2021-10-01 05:38:26', 1),
(23, 'HC711', 19, NULL, 666, '15.00', 1, '18.00', 'c6fa0456816f04', NULL, NULL, NULL, NULL, NULL, NULL, '2021-09-30 13:11:39', '2021-10-01 05:38:36', 1),
(24, 'HC712', 20, NULL, 552, '18.00', 1, '20.00', '6c9162c00886aa', NULL, NULL, NULL, NULL, NULL, NULL, '2021-09-30 13:11:39', '2021-10-01 05:38:47', 1),
(25, 'MllN859', 21, NULL, 300, '13.00', 1, '18.00', '88b84682307be9', NULL, NULL, NULL, NULL, NULL, NULL, '2021-09-30 13:12:30', '2021-10-01 05:38:58', 1),
(26, 'MllN860', 22, NULL, 200, '15.00', 1, '18.00', '0e12db20767334', NULL, NULL, NULL, NULL, NULL, NULL, '2021-09-30 13:12:30', '2021-10-01 05:39:22', 1),
(27, 'MllN861', 23, NULL, 422, '25.00', 1, '30.00', 'b1655221989aac', NULL, NULL, NULL, NULL, NULL, NULL, '2021-09-30 13:12:30', '2021-10-01 05:39:38', 1),
(28, 'MllN862', 24, NULL, 236, '30.00', 1, '35.00', '26da7c8703d863', NULL, NULL, NULL, NULL, NULL, NULL, '2021-09-30 13:12:30', '2021-10-01 05:39:56', 1),
(29, 'MllN863', 25, NULL, 855, '25.00', 1, '30.00', 'ab2fc2bc61846f', NULL, NULL, NULL, NULL, NULL, NULL, '2021-09-30 13:12:30', '2021-10-01 05:40:14', 1),
(30, 'WOMM851633370687f9e2efa', 26, NULL, 600, '15.00', 1, '18.00', 'f6b8cf90518321', NULL, NULL, NULL, NULL, NULL, NULL, '2021-09-30 13:12:46', '2021-10-04 18:04:47', 1),
(31, 'WOMM861633192903d748f35', 27, NULL, 855, '14.00', 1, '17.00', 'afea602daa7a09', NULL, NULL, NULL, NULL, NULL, NULL, '2021-09-30 13:12:46', '2021-10-02 16:41:43', 1),
(32, 'WOMM87', 28, NULL, 455, '20.00', 1, '25.00', '9ccc3eda60862e', NULL, NULL, NULL, NULL, NULL, NULL, '2021-09-30 13:12:46', '2021-10-01 05:40:48', 1),
(33, 'WOMM88', 29, NULL, 523, '15.00', 1, '18.00', '9150653fc5b8e4', NULL, NULL, NULL, NULL, NULL, NULL, '2021-09-30 13:12:46', '2021-10-01 05:41:00', 1),
(34, 'WOMM89', 30, NULL, 563, '25.00', 1, '35.00', 'bf3d7db2c807c9', NULL, NULL, NULL, NULL, NULL, NULL, '2021-09-30 13:12:46', '2021-10-01 05:41:15', 1),
(35, 'WOMM901633027384b23eb12', 31, NULL, 0, '0.00', 1, '0.00', 'e6eaf4c89e4373', NULL, NULL, NULL, NULL, NULL, NULL, '2021-09-30 13:12:46', '2021-09-30 18:43:04', 1),
(36, 'WOMM91', 32, NULL, 541, '25.00', 1, '28.00', 'b9f7b6366cecf4', NULL, NULL, NULL, NULL, NULL, NULL, '2021-09-30 13:12:46', '2021-10-01 05:41:26', 1),
(37, 'WOMM9216330075803c95331', 33, NULL, 0, '0.00', 1, '0.00', '1e354419fead70', NULL, NULL, NULL, NULL, NULL, NULL, '2021-09-30 13:12:46', '2021-09-30 13:13:00', 1),
(38, 'WOMM931633027370cd76c0c', 34, NULL, 0, '0.00', 1, '0.00', 'f9f6351cc77123', NULL, NULL, NULL, NULL, NULL, NULL, '2021-09-30 13:12:46', '2021-09-30 18:42:50', 1),
(39, 'WOMM94', 35, NULL, 599, '20.00', 1, '24.00', '935f687c51d122', NULL, NULL, NULL, NULL, NULL, NULL, '2021-09-30 13:12:46', '2021-10-01 05:41:40', 1),
(40, 'ITA555', 36, NULL, 789, '10.00', 1, '12.00', '98d6f08590875c', NULL, NULL, NULL, NULL, NULL, NULL, '2021-09-30 13:14:46', '2021-10-01 05:41:55', 1),
(41, 'ITA556', 37, NULL, 899, '8.00', 1, '10.00', 'bfcdeb410dfb53', NULL, NULL, NULL, NULL, NULL, NULL, '2021-09-30 13:14:46', '2021-10-01 05:42:06', 1),
(42, 'ITA557', 38, NULL, 855, '8.00', 1, '10.00', 'dfab847c38dd73', NULL, NULL, NULL, NULL, NULL, NULL, '2021-09-30 13:14:46', '2021-10-01 05:42:17', 1),
(43, 'ITA558', 39, NULL, 855, '7.00', 1, '9.00', 'b851b243228a8f', NULL, NULL, NULL, NULL, NULL, NULL, '2021-09-30 13:14:46', '2021-10-01 05:42:30', 1),
(44, 'ITA559163319385480488ba', 40, NULL, 566, '9.00', 1, '11.00', '223ab58fb39f0e', NULL, NULL, NULL, NULL, NULL, NULL, '2021-09-30 13:14:46', '2021-10-02 16:57:34', 1),
(45, 'ITA5601633193865f0402a8', 41, NULL, 785, '8.00', 1, '12.00', 'cae7ea1493bdce', NULL, NULL, NULL, NULL, NULL, NULL, '2021-09-30 13:14:46', '2021-10-02 16:57:45', 1),
(46, 'CN907', 42, NULL, 866, '4.00', 1, '6.00', '7a796ebb087275', NULL, NULL, NULL, NULL, NULL, NULL, '2021-09-30 13:14:56', '2021-10-01 05:43:20', 1),
(47, 'CN908', 43, NULL, 822, '8.00', 1, '10.00', '9ae10e19fb5d0e', NULL, NULL, NULL, NULL, NULL, NULL, '2021-09-30 13:14:56', '2021-10-01 05:43:33', 1),
(48, 'CN9091633028058d939b6f', 44, NULL, 0, '0.00', 1, '0.00', 'd73473518d9f79', NULL, NULL, NULL, NULL, NULL, NULL, '2021-09-30 13:14:56', '2021-09-30 18:54:18', 1),
(49, 'CN910', 45, NULL, 866, '12.00', 1, '14.00', 'e5660e594bea3e', NULL, NULL, NULL, NULL, NULL, NULL, '2021-09-30 13:14:56', '2021-10-01 05:44:14', 1),
(50, 'CN911163302811410ff55a', 46, NULL, 0, '0.00', 1, '0.00', '90fb11c836ee53', NULL, NULL, NULL, NULL, NULL, NULL, '2021-09-30 13:14:56', '2021-09-30 18:55:14', 1),
(51, 'CN912', 47, NULL, 855, '7.00', 1, '9.00', '341be4a1847d90', NULL, NULL, NULL, NULL, NULL, NULL, '2021-09-30 13:14:56', '2021-10-01 05:44:27', 1),
(52, 'GS009', 48, NULL, 866, '4.00', 1, '6.00', 'a41367352c8751', NULL, NULL, NULL, NULL, NULL, NULL, '2021-09-30 13:16:08', '2021-10-01 05:44:44', 1),
(53, 'GS010', 49, NULL, 899, '5.00', 1, '8.00', 'fbcd9b276103c9', NULL, NULL, NULL, NULL, NULL, NULL, '2021-09-30 13:16:08', '2021-10-01 05:45:13', 1),
(54, 'GS011', 50, NULL, 422, '12.00', 1, '15.00', 'b8dcf0de0d3507', NULL, NULL, NULL, NULL, NULL, NULL, '2021-09-30 13:16:08', '2021-10-01 05:45:30', 1),
(55, 'GS012', 51, NULL, 855, '8.00', 1, '11.00', '13f313a1d2b26c', NULL, NULL, NULL, NULL, NULL, NULL, '2021-09-30 13:16:08', '2021-10-01 05:45:45', 1),
(56, 'GS013', 52, NULL, 877, '8.00', 1, '10.00', '55b29fd52317b5', NULL, NULL, NULL, NULL, NULL, NULL, '2021-09-30 13:16:08', '2021-10-01 05:46:02', 1),
(57, 'GS014', 53, NULL, 755, '14.00', 1, '20.00', '5023c59c7fa215', NULL, NULL, NULL, NULL, NULL, NULL, '2021-09-30 13:16:08', '2021-10-01 05:46:16', 1),
(58, 'GS015', 54, NULL, 822, '5.00', 1, '8.00', 'fa28caf6850f3d', NULL, NULL, NULL, NULL, NULL, NULL, '2021-09-30 13:16:08', '2021-10-01 05:46:27', 1),
(59, 'GS0161633028957a950de7', 55, NULL, 0, '0.00', 1, '0.00', '017a1dbdbccf6d', NULL, NULL, NULL, NULL, NULL, NULL, '2021-09-30 13:16:08', '2021-09-30 19:09:17', 1),
(60, 'Veg458', 56, NULL, 854, '3.00', 1, '5.00', '3ed25745026d33', NULL, NULL, NULL, NULL, NULL, NULL, '2021-09-30 13:16:16', '2021-10-01 05:46:41', 1),
(61, 'Veg459', 57, NULL, 499, '2.00', 1, '3.00', '46f7dfb07dd4f3', NULL, NULL, NULL, NULL, NULL, NULL, '2021-09-30 13:16:16', '2021-10-01 05:47:35', 1),
(62, 'Veg460', 58, NULL, 788, '4.00', 1, '8.00', '895cc9d4cc3d14', NULL, NULL, NULL, NULL, NULL, NULL, '2021-09-30 13:16:16', '2021-10-01 05:48:23', 1),
(63, 'Veg4611633029115c933fbc', 59, NULL, 0, '0.00', 1, '0.00', 'ec22a844933c6f', NULL, NULL, NULL, NULL, NULL, NULL, '2021-09-30 13:16:16', '2021-09-30 19:11:55', 1),
(64, 'FR559', 60, NULL, 555, '15.00', 1, '18.00', '11ec24aeeaef1c', NULL, NULL, NULL, NULL, NULL, NULL, '2021-09-30 13:16:24', '2021-10-01 05:48:37', 1),
(65, 'FR560', 61, NULL, 466, '9.00', 1, '15.00', 'f9969db84c3cc7', NULL, NULL, NULL, NULL, NULL, NULL, '2021-09-30 13:16:24', '2021-10-01 05:48:49', 1),
(66, 'FR561', 62, NULL, 744, '7.00', 1, '8.00', '0c257abe937303', NULL, NULL, NULL, NULL, NULL, NULL, '2021-09-30 13:16:24', '2021-10-01 05:49:01', 1),
(67, 'FR562', 63, NULL, 785, '11.00', 1, '14.00', 'd3f7a33c7704f8', NULL, NULL, NULL, NULL, NULL, NULL, '2021-09-30 13:16:24', '2021-10-01 05:49:13', 1),
(68, 'BEV665', 64, NULL, 874, '9.00', 1, '11.00', '36c9c66548b446', NULL, NULL, NULL, NULL, NULL, NULL, '2021-09-30 13:16:32', '2021-10-01 05:49:30', 1),
(69, 'BEV666', 65, NULL, 466, '14.00', 1, '18.00', 'd929c9be06ee22', NULL, NULL, NULL, NULL, NULL, NULL, '2021-09-30 13:16:32', '2021-10-01 05:49:42', 1),
(70, 'BEV667', 66, NULL, 865, '5.00', 1, '8.00', '1bc398c47be675', NULL, NULL, NULL, NULL, NULL, NULL, '2021-09-30 13:16:32', '2021-10-01 05:49:56', 1),
(71, 'BEV668', 67, NULL, 785, '4.00', 1, '7.00', '4fce5ed9b49363', NULL, NULL, NULL, NULL, NULL, NULL, '2021-09-30 13:16:32', '2021-10-01 05:50:09', 1),
(72, 'BBB999', 68, NULL, 259, '10.00', 1, '14.00', 'ff920c0e1dc26d', NULL, NULL, NULL, NULL, NULL, NULL, '2021-09-30 13:16:59', '2021-10-01 05:50:20', 1),
(73, 'BBB1000', 69, NULL, 856, '9.00', 1, '14.00', '1590e2f265edcc', NULL, NULL, NULL, NULL, NULL, NULL, '2021-09-30 13:16:59', '2021-10-01 05:50:39', 1),
(74, 'BBB1001', 70, NULL, 754, '8.00', 1, '14.00', 'a451e393dabd15', NULL, NULL, NULL, NULL, NULL, NULL, '2021-09-30 13:16:59', '2021-10-01 05:50:53', 1),
(75, 'BBB1002', 71, NULL, 462, '8.00', 1, '10.00', '47ec34268c3b68', NULL, NULL, NULL, NULL, NULL, NULL, '2021-09-30 13:16:59', '2021-10-01 05:51:06', 1),
(76, 'PO321', 72, NULL, 1223, '18.00', 1, '21.00', '16f60fff63c8c6', NULL, NULL, NULL, NULL, NULL, NULL, '2021-10-08 13:49:21', '2021-10-08 14:04:29', 1),
(77, 'PO322', 73, NULL, 1900, '19.00', 1, '22.00', 'c3412cae0fe611', NULL, NULL, NULL, NULL, NULL, NULL, '2021-10-08 13:49:21', '2021-10-08 14:06:35', 1),
(78, 'PO323', 74, NULL, 1890, '12.00', 1, '15.00', '9f4c78f79c0ebb', NULL, NULL, NULL, NULL, NULL, NULL, '2021-10-08 13:49:21', '2021-10-08 14:08:18', 1),
(79, 'PO324', 75, NULL, 1999, '19.00', 1, '21.00', 'accb734f0cc6a1', NULL, NULL, NULL, NULL, NULL, NULL, '2021-10-08 13:49:21', '2021-10-08 14:15:41', 1),
(80, 'NH159', 76, NULL, 1900, '20.00', 1, '21.00', '9f04723c96543e', NULL, NULL, NULL, NULL, NULL, NULL, '2021-10-08 14:08:15', '2021-10-08 14:21:58', 1),
(81, 'NH160', 77, NULL, 1990, '18.00', 1, '21.00', '2f85a0264107c2', NULL, NULL, NULL, NULL, NULL, NULL, '2021-10-08 14:08:15', '2021-10-08 14:26:02', 1),
(82, 'NH161', 78, NULL, 1890, '10.00', 1, '14.00', 'f19a5bbd57a371', NULL, NULL, NULL, NULL, NULL, NULL, '2021-10-08 14:08:15', '2021-10-08 14:28:39', 1),
(83, 'NH162', 79, NULL, 1990, '1200.00', 1, '15.00', '4c62fdbcce1078', NULL, NULL, NULL, NULL, NULL, NULL, '2021-10-08 14:08:15', '2021-10-11 09:38:05', 1),
(84, 'FG123', 80, NULL, 250, '18.00', 1, '20.00', '066e71d13bbf97', NULL, NULL, NULL, NULL, NULL, NULL, '2021-10-08 14:16:33', '2021-10-11 09:40:45', 1),
(85, 'FG124', 81, NULL, 190, '20.00', 1, '22.00', '9628a638779f0e', NULL, NULL, NULL, NULL, NULL, NULL, '2021-10-08 14:16:33', '2021-10-11 09:43:21', 1),
(86, 'FG125', 82, NULL, 260, '12.00', 1, '14.00', 'e0956a0efd04e5', NULL, NULL, NULL, NULL, NULL, NULL, '2021-10-08 14:16:33', '2021-10-11 09:45:54', 1),
(87, 'FG126', 83, NULL, 1990, '10.00', 1, '14.00', 'a720607a9a6708', NULL, NULL, NULL, NULL, NULL, NULL, '2021-10-08 14:16:33', '2021-10-08 14:39:16', 1),
(88, 'FG127', 84, NULL, 1900, '19.00', 1, '21.00', '183e7b3bccb5ce', NULL, NULL, NULL, NULL, NULL, NULL, '2021-10-08 14:16:33', '2021-10-08 14:40:45', 1);

-- --------------------------------------------------------

--
-- Dumping data for table `product_variant_sets`
--

INSERT INTO `product_variant_sets` (`id`, `product_id`, `product_variant_id`, `variant_type_id`, `variant_option_id`, `created_at`, `updated_at`) VALUES
(1, 1, 2, 1, 1, NULL, NULL),
(2, 1, 2, 2, 5, NULL, NULL),
(3, 1, 3, 1, 1, NULL, NULL),
(4, 1, 3, 2, 6, NULL, NULL),
(5, 1, 3, 1, 1, NULL, NULL),
(6, 1, 3, 2, 6, NULL, NULL),
(7, 1, 4, 1, 7, NULL, NULL),
(8, 1, 4, 2, 5, NULL, NULL),
(9, 1, 5, 1, 7, NULL, NULL),
(10, 1, 5, 2, 6, NULL, NULL);


-- --------------------------------------------------------


--
-- Dumping data for table `variant_option_translations`
--
INSERT INTO `variant_option_translations` (`id`, `title`, `variant_option_id`, `language_id`, `created_at`, `updated_at`) VALUES
(1, 'Small', 1, 1, NULL, '2021-10-01 05:53:18'),
(2, 'White', 2, 1, NULL, '2021-10-01 05:53:18'),
(3, 'Black', 3, 1, NULL, '2021-10-01 05:53:18'),
(4, 'Grey', 4, 1, NULL, '2021-10-01 05:53:18'),
(5, 'Medium', 5, 1, NULL, '2021-10-01 05:53:18'),
(6, 'Large', 6, 1, NULL, '2021-10-01 05:53:18'),
(7, 'IPhone', 7, 1, NULL, '2021-10-01 05:53:18'),
(8, 'Samsung', 8, 1, NULL, '2021-10-01 05:53:18'),
(9, 'Xiaomi', 9, 1, NULL, '2021-10-01 05:53:18');

-- --------------------------------------------------------


--
-- Dumping data for table `variant_translations`
--
INSERT INTO `variant_translations` (`id`, `title`, `variant_id`, `language_id`, `created_at`, `updated_at`) VALUES
(1, 'Size', 1, 1, NULL, '2021-10-01 05:53:18'),
(2, 'Color', 2, 1, NULL, '2021-10-01 05:53:18'),
(3, 'Phones', 3, 1, NULL, '2021-10-01 05:53:18');



-- --------------------------------------------------------

--
-- Dumping data for table `vendor_categories`
--

INSERT INTO `vendor_categories` (`id`, `vendor_id`, `category_id`, `status`, `created_at`, `updated_at`) VALUES
(1, 1, 3, 1, '2021-09-30 13:09:13', '2021-09-30 13:09:13'),
(2, 1, 16, 1, '2021-09-30 13:09:13', '2021-09-30 13:09:13'),
(3, 1, 17, 1, '2021-09-30 13:09:14', '2021-09-30 13:09:14'),
(4, 1, 4, 1, '2021-09-30 13:09:14', '2021-09-30 13:09:14'),
(5, 1, 8, 1, '2021-09-30 13:09:15', '2021-09-30 13:09:15'),
(6, 1, 9, 1, '2021-09-30 13:09:15', '2021-09-30 13:09:15'),
(7, 1, 10, 1, '2021-09-30 13:09:16', '2021-09-30 13:09:16'),
(8, 1, 14, 1, '2021-09-30 13:09:16', '2021-09-30 13:09:16'),
(9, 1, 15, 1, '2021-09-30 13:09:17', '2021-09-30 13:09:17'),
(10, 1, 5, 1, '2021-09-30 13:09:21', '2021-09-30 13:09:21'),
(11, 1, 18, 1, '2021-09-30 13:09:22', '2021-09-30 13:09:22'),
(12, 1, 19, 1, '2021-09-30 13:09:22', '2021-09-30 13:09:22'),
(13, 1, 12, 1, '2021-09-30 13:09:23', '2021-09-30 13:09:23'),
(14, 1, 20, 1, '2021-09-30 13:09:23', '2021-09-30 13:09:23'),
(15, 1, 21, 1, '2021-09-30 13:09:24', '2021-09-30 13:09:24'),
(16, 1, 22, 1, '2021-09-30 13:09:25', '2021-09-30 13:09:25'),
(17, 1, 23, 1, '2021-09-30 13:09:25', '2021-09-30 13:09:25'),
(18, 1, 24, 1, '2021-09-30 13:09:26', '2021-09-30 13:09:26');

-- --------------------------------------------------------


INSERT INTO `banners` (`id`, `name`, `description`, `image`, `validity_on`, `sorting`, `status`, `start_date_time`, `end_date_time`, `redirect_category_id`, `redirect_vendor_id`, `link`, `created_at`, `updated_at`, `image_mobile`) VALUES
(1, 'Supermarket', NULL, 'banner/6tKRaCYpA05ZPZjlkPtk3twBOyDhMIlJ3lAp3rFo.png', 1, 3, 1, '2021-10-06 13:11:00', '2025-10-29 12:00:00', 8, NULL, 'category', NULL, '2021-10-11 10:18:48', 'banner/xZxsg4JYN0wt6olsXSCrvIVtwre5jfJR5fylFiJI.png'),
(2, 'Electronics', NULL, 'banner/VYTHD1Jd3ZXclEcfp95RWJjyJgBrJmU6jOs4HHCU.png', 1, 2, 1, '2021-10-01 11:24:00', '2025-10-30 12:00:00', 24, NULL, 'category', NULL, '2021-10-11 10:18:32', 'banner/7t3Ue0Fo8AbKf8wrYspa4vjXCy6fxobymLLFYzZk.png'),
(4, 'Fashion', NULL, 'banner/sR4RvrIUoz3RezV8lGVBsQbNjbrrovXR2qL9S2ph.png', 1, 1, 1, '2021-10-03 20:54:00', '2025-10-31 12:00:00', 21, NULL, 'category', '2021-10-01 05:59:21', '2021-10-11 10:18:19', 'banner/dmIbEvwSExjPitb8D0nsnRoNmu4PbG98YTsZNYLF.png'),
(5, 'Pharmacy', NULL, 'banner/HdNkAXsIgB6rSEBQQSFScoPj4An01ZTftiTRE551.jpg', 0, 4, 1, '2021-10-03 20:56:00', '2025-10-31 12:00:00', NULL, NULL, NULL, '2021-10-03 15:27:40', '2021-10-11 07:40:53', NULL);


INSERT INTO `mobile_banners` (`id`, `name`, `description`, `image`, `validity_on`, `sorting`, `status`, `start_date_time`, `end_date_time`, `redirect_category_id`, `redirect_vendor_id`, `link`, `created_at`, `updated_at`) VALUES
(1, 'Supermarket', NULL, 'banner/hmVvbAoBOfeB7LjRizJEoBlH7h1aymShYvWkvlrC.png', 1, 3, 1, '2021-10-06 13:11:00', '2025-10-29 12:00:00', 8, NULL, 'category', NULL, '2021-11-15 09:52:51'),
(2, 'Fashion', NULL, 'banner/6UcB2Aicy6hFPBJ9rD1oNyeZbMhwlauHOjcRGK1v.png', 1, 2, 1, '2021-10-01 11:24:00', '2025-10-30 12:00:00', 24, NULL, 'category', NULL, '2021-11-15 09:52:17'),
(4, 'Electronics', NULL, 'banner/1fRMwEtQ4IQ1cgeiFDWWTWM7KnR57l7fzFwywefu.png', 1, 1, 1, '2021-10-03 20:54:00', '2025-10-31 12:00:00', 21, NULL, 'category', '2021-10-01 05:59:21', '2021-11-15 09:48:25'),
(5, 'Pharmacy', NULL, 'banner/BRbzRPGGSz6oywBiVPLGGT3P5oDjI4a1HhnKoDBX.jpg', 1, 4, 1, '2021-10-03 20:56:00', '2025-10-31 12:00:00', NULL, NULL, NULL, '2021-10-03 15:27:40', '2021-11-15 09:53:26');


INSERT INTO `cab_booking_layouts` (`id`, `title`, `slug`, `order_by`, `is_active`, `created_at`, `updated_at`) VALUES
(1, 'Vendors', 'vendors', 1, 0, NULL, '2021-10-04 11:33:02'),
(2, 'Featured Products', 'featured_products', 2, 1, NULL, NULL),
(3, 'New Products', 'new_products', 3, 1, NULL, NULL),
(4, 'On Sale', 'on_sale', 4, 1, NULL, NULL),
(5, 'Best Sellers', 'best_sellers', 5, 1, NULL, NULL),
(6, 'Brands', 'brands', 6, 1, NULL, NULL);


INSERT INTO `cab_booking_layout_transaltions` (`id`, `title`, `cab_booking_layout_id`, `language_id`, `created_at`, `updated_at`, `body_html`) VALUES
(1, NULL, 1, 1, '2021-10-04 11:33:01', '2021-10-04 11:33:01', NULL),
(2, NULL, 2, 1, '2021-10-04 11:33:02', '2021-10-04 11:33:02', NULL),
(3, NULL, 3, 1, '2021-10-04 11:33:02', '2021-10-04 11:33:02', NULL),
(4, NULL, 4, 1, '2021-10-04 11:33:02', '2021-10-04 11:33:02', NULL),
(5, NULL, 5, 1, '2021-10-04 11:33:02', '2021-10-04 11:33:02', NULL),
(6, NULL, 6, 1, '2021-10-04 11:33:02', '2021-10-04 11:33:02', NULL);


INSERT INTO `app_stylings` (`id`, `name`, `type`, `created_at`, `updated_at`) VALUES
(1, 'Regular Font', 2, NULL, NULL),
(2, 'Medium Font', 2, NULL, NULL),
(3, 'Bold Font', 2, NULL, NULL),
(4, 'Primary Color', 4, NULL, NULL),
(5, 'Secondary Color', 4, NULL, NULL),
(6, 'Tertiary Color', 4, NULL, NULL),
(7, 'Tab Bar Style', 3, NULL, NULL),
(8, 'Home Page Style', 3, NULL, NULL),
(9, 'Home Tag Line', 1, NULL, NULL);


INSERT INTO `app_styling_options` (`id`, `app_styling_id`, `name`, `image`, `is_selected`, `created_at`, `updated_at`, `template_id`) VALUES
(1, 1, 'CircularStd-Book', NULL, 1, NULL, NULL, NULL),
(2, 1, 'SFProText-Regular', NULL, 0, NULL, NULL, NULL),
(3, 1, 'Futura-Normal', NULL, 0, NULL, NULL, NULL),
(4, 1, 'Eina02-Regular', NULL, 0, NULL, NULL, NULL),
(5, 2, 'CircularStd-Medium', NULL, 1, NULL, NULL, NULL),
(6, 2, 'SFProText-Medium', NULL, 0, NULL, NULL, NULL),
(7, 2, 'Futura-Medium', NULL, 0, NULL, NULL, NULL),
(8, 2, 'Eina02-SemiBold', NULL, 0, NULL, NULL, NULL),
(9, 3, 'CircularStd-Bold', NULL, 1, NULL, NULL, NULL),
(10, 3, 'SFProText-Bold', NULL, 0, NULL, NULL, NULL),
(11, 3, 'FuturaBT-Heavy', NULL, 0, NULL, NULL, NULL),
(12, 3, 'Eina02-Bold', NULL, 0, NULL, NULL, NULL),
(13, 4, '#40B1E2', NULL, 1, NULL, '2021-10-04 07:35:47', NULL),
(14, 5, '#fff', NULL, 1, NULL, NULL, NULL),
(15, 6, '#fff', NULL, 1, NULL, NULL, NULL),
(16, 7, 'Tab 1', 'bar.png', 0, NULL, '2021-10-04 09:24:58', 1),
(17, 7, 'Tab 2', 'bar_two.png', 0, NULL, '2021-10-04 09:24:58', 2),
(18, 7, 'Tab 3', 'bar_three.png', 0, NULL, '2021-10-04 09:24:58', 3),
(19, 7, 'Tab 4', 'bar_four.png', 1, NULL, '2021-10-04 09:24:58', 4),
(20, 7, 'Tab 5', 'bar_five.png', 0, NULL, '2021-10-04 09:24:58', 5),
(21, 8, 'Home Page 1', 'home.png', 0, NULL, '2021-10-04 09:25:00', 1),
(22, 8, 'Home Page 4', 'home_four.png', 0, NULL, '2021-10-04 09:25:00', 2),
(23, 8, 'Home Page 5', 'home_five.png', 1, NULL, '2021-10-04 09:25:00', 3),
(24, 9, 'Create a free account and join us!', NULL, 1, NULL, NULL, NULL),
(25, 8, 'Home Page 6', 'home_six.png', 0, '2021-10-12 14:10:13', '2021-10-12 14:10:13', 4);

UPDATE `client_preferences` SET `dinein_check` = 0 WHERE `client_preferences`.`id` = 1;
UPDATE `client_preferences` SET `takeaway_check` = 0 WHERE `client_preferences`.`id` = 1;
UPDATE `client_preferences` SET `delivery_check` = 1 WHERE `client_preferences`.`id` = 1;

INSERT INTO `loyalty_cards` (`id`, `name`, `description`, `image`, `minimum_points`, `per_order_minimum_amount`, `per_order_points`, `per_purchase_minimum_amount`, `amount_per_loyalty_point`, `redeem_points_per_primary_currency`, `status`, `created_at`, `updated_at`, `loyalty_check`) VALUES
(1, 'Gold Plan', 'Gold Loyalty Card', '2f3120/loyalty/image/im5953PjFoo5xub5X4JKes2yV2CwnoAaBiy8ACh1.png', 400, NULL, 5, NULL, 10, 10, '0', '2021-11-16 05:03:53', '2021-11-16 05:15:49', '0'),
(2, 'Silver Plan', 'Silver Loyalty Card', '2f3120/loyalty/image/EAJdZtUl3sjzDLyvZfAjadapVc1S3eAQBSAqvjbr.png', 600, NULL, 8, NULL, 14, 10, '0', '2021-11-16 05:04:29', '2021-11-16 05:15:49', '0'),
(3, 'Platinum Plan', 'Platinum Loyalty Card', '2f3120/loyalty/image/rHwJcu9Q1NWp7TXnANRWoBOhdlWBPVbrBZgS2w1g.png', 800, NULL, 10, NULL, 20, 10, '0', '2021-11-16 05:07:24', '2021-11-16 05:15:49', '0');


UPDATE `client_preferences` SET `business_type` = 'food_grocery_ecommerce' , `is_hyperlocal` = 0 WHERE `client_preferences`.`id` = 1;

INSERT INTO `service_areas` (`id`, `name`, `description`, `geo_array`, `zoom_level`, `polygon`, `vendor_id`, `created_at`, `updated_at`) VALUES
(1, 'Chandigarh', 'Chandigarh', '(30.636489837442145, 76.7230168549591),(30.67783712988861, 76.61384021921691),(30.768148878396328, 76.60148060007629),(30.813567868760114, 76.67220508738097),(30.80767051095956, 76.75185596628722),(30.798823795558807, 76.80404102488097),(30.710902225267418, 76.89158832712707),(30.65598433602003, 76.86240589304504)', 12, 0x0000000001030000000100000009000000e50c7cfff0a23e4064a07ce8452e5340d6e2f0bb86ad3e4064a07c2849275340db2ba767a5c43e4064a07ca87e265340af66ddfb45d03e4064a07c68052b5340d2839e7ec3ce3e4064a07c681e30534011315db77fcc3e4064a07c68753353405c2d30b0fdb53e4064a07cc80f395340f1e4e596eea73e4064a07ca831375340e50c7cfff0a23e4064a07ce8452e5340, 1, '2022-01-20 12:13:13', '2022-01-20 12:13:13');

UPDATE `clients` SET `logo` = 'Clientlogo/61570106c8946.png' WHERE  1;