-- phpMyAdmin SQL Dump
-- version 5.1.0
-- https://www.phpmyadmin.net/
--
-- Host: 127.0.0.1
-- Generation Time: Oct 11, 2021 at 02:24 PM
-- Server version: 10.4.19-MariaDB
-- PHP Version: 7.4.19


-- --------------------------------------------------------

--
-- Dumping data for table `vendors`
--
INSERT INTO `vendors` (`id`, `name`, `slug`, `desc`, `logo`, `banner`, `address`, `email`, `website`, `phone_no`, `latitude`, `longitude`, `order_min_amount`, `order_pre_time`, `auto_reject_time`, `commission_percent`, `commission_fixed_per_order`, `commission_monthly`, `dine_in`, `takeaway`, `delivery`, `status`, `add_category`, `setting`, `is_show_vendor_details`, `created_at`, `updated_at`, `show_slot`, `vendor_templete_id`, `auto_accept_order`) VALUES
(1, 'DeliveryZone', NULL, NULL, 'default/default_logo.png', 'default/default_image.png', 'Sheikh Zayed Road - Dubai - United Arab Emirates', NULL, NULL, NULL, '25.060924600000', '55.128979500000', '0.00', NULL, NULL, 1, '0.00', '0.00', 0, 1, 1, 2, 1, 0, 0, NULL, '2021-09-30 06:27:47', 1, NULL, 0),
(2, 'AndiamoFoodtruck', 'andiamofoodtruck', NULL, 'vendor/Napoa72JpVBDq67SGwkBl1wE7uperRaEQFxCwxWB.png', 'vendor/nbRtdy3PG4c6U4egvoRSMyBR61lOBQQbzStLvvpy.png', 'Sector 26, Chandigarh, India', 'foodtruck@support.com', NULL, '8596987458', '30.729958600000', '76.810103800000', '0.00', NULL, NULL, 1, '0.00', '0.00', 1, 1, 1, 1, 1, 0, 0, '2021-09-30 06:28:56', '2021-11-15 10:05:41', 1, 5, 0),
(3, 'Grocery 24-7', 'grocery-24-7', NULL, 'vendor/bKYVjc6X5PU919Rh1f237n7esal3KpjjqMHTrmYr.png', 'vendor/26h7F3LqcX9HMGuxr8cqYIuCGAwosaBYcjvBd2eL.jpg', 'Sector 19, Chandigarh, India', 'grocery@support.com', NULL, '7485874589', '30.729363100000', '76.791972800000', '0.00', NULL, NULL, 1, '0.00', '0.00', 0, 1, 1, 1, 1, 0, 0, '2021-09-30 06:29:38', '2021-11-15 10:05:24', 1, 5, 0),
(4, 'LondonKings', 'londonkings', NULL, 'vendor/2Rd1z5ov1yrX8fGzlV4ymANhA9cknJlaAEOJEypT.jpg', 'vendor/roCugD6EZhYbZSaHPacgGiZOBsiqVa2Pulquy4Ep.jpg', 'Sector 17, Chandigarh, India', 'londonkings@support.com', NULL, '7878789698', '30.741051700000', '76.779015000000', '0.00', NULL, NULL, 1, '0.00', '0.00', 0, 1, 1, 1, 1, 0, 0, '2021-09-30 06:32:35', '2021-11-15 10:05:09', 1, 5, 0),
(5, 'Lifestyle Electronics', 'lifestyle-electronics', NULL, 'vendor/zDhrNpImkCrptRRrfL1m0OtQDYiYVi5KYr3klVbX.jpg', 'vendor/xZHzQIER04W6Rx8Ah2P9aoeMc4tNM52gVho15hDi.jpg', 'Sector 43, Chandigarh, India', 'lifestyle@support.com', NULL, '7415896325', '30.719058600000', '76.748704400000', '0.00', NULL, NULL, 1, '0.00', '0.00', 0, 0, 1, 1, 1, 0, 0, '2021-09-30 06:34:06', '2021-11-15 10:04:55', 1, 5, 0),
(6, 'Well', 'well', NULL, 'vendor/H0PGbrATMPIUQYGvjxeQsEzghnaQ7GkmUiNyDOXX.jpg', 'vendor/1bnQ7Nmb9gyWUKMLEGyObNbAcs2cXRhyP98W0VSW.jpg', 'Sector 22, Chandigarh, India', 'well@support.com', NULL, '7412369854', '30.732038500000', '76.772633400000', '0.00', NULL, NULL, 1, '0.00', '0.00', 0, 0, 1, 1, 1, 0, 0, '2021-09-30 06:35:52', '2021-11-15 10:04:17', 1, 5, 0);

--
-- Dumping data for table `addon_sets`
--

INSERT INTO `addon_sets` (`id`, `title`, `min_select`, `max_select`, `position`, `status`, `is_core`, `vendor_id`, `created_at`, `updated_at`) VALUES
(1, 'Small Parcels', 1, 1, 1, 1, 1, NULL, NULL, NULL),
(2, 'Electronics', 1, 1, 1, 1, 1, 5, '2021-10-11 11:39:45', '2021-10-11 11:39:45'),
(3, 'clothes', 1, 1, 1, 2, 1, 6, '2021-10-11 11:52:44', '2021-10-11 11:54:56'),
(4, 'clothes', 1, 1, 1, 1, 1, 4, '2021-10-11 11:56:18', '2021-10-11 11:56:18'),
(5, 'Food plate', 1, 1, 1, 1, 1, 2, '2021-10-11 12:09:48', '2021-10-11 12:09:48'),
(6, 'pizza', 1, 1, 1, 1, 1, 2, '2021-10-11 12:15:55', '2021-10-11 12:15:55'),
(7, 'bevrages', 1, 1, 1, 1, 1, 3, '2021-10-11 12:23:54', '2021-10-11 12:23:54'),
(8, 'vegetables', 1, 1, 1, 1, 1, 3, '2021-10-11 12:27:04', '2021-10-11 12:27:04'),
(9, 'baby product', 1, 1, 1, 1, 1, 3, '2021-10-11 12:31:13', '2021-10-11 12:31:13'),
(10, 'fruits', 1, 1, 1, 1, 1, 3, '2021-10-11 12:37:52', '2021-10-11 12:37:52'),
(11, 'bread and  Cake', 1, 1, 1, 1, 1, 3, '2021-10-11 12:44:34', '2021-10-11 12:48:15'),
(12, 'eggs', 1, 1, 1, 1, 1, 3, '2021-10-11 13:24:53', '2021-10-11 13:24:53');

--
-- Dumping data for table `categories`
--

INSERT INTO `categories` (`id`, `icon`, `slug`, `type_id`, `image`, `is_visible`, `status`, `position`, `is_core`, `can_add_products`, `parent_id`, `vendor_id`, `client_code`, `display_mode`, `warning_page_id`, `template_type_id`, `warning_page_design`, `created_at`, `updated_at`, `deleted_at`, `show_wishlist`) VALUES
(1, NULL, 'Root', 3, NULL, 0, 1, 1, 1, 0, NULL, NULL, NULL, '1', NULL, NULL, NULL, NULL, NULL, NULL, 1),
(2, NULL, 'Delivery', 1, NULL, 1, 1, 1, 1, 1, 1, NULL, NULL, '1', NULL, NULL, NULL, NULL, '2021-09-30 05:59:44', '2021-09-30 05:59:44', 1),
(3, 'd8473d/category/icon/2buEXLZgsfV8izDUQxd7vPnxVnGGoacHBDjsu73K.png', 'Restaurant', 6, 'category/image/U2AlFhjRHym4vrFlfXLf9u7umGbm0elr9tQU27XO.jpg', 0, 1, 1, 1, 0, 1, NULL, NULL, NULL, NULL, NULL, '0', NULL, '2021-10-07 06:40:46', NULL, 1),
(4, 'd8473d/category/icon/H8gmtLrfAccGdVeClCdnYP2feJaPxTNWDguuLEcP.png', 'Supermarket', 6, 'category/image/uzeNw1j2iy4agvqbqkUdnWLDZA5xPG6T1m7OrEer.jpg', 1, 1, 1, 1, 0, 1, NULL, NULL, NULL, NULL, NULL, '0', NULL, '2021-11-15 10:03:38', NULL, 1),
(5, 'd8473d/category/icon/mmsz6LvT3evlCkYm6X2f3YYgECxZLsq3jkgYhsd2.png', 'Pharmacy', 6, 'category/image/loB22EW2QyIy3vf56IEZhUl2r2aYPOaq7de7bDgN.png', 1, 1, 1, 1, 0, 1, NULL, NULL, NULL, NULL, NULL, '0', NULL, '2021-10-07 12:08:06', NULL, 1),
(6, NULL, 'Send something', 1, NULL, 1, 1, 1, 1, 1, 2, NULL, NULL, '1', NULL, NULL, NULL, NULL, '2021-09-30 05:59:44', '2021-09-30 05:59:44', 1),
(7, NULL, 'Buy something', 1, NULL, 1, 1, 1, 1, 1, 2, NULL, NULL, '1', NULL, NULL, NULL, NULL, '2021-09-30 05:59:44', '2021-09-30 05:59:44', 1),
(8, 'category/icon/CZe2xgeNUF6bltyaT1POfbrIs55bp5NaMCVwov5y.png', 'Vegetables', 1, 'category/image/mYDnuBTI5F3oSUZluVAPkGtadOqwqFPa4Zs82fHW.jpg', 1, 1, 1, 1, 1, 4, NULL, NULL, NULL, NULL, NULL, '0', NULL, '2021-10-02 13:09:40', NULL, 1),
(9, 'category/icon/KQjA9kTSbq3m9r5dGk2hJSa496PsPYmK78epG8sq.png', 'Fruits', 1, 'category/image/LPCIpglXIGCRUmoFyUAc9Oo9sQ9Nd8MxchZQCvNN.jpg', 1, 1, 1, 1, 1, 4, NULL, NULL, NULL, NULL, NULL, '0', NULL, '2021-10-02 18:04:42', NULL, 1),
(10, 'category/icon/NHqokKznR9ej40zoSVfOQpoebAh25HhePD3g3Rzr.png', 'Dairy and Eggs', 1, 'category/image/lWgOCd1LTakj0uTrLOwzeDuQHLnXVr0iCbcFc0ar.jpg', 1, 1, 1, 1, 1, 4, NULL, NULL, NULL, NULL, NULL, '0', NULL, '2021-10-04 07:02:58', NULL, 1),
(11, NULL, 'E-Commerce', 1, NULL, 1, 1, 1, 1, 1, 1, NULL, NULL, '1', NULL, NULL, NULL, NULL, '2021-09-30 05:59:39', '2021-09-30 05:59:39', 1),
(12, 'd8473d/category/icon/iJalH4B1JBdkN6Qfj3Wazu7EDbKIMLftkJN4WAQM.png', 'fashion', 6, 'category/image/fo8aZEpSMkkG4F4a8X8bRK96NUs6XiPQ7UhtI9TC.jpg', 1, 1, 1, 1, 0, 1, NULL, NULL, NULL, NULL, NULL, '0', NULL, '2021-10-06 05:13:19', NULL, 1),
(13, NULL, 'Dispatcher', 1, NULL, 1, 1, 1, 1, 1, 1, NULL, NULL, '1', NULL, NULL, NULL, NULL, '2021-09-30 05:59:35', '2021-09-30 05:59:35', 1),
(14, 'category/icon/JcxxKrOKWOEF0aUqPP1BgZtMKhLjCopY8hM20dmT.png', 'italian', 1, 'category/image/flO55XRukcDcfhS7qAEWwdIUVB9RqACVKPbJGPoh.jpg', 1, 1, 1, 1, 1, 3, NULL, NULL, NULL, NULL, NULL, '0', '2021-09-30 05:49:43', '2021-10-02 18:09:43', NULL, 1),
(15, 'category/icon/zNg1GtGHMoCkHFzCo8dzkR3ED3JbB7ND0HGTtRrY.png', 'chinese', 1, 'category/image/nxUUx44D6dZdeJGHUlul9104ZaAoCZxLhmNrtuwG.jpg', 1, 1, 1, 1, 1, 3, NULL, NULL, NULL, NULL, NULL, '0', '2021-09-30 05:50:28', '2021-10-02 18:10:01', NULL, 1),
(16, 'category/icon/HZTyO6r27VdoKfwBYKFgXLVOB0EkPbHVaWM1SIfk.png', 'Baby Products', 1, 'category/image/JQHXfqfJQmsrT9JOIhIjllufDbNBPwDcPBIDuY2p.jpg', 1, 1, 1, 1, 1, 4, NULL, NULL, NULL, NULL, NULL, '0', '2021-09-30 05:58:17', '2021-10-02 18:03:16', NULL, 1),
(17, 'category/icon/4cL9vNsK2rlyLa1JNfEm3a3aVdkd6HuXiExCoSD3.png', 'beverages', 1, 'category/image/qSaTPCt0LDgFZyU2eBYazqj98orYZejyXgSbwkw2.jpg', 1, 1, 1, 1, 1, 4, NULL, NULL, NULL, NULL, NULL, '0', '2021-09-30 05:59:08', '2021-10-02 18:03:55', NULL, 1),
(18, 'category/icon/mgUfc5kT23z28FCNTIq1NBskDM12jFtx40aoahL5.png', 'Fitness & Supplement', 1, 'category/image/3kqzahRrQZDaKBwHre27WN0qGycCPkd5rTVe27CH.jpg', 1, 1, 1, 1, 1, 5, NULL, NULL, NULL, NULL, NULL, '0', '2021-09-30 06:02:11', '2021-10-05 08:20:44', NULL, 1),
(19, 'category/icon/EAxMQM1yaRxQWRqxjXByiwSnDCoVKikkTriLzE8k.png', 'Healthcare Device', 1, 'category/image/UvW6EN5EwK8PWFEOnEoJBE0UH2DZg3NJZBB08ohV.jpg', 1, 1, 1, 1, 1, 5, NULL, NULL, NULL, NULL, NULL, '0', '2021-09-30 06:02:45', '2021-10-02 18:06:29', NULL, 1),
(20, 'category/icon/qeWejjZpnf5hdpP4OUxdslLDJk05rllyE1GNfuqL.png', 'Skincare', 1, 'category/image/1YQTB5KWwT3icy76zWdU6Eecwg5B207tu7sXDoip.jpg', 1, 1, 1, 1, 1, 5, NULL, NULL, NULL, NULL, NULL, '0', '2021-09-30 06:03:14', '2021-10-05 09:19:57', NULL, 1),
(21, 'category/icon/6yp4B4Ve5NMMOWw1fg1JtthFi6GiQHlD0bH8EE9b.jpg', 'mens', 1, 'category/image/LW14EE10F1XP9zJZFMlA3DHibeV9nLm7lDmZt5OD.jpg', 1, 1, 1, 1, 1, 12, NULL, NULL, NULL, NULL, NULL, '0', '2021-09-30 06:04:57', '2021-10-05 05:30:03', NULL, 1),
(22, 'category/icon/stmEWjPS4bKNrAlmTxJCw09MwSMUvywkH4p9M2lh.jpg', 'women', 1, 'category/image/udCpfrIJfs9MV2bMMO4lmzLLMn1WAUx6wVxvQX5V.jpg', 1, 1, 1, 1, 1, 12, NULL, NULL, NULL, NULL, NULL, '0', '2021-09-30 06:05:23', '2021-10-05 05:28:50', NULL, 1),
(23, 'd8473d/category/icon/w9lL2U2tgFNtXQ6HDNIjWXSK8TNne2NlSMe81Q7f.png', 'electronics', 6, 'category/image/hbz8QIna4sF9C0A87e5RN9MHCq0F56dMdyoFzRzH.jpg', 1, 1, 1, 1, 0, 1, NULL, NULL, NULL, NULL, NULL, '0', '2021-09-30 06:06:12', '2021-10-04 15:44:43', NULL, 1),
(24, 'category/icon/0oJTPrzBaKfgTm5TgvC4M7iYAtzjyD1X3OhuMTBR.png', 'mobiles', 1, 'category/image/MMQ23lGkGNgtAIrPASGUrHuV8pTH3ZxbLRR4YJbB.jpg', 1, 1, 1, 1, 1, 23, NULL, NULL, NULL, NULL, NULL, '0', '2021-09-30 06:07:20', '2021-10-05 08:44:19', NULL, 1),
(25, 'category/icon/x5s8i7Wzm5SkBjw0S9wB561yfmevJhQme0Ftgv0U.png', 'laptops', 1, 'category/image/drQeVAAtrZK9BoOVEcIaemLBUfaHsxwrlQI2cF0S.jpg', 1, 1, 1, 1, 1, 23, NULL, NULL, NULL, NULL, NULL, '0', '2021-09-30 06:07:48', '2021-10-02 18:09:20', NULL, 1);

--
-- Dumping data for table `addon_options`
--

INSERT INTO `addon_options` (`id`, `title`, `addon_id`, `position`, `price`, `created_at`, `updated_at`) VALUES
(1, 'Small parcel', 1, 1, '100.00', NULL, NULL),
(2, '8 GB', 2, 1, '18.00', '2021-10-11 11:39:45', '2021-10-11 11:39:45'),
(3, '16 GB', 2, 2, '25.00', '2021-10-11 11:39:45', '2021-10-11 11:39:45'),
(4, 'xl', 3, 1, '15.00', '2021-10-11 11:52:44', '2021-10-11 11:52:44'),
(5, 'xxl', 3, 2, '20.00', '2021-10-11 11:52:44', '2021-10-11 11:52:44'),
(6, 'XL', 4, 1, '10.00', '2021-10-11 11:56:18', '2021-10-11 11:56:18'),
(7, 'XXL', 4, 2, '15.00', '2021-10-11 11:56:18', '2021-10-11 11:56:18'),
(8, 'Half', 5, 1, '10.00', '2021-10-11 12:09:48', '2021-10-11 12:09:48'),
(9, 'Full', 5, 2, '20.00', '2021-10-11 12:09:48', '2021-10-11 12:09:48'),
(10, 'small', 6, 1, '15.00', '2021-10-11 12:15:55', '2021-10-11 12:15:55'),
(11, 'medium', 6, 2, '20.00', '2021-10-11 12:15:55', '2021-10-11 12:15:55'),
(12, 'large', 6, 3, '25.00', '2021-10-11 12:15:55', '2021-10-11 12:15:55'),
(13, 'small', 7, 1, '10.00', '2021-10-11 12:23:54', '2021-10-11 12:23:54'),
(14, 'medium', 7, 2, '20.00', '2021-10-11 12:23:54', '2021-10-11 12:23:54'),
(15, 'large', 7, 3, '30.00', '2021-10-11 12:23:54', '2021-10-11 12:23:54'),
(16, '2kg', 8, 1, '10.00', '2021-10-11 12:27:04', '2021-10-11 12:27:04'),
(17, '3kg', 8, 2, '15.00', '2021-10-11 12:27:04', '2021-10-11 12:27:04'),
(18, '1', 9, 1, '10.00', '2021-10-11 12:31:13', '2021-10-11 12:31:13'),
(19, '2', 9, 2, '13.00', '2021-10-11 12:31:13', '2021-10-11 12:31:13'),
(20, '2Kg', 10, 1, '15.00', '2021-10-11 12:37:52', '2021-10-11 12:37:52'),
(21, '3Kg', 10, 2, '20.00', '2021-10-11 12:37:52', '2021-10-11 12:37:52'),
(22, 'Half Kg', 11, 1, '10.00', '2021-10-11 12:44:34', '2021-10-11 12:44:34'),
(23, 'Full Kg', 11, 2, '15.00', '2021-10-11 12:44:34', '2021-10-11 12:44:34'),
(24, '3', 12, 1, '15.00', '2021-10-11 13:24:53', '2021-10-11 13:25:20'),
(25, '4', 12, 2, '20.00', '2021-10-11 13:24:53', '2021-10-11 13:25:20');
-- --------------------------------------------------------


--
-- Dumping data for table `addon_option_translations`
--

INSERT INTO `addon_option_translations` (`id`, `title`, `addon_opt_id`, `language_id`, `created_at`, `updated_at`) VALUES
(1, 'Small parcel', 1, 1, NULL, '2021-09-30 11:28:06'),
(2, '8 GB', 2, 1, NULL, NULL),
(3, '16 GB', 3, 1, NULL, NULL),
(4, 'xl', 4, 1, NULL, NULL),
(5, 'xxl', 5, 1, NULL, NULL),
(6, 'XL', 6, 1, NULL, NULL),
(7, 'XXL', 7, 1, NULL, NULL),
(8, 'Half', 8, 1, NULL, NULL),
(9, 'Full', 9, 1, NULL, NULL),
(10, 'small', 10, 1, NULL, NULL),
(11, 'medium', 11, 1, NULL, NULL),
(12, 'large', 12, 1, NULL, NULL),
(13, 'small', 13, 1, NULL, NULL),
(14, 'medium', 14, 1, NULL, NULL),
(15, 'large', 15, 1, NULL, NULL),
(16, '2kg', 16, 1, NULL, NULL),
(17, '3kg', 17, 1, NULL, NULL),
(18, '1', 18, 1, NULL, NULL),
(19, '2', 19, 1, NULL, NULL),
(20, '2Kg', 20, 1, NULL, NULL),
(21, '3Kg', 21, 1, NULL, NULL),
(22, 'Half Kg', 22, 1, NULL, NULL),
(23, 'Full Kg', 23, 1, NULL, NULL),
(24, '3', 24, 1, NULL, '2021-10-11 13:25:20'),
(25, '4', 25, 1, NULL, '2021-10-11 13:25:20');

-- --------------------------------------------------------


-- --------------------------------------------------------


--
-- Dumping data for table `addon_set_translations`
--

INSERT INTO `addon_set_translations` (`id`, `title`, `addon_id`, `language_id`, `created_at`, `updated_at`) VALUES
(1, 'Small Parcels', 1, 1, NULL, NULL),
(2, 'Electronics', 2, 1, NULL, NULL),
(3, 'clothes', 3, 1, NULL, NULL),
(4, 'clothes', 4, 1, NULL, NULL),
(5, 'Food plate', 5, 1, NULL, NULL),
(6, 'pizza', 6, 1, NULL, NULL),
(7, 'bevrages', 7, 1, NULL, NULL),
(8, 'vegetables', 8, 1, NULL, NULL),
(9, 'baby product', 9, 1, NULL, NULL),
(10, 'fruits', 10, 1, NULL, NULL),
(11, 'bread and  Cake', 11, 1, NULL, '2021-10-11 12:48:15'),
(12, 'eggs', 12, 1, NULL, NULL);


-- --------------------------------------------------------


--
-- Dumping data for table `brands`
--
INSERT INTO `brands` (`id`, `title`, `image`, `image_banner`, `position`, `status`, `created_at`, `updated_at`) VALUES
(1, 'Ladder', 'brand/ez6lw4Ze1lwBAPoD88AcxqsXDuK4q5VobbWWcbkQ.jpg', NULL, 2, 1, NULL, '2021-10-08 12:32:48'),
(2, 'Hubois', 'brand/xVwetPD6mwIVjWKmoroiCPxYffeP8nuNGoU0WFNV.jpg', NULL, 1, 1, NULL, '2021-10-01 07:22:04'),
(3, 'DAI\'s', 'brand/CsJwuj9pPobzgLqYH99OzyoaOKZBpFMWQhI9pD6Z.jpg', NULL, 3, 1, NULL, '2021-10-01 07:22:04'),
(4, 'Lahela-Jane', 'brand/V7ShNhFiOtQTxAUCInjhcK7bx49JjAIx6zPJ0eLs.png', NULL, 4, 1, NULL, '2021-10-01 07:22:04');

-- --------------------------------------------------------

INSERT INTO `variants` (`id`, `title`, `type`, `position`, `status`, `created_at`, `updated_at`) VALUES
(1, 'Size', 1, 1, 1, NULL, NULL),
(2, 'Color', 2, 2, 1, NULL, NULL),
(3, 'Phones', 1, 3, 1, NULL, NULL);
--
-- Dumping data for table `variant_options`
--

INSERT INTO `variant_options` (`id`, `title`, `variant_id`, `hexacode`, `position`, `created_at`, `updated_at`) VALUES
(1, 'Small', 1, '', 1, NULL, NULL),
(2, 'White', 2, '#FFFFFF', 1, NULL, '2021-09-30 11:29:39'),
(3, 'Black', 2, '#000000', 1, NULL, NULL),
(4, 'Blue', 2, '#2F2980', 1, NULL, '2021-09-30 11:29:53'),
(5, 'Medium', 1, '', 1, NULL, NULL),
(6, 'Large', 1, '', 1, NULL, NULL),
(7, 'IPhone', 3, '#FFFFFF', 1, NULL, '2021-09-30 06:26:47'),
(8, 'Samsung', 3, '#FFFFFF', 1, NULL, '2021-09-30 06:26:47'),
(9, 'OnePlus', 3, '#FFFFFF', 1, NULL, '2021-09-30 06:27:03');

--
-- Dumping data for table `brand_categories`
--

INSERT INTO `brand_categories` (`id`, `brand_id`, `category_id`, `created_at`, `updated_at`) VALUES
(12, 2, 12, NULL, NULL),
(13, 2, 21, NULL, NULL),
(14, 2, 22, NULL, NULL),
(20, 3, 23, NULL, NULL),
(21, 3, 12, NULL, NULL),
(22, 3, 20, NULL, NULL),
(23, 3, 16, NULL, NULL),
(24, 3, 18, NULL, NULL),
(25, 3, 19, NULL, NULL),
(26, 4, 17, NULL, NULL),
(27, 4, 15, NULL, NULL),
(28, 4, 9, NULL, NULL),
(29, 4, 10, NULL, NULL),
(30, 4, 8, NULL, NULL),
(31, 4, 3, NULL, NULL),
(32, 1, 4, NULL, NULL),
(33, 1, 23, NULL, NULL),
(34, 1, 3, NULL, NULL),
(35, 1, 24, NULL, NULL),
(36, 1, 25, NULL, NULL);



-- --------------------------------------------------------

-- --------------------------------------------------------

--
-- Dumping data for table `category_translations`
--

INSERT INTO `category_translations` (`id`, `name`, `trans-slug`, `meta_title`, `meta_description`, `meta_keywords`, `category_id`, `language_id`, `created_at`, `updated_at`) VALUES
(1, 'root', '', 'root', '', '', 1, 1, NULL, '2021-09-30 11:28:06'),
(2, 'Delivery', '', 'Delivery', '', '', 2, 1, NULL, '2021-09-30 11:28:06'),
(3, 'Restaurant', '', 'Restaurant', NULL, NULL, 3, 1, NULL, '2021-09-30 11:28:06'),
(4, 'Supermarket', '', 'Supermarket', NULL, NULL, 4, 1, NULL, '2021-09-30 11:28:06'),
(5, 'Pharmacy', '', 'Pharmacy', NULL, NULL, 5, 1, NULL, '2021-09-30 11:28:06'),
(6, 'Send something', '', 'Send something', '', '', 6, 1, NULL, '2021-09-30 11:28:06'),
(7, 'Buy something', '', 'Buy something', '', '', 7, 1, NULL, '2021-09-30 11:28:06'),
(8, 'Vegetables', '', 'Vegetables', NULL, NULL, 8, 1, NULL, '2021-09-30 11:28:06'),
(9, 'Fruits', '', 'Fruits', NULL, NULL, 9, 1, NULL, '2021-09-30 11:28:06'),
(10, 'Dairy and Eggs', '', 'Dairy and Eggs', NULL, NULL, 10, 1, NULL, '2021-09-30 11:28:06'),
(11, 'E-Commerce', '', 'E-Commerce', '', '', 11, 1, NULL, '2021-09-30 11:28:06'),
(12, 'Fashion', '', 'Fashion', NULL, NULL, 12, 1, NULL, '2021-10-06 05:13:19'),
(13, 'Dispatcher', '', 'Dispatcher', '', '', 13, 1, NULL, '2021-09-30 11:28:06'),
(14, 'Italian', NULL, 'Italian', NULL, NULL, 14, 1, '2021-09-30 05:49:43', '2021-09-30 11:28:06'),
(15, 'Chinese', NULL, 'Chinese', NULL, NULL, 15, 1, '2021-09-30 05:50:28', '2021-09-30 11:28:06'),
(16, 'Baby Products', NULL, 'Baby Products', NULL, NULL, 16, 1, '2021-09-30 05:58:17', '2021-09-30 11:28:06'),
(17, 'Beverages', NULL, 'beverages', NULL, NULL, 17, 1, '2021-09-30 05:59:08', '2021-09-30 11:28:06'),
(18, 'Fitness & Supplement', NULL, 'Fitness & Supplement', NULL, NULL, 18, 1, '2021-09-30 06:02:11', '2021-09-30 11:28:06'),
(19, 'Healthcare Device', NULL, 'Healthcare Device', NULL, NULL, 19, 1, '2021-09-30 06:02:45', '2021-09-30 11:28:06'),
(20, 'Skincare', NULL, 'Skincare', NULL, NULL, 20, 1, '2021-09-30 06:03:14', '2021-09-30 11:28:06'),
(21, 'Men', NULL, 'Men', NULL, NULL, 21, 1, '2021-09-30 06:04:57', '2021-09-30 11:28:06'),
(22, 'Women', NULL, 'Women', NULL, NULL, 22, 1, '2021-09-30 06:05:23', '2021-09-30 11:28:06'),
(23, 'Electronics', NULL, 'Electronics', NULL, NULL, 23, 1, '2021-09-30 06:06:12', '2021-09-30 11:28:06'),
(24, 'Mobiles', NULL, 'Mobiles', NULL, NULL, 24, 1, '2021-09-30 06:07:20', '2021-09-30 11:28:06'),
(25, 'Laptops', NULL, 'Laptops', NULL, NULL, 25, 1, '2021-09-30 06:07:48', '2021-09-30 11:28:06');



-- --------------------------------------------------------

--
-- Dumping data for table `products`
--

INSERT INTO `products` (`id`, `sku`, `title`, `url_slug`, `description`, `body_html`, `vendor_id`, `category_id`, `type_id`, `country_origin_id`, `is_new`, `is_featured`, `is_live`, `is_physical`, `weight`, `weight_unit`, `has_inventory`, `has_variant`, `sell_when_out_of_stock`, `requires_shipping`, `Requires_last_mile`, `averageRating`, `inquiry_only`, `publish_at`, `created_at`, `updated_at`, `brand_id`, `tax_category_id`, `deleted_at`, `pharmacy_check`, `tags`, `need_price_from_dispatcher`, `mode_of_service`) VALUES
(1, 'sku-id', '1', 'sku-id', NULL, NULL, 1, NULL, 1, NULL, 1, 1, 1, 1, NULL, NULL, 0, 0, 0, 0, 0, '4.00', 0, NULL, NULL, NULL, NULL, NULL, NULL, 0, NULL, NULL, NULL),
(2, 'BBB999', 'Baby Soaps', 'BBB999', NULL, '', 3, 16, 1, NULL, 1, 1, 1, 0, NULL, NULL, 1, 0, 0, 0, 1, '4.00', 0, '2021-09-30 10:13:14', NULL, '2021-10-04 14:57:21', NULL, NULL, NULL, 0, NULL, '0', NULL),
(3, 'BBB1000', 'Baby Oil', 'BBB1000', NULL, '', 3, 16, 1, NULL, 1, 1, 1, 0, NULL, NULL, 1, 0, 0, 0, 1, '4.00', 0, '2021-09-30 10:13:34', NULL, '2021-10-04 14:57:29', NULL, NULL, NULL, 0, NULL, '0', NULL),
(4, 'BBB1001', 'Baby Food', 'BBB1001', NULL, '', 3, 16, 1, NULL, 1, 1, 1, 0, NULL, NULL, 1, 0, 0, 0, 1, '4.00', 0, '2021-09-30 10:14:36', NULL, '2021-10-04 14:57:39', NULL, NULL, NULL, 0, NULL, '0', NULL),
(5, 'BBB1002', 'Baby Wipes', 'BBB1002', NULL, '', 3, 16, 1, NULL, 1, 1, 1, 0, NULL, NULL, 1, 0, 0, 0, 1, '4.00', 0, '2021-09-30 10:16:42', NULL, '2021-10-04 14:57:12', NULL, NULL, NULL, 0, NULL, '0', NULL),
(6, 'GS009', 'Cow Full Fat Milk', 'GS009', NULL, '', 3, 10, 1, NULL, 1, 1, 1, 0, NULL, NULL, 1, 0, 0, 0, 1, '4.00', 0, '2021-09-30 10:17:16', NULL, '2021-10-04 15:10:27', NULL, NULL, NULL, 0, NULL, '0', NULL),
(7, 'GS010', 'Brown Bread', 'GS010', NULL, '', 3, 10, 1, NULL, 1, 1, 1, 0, NULL, NULL, 1, 0, 0, 0, 1, '4.00', 0, '2021-09-30 10:17:39', NULL, '2021-10-08 12:39:41', 4, NULL, NULL, 0, NULL, '0', NULL),
(8, 'GS011', 'Eggs', 'GS011', NULL, '', 3, 10, 1, NULL, 1, 1, 1, 0, NULL, NULL, 1, 0, 0, 0, 1, '4.00', 0, '2021-09-30 10:18:10', NULL, '2021-10-08 12:39:57', 4, NULL, NULL, 0, NULL, '0', NULL),
(9, 'GS012', 'Cheese', 'GS012', NULL, '', 3, 10, 1, NULL, 1, 1, 1, 0, NULL, NULL, 1, 0, 0, 0, 1, '4.00', 0, '2021-09-30 10:22:53', NULL, '2021-10-04 15:11:05', NULL, NULL, NULL, 0, NULL, '0', NULL),
(10, 'GS013', 'Choco lava cake', 'GS013', NULL, '', 3, 10, 1, NULL, 1, 1, 1, 0, NULL, NULL, 1, 0, 0, 0, 1, '4.00', 0, '2021-09-30 10:23:33', NULL, '2021-10-04 15:11:15', NULL, NULL, NULL, 0, NULL, '0', NULL),
(11, 'GS014', 'Black Forest', 'GS014', NULL, '', 3, 10, 1, NULL, 1, 1, 1, 0, NULL, NULL, 1, 0, 0, 0, 1, '4.00', 0, '2021-09-30 10:24:37', NULL, '2021-10-08 12:40:10', 4, NULL, NULL, 0, NULL, '0', NULL),
(12, 'GS015', 'Blueberry Muffins', 'GS015', NULL, '', 3, 10, 1, NULL, 1, 1, 1, 0, NULL, NULL, 1, 0, 0, 0, 1, '4.00', 0, '2021-09-30 10:26:45', NULL, '2021-10-04 15:11:36', NULL, NULL, NULL, 0, NULL, '0', NULL),
(13, 'GS0161632985148', 'Strawberry icecreams', 'GS0161632985148', NULL, '', 3, 10, 1, NULL, 1, 0, 1, 0, NULL, NULL, 0, 0, 0, 0, 0, '4.00', 0, NULL, NULL, '2021-09-30 06:59:08', NULL, NULL, '2021-09-30 06:59:08', 0, NULL, NULL, NULL),
(14, 'FR559', 'Apple', 'FR559', NULL, '', 3, 9, 1, NULL, 1, 1, 1, 0, NULL, NULL, 1, 0, 0, 0, 1, '4.00', 0, '2021-09-30 10:27:42', NULL, '2021-10-08 12:40:23', 4, NULL, NULL, 0, NULL, '0', NULL),
(15, 'FR560', 'Mango', 'FR560', NULL, '', 3, 9, 1, NULL, 1, 1, 1, 0, NULL, NULL, 1, 0, 0, 0, 1, '4.00', 0, '2021-09-30 10:28:48', NULL, '2021-10-04 15:08:55', NULL, NULL, NULL, 0, NULL, '0', NULL),
(16, 'FR561', 'Banana', 'FR561', NULL, '', 3, 9, 1, NULL, 1, 1, 1, 0, NULL, NULL, 1, 0, 0, 0, 1, '4.00', 0, '2021-09-30 10:29:30', NULL, '2021-10-08 12:40:34', 4, NULL, NULL, 0, NULL, '0', NULL),
(17, 'FR562', 'Papaya', 'FR562', NULL, '', 3, 9, 1, NULL, 1, 1, 1, 0, NULL, NULL, 1, 0, 0, 0, 1, '4.00', 0, '2021-09-30 10:30:13', NULL, '2021-10-04 15:09:46', NULL, NULL, NULL, 0, NULL, '0', NULL),
(18, 'Veg458', 'Brocoli', 'Veg458', NULL, '', 3, 8, 1, NULL, 1, 1, 1, 0, NULL, NULL, 1, 0, 0, 0, 1, '4.00', 0, '2021-09-30 10:30:59', NULL, '2021-10-04 15:14:10', NULL, NULL, NULL, 0, NULL, '0', NULL),
(19, 'Veg459', 'Potato', 'Veg459', NULL, '', 3, 8, 1, NULL, 1, 1, 1, 0, NULL, NULL, 1, 0, 0, 0, 1, '4.00', 0, '2021-09-30 10:31:43', NULL, '2021-10-04 15:13:41', NULL, NULL, NULL, 0, NULL, '0', NULL),
(20, 'Veg460', 'Carrot', 'Veg460', NULL, '', 3, 8, 1, NULL, 1, 1, 1, 0, NULL, NULL, 1, 0, 0, 0, 1, '4.00', 0, '2021-09-30 10:32:28', NULL, '2021-10-08 12:41:00', 4, NULL, NULL, 0, NULL, '0', NULL),
(21, 'Veg4611632997958', 'Raddish', 'Veg4611632997958', NULL, '', 3, 8, 1, NULL, 1, 0, 1, 0, NULL, NULL, 0, 0, 0, 0, 0, '4.00', 0, NULL, NULL, '2021-09-30 10:32:38', NULL, NULL, '2021-09-30 10:32:38', 0, NULL, NULL, NULL),
(22, 'BEV665', 'Tea & Coffee', 'BEV665', NULL, '', 3, 17, 1, NULL, 1, 1, 1, 0, NULL, NULL, 1, 0, 0, 0, 1, '4.00', 0, '2021-09-30 10:33:02', NULL, '2021-10-08 12:41:31', 4, NULL, NULL, 0, NULL, '0', NULL),
(23, 'BEV666', 'Health Drinks', 'BEV666', NULL, '', 3, 17, 1, NULL, 1, 1, 1, 0, NULL, NULL, 1, 0, 0, 0, 1, '4.00', 0, '2021-09-30 10:33:22', NULL, '2021-10-08 12:41:19', 4, NULL, NULL, 0, NULL, '0', NULL),
(24, 'BEV667', 'Cold Drinks', 'BEV667', NULL, '', 3, 17, 1, NULL, 1, 1, 1, 0, NULL, NULL, 1, 0, 0, 0, 1, '4.00', 0, '2021-09-30 10:33:44', NULL, '2021-10-08 12:41:10', 4, NULL, NULL, 0, NULL, '0', NULL),
(25, 'BEV668', 'Water Soda', 'BEV668', NULL, '', 3, 17, 1, NULL, 1, 1, 1, 0, NULL, NULL, 1, 0, 0, 0, 1, '4.00', 0, '2021-09-30 10:34:13', NULL, '2021-10-08 12:41:47', 4, NULL, NULL, 0, NULL, '0', NULL),
(26, 'HD004', 'Vitamin B-12', 'HD004', NULL, '', 6, 18, 1, NULL, 1, 1, 1, 0, NULL, NULL, 1, 0, 0, 0, 1, '4.00', 0, '2021-09-30 07:00:28', NULL, '2021-10-08 12:33:34', 3, NULL, NULL, 0, NULL, '0', NULL),
(27, 'HD005', 'Folic B9', 'HD005', NULL, '', 6, 18, 1, NULL, 1, 1, 1, 0, NULL, NULL, 1, 0, 0, 0, 1, '4.00', 0, '2021-09-30 07:00:53', NULL, '2021-10-08 12:33:45', 3, NULL, NULL, 0, NULL, '0', NULL),
(28, 'HD006', 'Vitamin C + Zinc', 'HD006', NULL, '', 6, 18, 1, NULL, 1, 1, 1, 0, NULL, NULL, 1, 0, 0, 0, 1, '4.00', 0, '2021-09-30 07:01:18', NULL, '2021-10-08 12:33:55', 3, NULL, NULL, 0, NULL, '0', NULL),
(29, 'HD007', 'Casein Protein', 'HD007', NULL, '', 6, 18, 1, NULL, 1, 1, 1, 0, NULL, NULL, 1, 0, 0, 0, 1, '4.00', 0, '2021-09-30 07:01:49', NULL, '2021-10-08 12:34:04', 3, NULL, NULL, 0, NULL, '0', NULL),
(30, 'HD008', 'Hemp Protein', 'HD008', NULL, '', 6, 18, 1, NULL, 1, 1, 1, 0, NULL, NULL, 1, 0, 0, 0, 1, '4.00', 0, '2021-09-30 07:02:10', NULL, '2021-10-08 12:34:12', 3, NULL, NULL, 0, NULL, '0', NULL),
(31, 'HD009', 'Brown Rice Protein', 'HD009', NULL, '', 6, 18, 1, NULL, 1, 1, 1, 0, NULL, NULL, 1, 0, 0, 0, 1, '4.00', 0, '2021-09-30 07:02:39', NULL, '2021-10-08 12:34:23', 3, NULL, NULL, 0, NULL, '0', NULL),
(32, 'HC710', 'Thermometers', 'HC710', NULL, '', 6, 19, 1, NULL, 1, 1, 1, 0, NULL, NULL, 1, 0, 0, 0, 1, '4.00', 0, '2021-09-30 07:03:09', NULL, '2021-10-04 14:19:26', NULL, NULL, NULL, 0, NULL, '0', NULL),
(33, 'HC711', 'Pulse Oximeter', 'HC711', NULL, '', 6, 19, 1, NULL, 1, 1, 1, 0, NULL, NULL, 1, 0, 0, 0, 1, '4.00', 0, '2021-09-30 07:03:37', NULL, '2021-10-04 14:19:33', NULL, NULL, NULL, 0, NULL, '0', NULL),
(34, 'HC712', 'Breathe Free Vaporizer', 'HC712', NULL, '', 6, 19, 1, NULL, 1, 1, 1, 0, NULL, NULL, 1, 0, 0, 0, 1, '4.00', 0, '2021-09-30 07:04:00', NULL, '2021-10-04 14:19:42', NULL, NULL, NULL, 0, NULL, '0', NULL),
(35, 'SKN801', 'VLCC', 'SKN801', NULL, '', 6, 20, 1, NULL, 1, 1, 1, 0, NULL, NULL, 1, 0, 0, 0, 1, '4.00', 0, '2021-09-30 07:04:25', NULL, '2021-10-08 12:34:52', 3, NULL, NULL, 0, NULL, '0', NULL),
(36, 'SKN802', 'Purifying Cleanser', 'SKN802', NULL, '', 6, 20, 1, NULL, 1, 1, 1, 0, NULL, NULL, 1, 0, 0, 0, 1, '4.00', 0, '2021-09-30 07:04:51', NULL, '2021-10-08 12:34:34', 3, NULL, NULL, 0, NULL, '0', NULL),
(37, 'SKN803', 'Pixi By Petra Glow Tonic', 'SKN803', NULL, '', 6, 20, 1, NULL, 1, 1, 1, 0, NULL, NULL, 1, 0, 0, 0, 1, '4.00', 0, '2021-09-30 07:05:19', NULL, '2021-10-08 12:34:43', 3, NULL, NULL, 0, NULL, '0', NULL),
(38, 'NNDD445', 'Samsung Galaxy A11', 'NNDD445', NULL, '', 5, 24, 1, NULL, 1, 1, 1, 0, NULL, NULL, 1, 0, 0, 0, 1, '4.00', 0, '2021-09-30 07:16:48', NULL, '2021-10-08 12:35:33', 1, NULL, NULL, 0, NULL, '0', NULL),
(39, 'NNDD446', 'Samsung Galaxy A41', 'NNDD446', NULL, '', 5, 24, 1, NULL, 1, 1, 1, 0, NULL, NULL, 1, 0, 0, 0, 1, '4.00', 0, '2021-09-30 07:17:14', NULL, '2021-10-08 12:35:41', 1, NULL, NULL, 0, NULL, '0', NULL),
(40, 'NNDD447', 'OnePlus 7T', 'NNDD447', NULL, '', 5, 24, 1, NULL, 1, 1, 1, 0, NULL, NULL, 1, 0, 0, 0, 1, '4.00', 0, '2021-09-30 07:18:05', NULL, '2021-10-08 12:35:51', 1, NULL, NULL, 0, NULL, '0', NULL),
(41, 'NNDD4481632984523', 'Huawei Mate 40E', 'NNDD4481632984523', NULL, '', 5, 24, 1, NULL, 1, 0, 1, 0, NULL, NULL, 0, 0, 0, 0, 0, '4.00', 0, NULL, NULL, '2021-09-30 06:48:43', NULL, NULL, '2021-09-30 06:48:43', 0, NULL, NULL, NULL),
(42, 'NNDD449', 'Iphone 11', 'NNDD449', NULL, '', 5, 24, 1, NULL, 1, 1, 1, 0, NULL, NULL, 1, 0, 0, 0, 1, '4.00', 0, '2021-09-30 07:18:53', NULL, '2021-10-08 12:36:02', 1, NULL, NULL, 0, NULL, '0', NULL),
(43, 'NNDD4501632984635', 'Oppo A53S', 'NNDD4501632984635', NULL, '', 5, 24, 1, NULL, 1, 0, 1, 0, NULL, NULL, 0, 0, 0, 0, 0, '4.00', 0, NULL, NULL, '2021-09-30 06:50:35', NULL, NULL, '2021-09-30 06:50:35', 0, NULL, NULL, NULL),
(44, 'NNDD4511632984642', 'Oppo A74S', 'NNDD4511632984642', NULL, '', 5, 24, 1, NULL, 1, 0, 1, 0, NULL, NULL, 0, 0, 0, 0, 0, '4.00', 0, NULL, NULL, '2021-09-30 06:50:42', NULL, NULL, '2021-09-30 06:50:42', 0, NULL, NULL, NULL),
(45, 'Lap748', 'HP', 'Lap748', NULL, '', 5, 25, 1, NULL, 1, 1, 1, 0, NULL, NULL, 1, 0, 0, 0, 1, '4.00', 0, '2021-09-30 07:20:22', NULL, '2021-10-08 12:36:10', 1, NULL, NULL, 0, NULL, '0', NULL),
(46, 'Lap749', 'Lenovo', 'Lap749', NULL, '', 5, 25, 1, NULL, 1, 1, 1, 0, NULL, NULL, 1, 0, 0, 0, 1, '4.00', 0, '2021-09-30 07:21:22', NULL, '2021-10-08 12:36:24', 1, NULL, NULL, 0, NULL, '0', NULL),
(47, 'Lap750', 'Dell', 'Lap750', NULL, '', 5, 25, 1, NULL, 1, 1, 1, 0, NULL, NULL, 1, 0, 0, 0, 1, '4.00', 0, '2021-09-30 07:22:37', NULL, '2021-10-08 12:36:35', 1, NULL, NULL, 0, NULL, '0', NULL),
(48, 'Lap751', 'Apple', 'Lap751', NULL, '', 5, 25, 1, NULL, 1, 1, 1, 0, NULL, NULL, 1, 0, 0, 0, 1, '4.00', 0, '2021-09-30 07:23:26', NULL, '2021-10-08 12:36:47', 1, NULL, NULL, 0, NULL, '0', NULL),
(49, 'MllN859', 'Sunglasses', 'MllN859', NULL, '', 4, 21, 1, NULL, 1, 1, 1, 0, NULL, NULL, 1, 0, 0, 0, 1, '4.00', 0, '2021-09-30 07:29:49', NULL, '2021-10-08 12:37:51', 2, NULL, NULL, 0, NULL, '0', NULL),
(50, 'MllN860', 'Watches', 'MllN860', NULL, '', 4, 21, 1, NULL, 1, 1, 1, 0, NULL, NULL, 1, 0, 0, 0, 1, '4.00', 0, '2021-09-30 07:30:03', NULL, '2021-10-08 12:38:01', 2, NULL, NULL, 0, NULL, '0', NULL),
(51, 'MllN861', 'Jackets', 'MllN861', NULL, '', 4, 21, 1, NULL, 1, 1, 1, 0, NULL, NULL, 1, 0, 0, 0, 1, '4.00', 0, '2021-09-30 07:30:22', NULL, '2021-10-08 12:38:11', 2, NULL, NULL, 0, NULL, '0', NULL),
(52, 'MllN862', 'Coats', 'MllN862', NULL, '', 4, 21, 1, NULL, 1, 1, 1, 0, NULL, NULL, 1, 0, 0, 0, 1, '4.00', 0, '2021-09-30 07:30:38', NULL, '2021-10-08 12:38:20', 2, NULL, NULL, 0, NULL, '0', NULL),
(53, 'MllN863', 'Denim', 'MllN863', NULL, '', 4, 21, 1, NULL, 1, 1, 1, 0, NULL, NULL, 1, 0, 0, 0, 1, '4.00', 0, '2021-09-30 07:30:56', NULL, '2021-10-04 14:47:10', NULL, NULL, NULL, 0, NULL, '0', NULL),
(54, 'WOMM85', 'Bubble skirt', 'WOMM85', NULL, '', 4, 22, 1, NULL, 1, 1, 1, 0, NULL, NULL, 1, 0, 0, 0, 1, '4.00', 0, '2021-09-30 07:32:44', NULL, '2021-10-08 12:38:30', 2, NULL, NULL, 0, NULL, '0', NULL),
(55, 'WOMM861632986734', 'Circular skirt', 'WOMM861632986734', NULL, '', 4, 22, 1, NULL, 1, 0, 1, 0, NULL, NULL, 0, 0, 0, 0, 0, '4.00', 0, NULL, NULL, '2021-09-30 07:25:34', NULL, NULL, '2021-09-30 07:25:34', 0, NULL, NULL, NULL),
(56, 'WOMM87', 'Printed', 'WOMM87', NULL, '', 4, 22, 1, NULL, 1, 1, 1, 0, NULL, NULL, 1, 0, 0, 0, 1, '4.00', 0, '2021-09-30 09:40:27', NULL, '2021-10-08 12:38:39', 2, NULL, NULL, 0, NULL, '0', NULL),
(57, 'WOMM881632986727', 'Solids', 'WOMM881632986727', NULL, '', 4, 22, 1, NULL, 1, 0, 1, 0, NULL, NULL, 0, 0, 0, 0, 0, '4.00', 0, NULL, NULL, '2021-09-30 07:25:27', NULL, NULL, '2021-09-30 07:25:27', 0, NULL, NULL, NULL),
(58, 'WOMM89', 'Partywear', 'WOMM89', NULL, '', 4, 22, 1, NULL, 1, 1, 1, 0, NULL, NULL, 1, 0, 0, 0, 1, '4.00', 0, '2021-09-30 09:42:26', NULL, '2021-09-30 09:42:26', NULL, NULL, NULL, 0, NULL, '0', NULL),
(59, 'WOMM90', 'Casual', 'WOMM90', NULL, '', 4, 22, 1, NULL, 1, 1, 1, 0, NULL, NULL, 1, 0, 0, 0, 1, '4.00', 0, '2021-09-30 09:44:46', NULL, '2021-10-04 14:47:27', NULL, NULL, NULL, 0, NULL, '0', NULL),
(60, 'WOMM91', 'Denim', 'WOMM91', NULL, '', 4, 22, 1, NULL, 1, 1, 1, 0, NULL, NULL, 1, 0, 0, 0, 1, '4.00', 0, '2021-09-30 09:45:23', NULL, '2021-10-08 12:38:48', 2, NULL, NULL, 0, NULL, '0', NULL),
(61, 'WOMM921632986744', 'High Ankle', 'WOMM921632986744', NULL, '', 4, 22, 1, NULL, 1, 0, 1, 0, NULL, NULL, 0, 0, 0, 0, 0, '4.00', 0, NULL, NULL, '2021-09-30 07:25:44', NULL, NULL, '2021-09-30 07:25:44', 0, NULL, NULL, NULL),
(62, 'WOMM93', 'Long Coats', 'WOMM93', NULL, '', 4, 22, 1, NULL, 1, 1, 1, 0, NULL, NULL, 1, 0, 0, 0, 1, '4.00', 0, '2021-09-30 09:46:17', NULL, '2021-10-08 12:39:00', 2, NULL, NULL, 0, NULL, '0', NULL),
(63, 'WOMM94', 'Fluffy Jackets', 'WOMM94', NULL, '', 4, 22, 1, NULL, 1, 1, 1, 0, NULL, NULL, 1, 0, 0, 0, 1, '4.00', 0, '2021-09-30 09:47:34', NULL, '2021-10-04 14:47:43', NULL, NULL, NULL, 0, NULL, '0', NULL),
(64, 'ITA555', 'Margherita pizza', 'ITA555', NULL, '', 2, 14, 1, NULL, 1, 1, 1, 0, NULL, NULL, 1, 0, 0, 0, 1, '4.00', 0, '2021-09-30 10:39:56', NULL, '2021-10-04 15:30:23', NULL, NULL, NULL, 0, NULL, '0', NULL),
(65, 'ITA556', 'Mushroom Risotto', 'ITA556', NULL, '', 2, 14, 1, NULL, 1, 1, 1, 0, NULL, NULL, 1, 0, 0, 0, 1, '4.00', 0, '2021-09-30 10:41:08', NULL, '2021-10-04 15:24:21', NULL, NULL, NULL, 0, NULL, '0', NULL),
(66, 'ITA557', 'Focaccia Bread ', 'ITA557', NULL, '', 2, 14, 1, NULL, 1, 1, 1, 0, NULL, NULL, 1, 0, 0, 0, 1, '4.00', 0, '2021-09-30 10:42:00', NULL, '2021-10-04 15:29:29', NULL, NULL, NULL, 0, NULL, '0', NULL),
(67, 'ITA558', 'Bruschetta', 'ITA558', NULL, '', 2, 14, 1, NULL, 1, 1, 1, 0, NULL, NULL, 1, 0, 0, 0, 1, '4.00', 0, '2021-09-30 10:42:51', NULL, '2021-10-04 15:29:37', NULL, NULL, NULL, 0, NULL, '0', NULL),
(68, 'ITA5591632985026', 'Pasta Carbonara', 'ITA5591632985026', NULL, '', 2, 14, 1, NULL, 1, 0, 1, 0, NULL, NULL, 0, 0, 0, 0, 0, '4.00', 0, NULL, NULL, '2021-09-30 06:57:06', NULL, NULL, '2021-09-30 06:57:06', 0, NULL, NULL, NULL),
(69, 'ITA5601632984973', 'Caprese Salad with Pesto Sauce', 'ITA5601632984973', NULL, '', 2, 14, 1, NULL, 1, 0, 1, 0, NULL, NULL, 0, 0, 0, 0, 0, '4.00', 0, NULL, NULL, '2021-09-30 06:56:13', NULL, NULL, '2021-09-30 06:56:13', 0, NULL, NULL, NULL),
(70, 'CN907', 'Dim Sums', 'CN907', NULL, '', 2, 15, 1, NULL, 1, 1, 1, 0, NULL, NULL, 1, 0, 0, 0, 1, '4.00', 0, '2021-09-30 10:43:43', NULL, '2021-10-04 15:29:45', NULL, NULL, NULL, 0, NULL, '0', NULL),
(71, 'CN908', 'Hot and Sour Soup', 'CN908', NULL, '', 2, 15, 1, NULL, 1, 1, 1, 0, NULL, NULL, 1, 0, 0, 0, 1, '4.00', 0, '2021-09-30 10:44:44', NULL, '2021-10-04 15:29:54', NULL, NULL, NULL, 0, NULL, '0', NULL),
(72, 'CN9091632985036', 'Chicken with Chestnuts', 'CN9091632985036', NULL, '', 2, 15, 1, NULL, 1, 0, 1, 0, NULL, NULL, 0, 0, 0, 0, 0, '4.00', 0, NULL, NULL, '2021-09-30 06:57:16', NULL, NULL, '2021-09-30 06:57:16', 0, NULL, NULL, NULL),
(73, 'CN910', 'Spring Rolls', 'CN910', NULL, '', 2, 15, 1, NULL, 1, 1, 1, 0, NULL, NULL, 1, 0, 0, 0, 1, '4.00', 0, '2021-09-30 10:45:45', NULL, '2021-10-04 15:30:03', NULL, NULL, NULL, 0, NULL, '0', NULL),
(74, 'CN9111632984984', 'Stir Fried Tofu with Rice', 'CN9111632984984', NULL, '', 2, 15, 1, NULL, 1, 0, 1, 0, NULL, NULL, 0, 0, 0, 0, 0, '4.00', 0, NULL, NULL, '2021-09-30 06:56:24', NULL, NULL, '2021-09-30 06:56:24', 0, NULL, NULL, NULL),
(75, 'CN912', 'Quick Noodles', 'CN912', NULL, '', 2, 15, 1, NULL, 1, 1, 1, 0, NULL, NULL, 1, 0, 0, 0, 1, '4.00', 0, '2021-09-30 10:46:51', NULL, '2021-10-04 15:30:15', NULL, NULL, NULL, 0, NULL, '0', NULL),
(76, 'SKN8851633930822', 'VLCC', 'SKN8851633930822', NULL, '', 6, 20, 1, NULL, 1, 0, 1, 0, NULL, NULL, 0, 0, 0, 0, 0, NULL, 0, NULL, NULL, '2021-10-11 05:40:22', NULL, NULL, '2021-10-11 05:40:22', 0, NULL, NULL, NULL),
(77, 'SKN8861633930833', 'Purifying Cleanser', 'SKN8861633930833', NULL, '', 6, 20, 1, NULL, 1, 0, 1, 0, NULL, NULL, 0, 0, 0, 0, 0, NULL, 0, NULL, NULL, '2021-10-11 05:40:33', NULL, NULL, '2021-10-11 05:40:33', 0, NULL, NULL, NULL),
(78, 'SKN8871633930847', 'Pixi By Petra Glow Tonic', 'SKN8871633930847', NULL, '', 6, 20, 1, NULL, 1, 0, 1, 0, NULL, NULL, 0, 0, 0, 0, 0, NULL, 0, NULL, NULL, '2021-10-11 05:40:47', NULL, NULL, '2021-10-11 05:40:47', 0, NULL, NULL, NULL),
(79, 'SKN888', 'Multani mitti', 'SKN888', NULL, '', 6, 20, 1, NULL, 1, 1, 1, 0, NULL, NULL, 1, 0, 0, 0, 1, NULL, 0, '2021-10-11 05:44:05', NULL, '2021-10-11 05:44:05', NULL, NULL, NULL, 0, NULL, '0', NULL),
(80, 'SKN889', 'Gulab Jal ', 'SKN889', NULL, '', 6, 20, 1, NULL, 1, 1, 1, 0, NULL, NULL, 1, 0, 0, 0, 1, NULL, 0, '2021-10-11 05:45:44', NULL, '2021-10-11 05:45:44', NULL, NULL, NULL, 0, NULL, '0', NULL),
(81, 'SKN890', 'Aloeveera Gel', 'SKN890', NULL, '', 6, 20, 1, NULL, 1, 1, 1, 0, NULL, NULL, 1, 0, 0, 0, 1, NULL, 0, '2021-10-11 05:47:19', NULL, '2021-10-11 05:47:19', NULL, NULL, NULL, 0, NULL, '0', NULL),
(82, 'HHT415', 'Stethoscopes', 'HHT415', NULL, '', 6, 19, 1, NULL, 1, 1, 1, 0, NULL, NULL, 1, 0, 0, 0, 1, NULL, 0, '2021-10-11 05:58:37', NULL, '2021-10-11 05:58:37', NULL, NULL, NULL, 0, NULL, '0', NULL),
(83, 'HHT416', 'Blood Glucose Meter', 'HHT416', NULL, '', 6, 19, 1, NULL, 1, 1, 1, 0, NULL, NULL, 1, 0, 0, 0, 1, NULL, 0, '2021-10-11 05:59:28', NULL, '2021-10-11 05:59:28', NULL, NULL, NULL, 0, NULL, '0', NULL),
(84, 'HHT417', 'Otoscope', 'HHT417', NULL, '', 6, 19, 1, NULL, 1, 1, 1, 0, NULL, NULL, 1, 0, 0, 0, 1, NULL, 0, '2021-10-11 06:00:46', NULL, '2021-10-11 06:00:46', NULL, NULL, NULL, 0, NULL, '0', NULL),
(85, 'Mobile101', NULL, 'mobile101', NULL, NULL, 5, 24, 1, NULL, 1, 1, 1, 0, NULL, NULL, 1, 0, 0, 0, 1, NULL, 0, '2021-10-11 06:03:06', '2021-10-11 06:01:45', '2021-10-11 06:03:06', NULL, NULL, NULL, 0, NULL, '0', NULL),
(86, 'Lapi505', NULL, 'lapi505', NULL, NULL, 5, 25, 1, NULL, 1, 1, 1, 0, NULL, NULL, 1, 0, 0, 0, 1, NULL, 0, '2021-10-11 06:07:03', '2021-10-11 06:03:55', '2021-10-11 06:07:03', NULL, NULL, NULL, 0, NULL, '0', NULL),
(87, 'Shirt22', NULL, 'shirt22', NULL, NULL, 4, 21, 1, NULL, 1, 1, 1, 0, NULL, NULL, 1, 0, 0, 0, 1, NULL, 0, '2021-10-11 06:18:19', '2021-10-11 06:12:55', '2021-10-11 06:18:19', NULL, NULL, NULL, 0, NULL, '0', NULL),
(88, 'tomato102', NULL, 'tomato102', NULL, NULL, 3, 8, 1, NULL, 1, 1, 1, 0, NULL, NULL, 1, 0, 0, 0, 1, NULL, 0, '2021-10-11 06:22:01', '2021-10-11 06:20:42', '2021-10-11 06:22:01', NULL, NULL, NULL, 0, NULL, '0', NULL),
(89, 'Brinjal205', NULL, 'brinjal205', NULL, NULL, 3, 8, 1, NULL, 1, 1, 1, 0, NULL, NULL, 1, 0, 0, 0, 1, NULL, 0, '2021-10-11 06:24:07', '2021-10-11 06:23:27', '2021-10-11 06:24:07', NULL, NULL, NULL, 0, NULL, '0', NULL),
(90, 'Bev525', NULL, 'bev525', NULL, NULL, 3, 17, 1, NULL, 1, 1, 1, 0, NULL, NULL, 1, 0, 0, 0, 1, NULL, 0, '2021-10-11 06:29:47', '2021-10-11 06:28:23', '2021-10-11 06:29:47', NULL, NULL, NULL, 0, NULL, '0', NULL),
(91, 'Mama205', NULL, 'mama205', NULL, NULL, 3, 16, 1, NULL, 1, 1, 1, 0, NULL, NULL, 1, 0, 0, 0, 1, NULL, 0, '2021-10-11 06:32:14', '2021-10-11 06:31:39', '2021-10-11 06:32:14', NULL, NULL, NULL, 0, NULL, '0', NULL),
(92, 'Fruit485', NULL, 'fruit485', NULL, NULL, 3, 9, 1, NULL, 1, 1, 1, 0, NULL, NULL, 1, 0, 0, 0, 1, NULL, 0, '2021-10-11 06:35:31', '2021-10-11 06:34:52', '2021-10-11 06:35:31', NULL, NULL, NULL, 0, NULL, '0', NULL),
(93, 'Cuisine20', NULL, 'cuisine20', NULL, NULL, 2, 14, 1, NULL, 1, 1, 1, 0, NULL, NULL, 1, 0, 0, 0, 1, NULL, 0, '2021-10-11 06:54:50', '2021-10-11 06:54:15', '2021-10-11 06:54:50', NULL, NULL, NULL, 0, NULL, '0', NULL),
(94, 'chinese', NULL, 'chinese', NULL, NULL, 2, 15, 1, NULL, 1, 1, 1, 0, NULL, NULL, 1, 0, 0, 0, 1, NULL, 0, '2021-10-11 06:58:21', '2021-10-11 06:57:32', '2021-10-11 06:58:21', NULL, NULL, NULL, 0, NULL, '0', NULL);

-- --------------------------------------------------------

--
-- Dumping data for table `product_addons`
--

INSERT INTO `product_addons` (`product_id`, `addon_id`, `created_at`, `updated_at`) VALUES
(38, 2, NULL, NULL),
(39, 2, NULL, NULL),
(40, 2, NULL, NULL),
(42, 2, NULL, NULL),
(45, 2, NULL, NULL),
(46, 2, NULL, NULL),
(47, 2, NULL, NULL),
(48, 2, NULL, NULL),
(85, 2, NULL, NULL),
(86, 2, NULL, NULL),
(87, 4, NULL, NULL),
(63, 4, NULL, NULL),
(62, 4, NULL, NULL),
(60, 4, NULL, NULL),
(59, 4, NULL, NULL),
(58, 4, NULL, NULL),
(56, 4, NULL, NULL),
(54, 4, NULL, NULL),
(53, 4, NULL, NULL),
(52, 4, NULL, NULL),
(51, 4, NULL, NULL),
(65, 5, NULL, NULL),
(66, 5, NULL, NULL),
(67, 5, NULL, NULL),
(70, 5, NULL, NULL),
(71, 5, NULL, NULL),
(75, 5, NULL, NULL),
(73, 5, NULL, NULL),
(93, 5, NULL, NULL),
(64, 6, NULL, NULL),
(23, 7, NULL, NULL),
(24, 7, NULL, NULL),
(25, 7, NULL, NULL),
(90, 7, NULL, NULL),
(22, 7, NULL, NULL),
(19, 8, NULL, NULL),
(20, 8, NULL, NULL),
(88, 8, NULL, NULL),
(89, 8, NULL, NULL),
(18, 8, NULL, NULL),
(2, 9, NULL, NULL),
(3, 9, NULL, NULL),
(4, 9, NULL, NULL),
(5, 9, NULL, NULL),
(14, 10, NULL, NULL),
(15, 10, NULL, NULL),
(16, 10, NULL, NULL),
(17, 10, NULL, NULL),
(92, 10, NULL, NULL),
(91, 9, NULL, NULL),
(12, 11, NULL, NULL),
(10, 11, NULL, NULL),
(11, 11, NULL, NULL),
(7, 11, NULL, NULL),
(9, 11, NULL, NULL),
(8, 12, NULL, NULL),
(94, 5, NULL, NULL);
-- --------------------------------------------------------

--
-- Dumping data for table `product_categories`
--

INSERT INTO `product_categories` (`product_id`, `category_id`, `created_at`, `updated_at`) VALUES
(1, 11, NULL, NULL),
(2, 16, NULL, NULL),
(2, 16, NULL, NULL),
(3, 16, NULL, NULL),
(2, 16, NULL, NULL),
(3, 16, NULL, NULL),
(4, 16, NULL, NULL),
(2, 16, NULL, NULL),
(3, 16, NULL, NULL),
(4, 16, NULL, NULL),
(5, 16, NULL, NULL),
(6, 10, NULL, NULL),
(6, 10, NULL, NULL),
(7, 10, NULL, NULL),
(6, 10, NULL, NULL),
(7, 10, NULL, NULL),
(8, 10, NULL, NULL),
(6, 10, NULL, NULL),
(7, 10, NULL, NULL),
(8, 10, NULL, NULL),
(9, 10, NULL, NULL),
(6, 10, NULL, NULL),
(7, 10, NULL, NULL),
(8, 10, NULL, NULL),
(9, 10, NULL, NULL),
(10, 10, NULL, NULL),
(6, 10, NULL, NULL),
(7, 10, NULL, NULL),
(8, 10, NULL, NULL),
(9, 10, NULL, NULL),
(10, 10, NULL, NULL),
(11, 10, NULL, NULL),
(6, 10, NULL, NULL),
(7, 10, NULL, NULL),
(8, 10, NULL, NULL),
(9, 10, NULL, NULL),
(10, 10, NULL, NULL),
(11, 10, NULL, NULL),
(12, 10, NULL, NULL),
(6, 10, NULL, NULL),
(7, 10, NULL, NULL),
(8, 10, NULL, NULL),
(9, 10, NULL, NULL),
(10, 10, NULL, NULL),
(11, 10, NULL, NULL),
(12, 10, NULL, NULL),
(13, 10, NULL, NULL),
(14, 9, NULL, NULL),
(14, 9, NULL, NULL),
(15, 9, NULL, NULL),
(14, 9, NULL, NULL),
(15, 9, NULL, NULL),
(16, 9, NULL, NULL),
(14, 9, NULL, NULL),
(15, 9, NULL, NULL),
(16, 9, NULL, NULL),
(17, 9, NULL, NULL),
(18, 8, NULL, NULL),
(18, 8, NULL, NULL),
(19, 8, NULL, NULL),
(18, 8, NULL, NULL),
(19, 8, NULL, NULL),
(20, 8, NULL, NULL),
(18, 8, NULL, NULL),
(19, 8, NULL, NULL),
(20, 8, NULL, NULL),
(21, 8, NULL, NULL),
(22, 17, NULL, NULL),
(22, 17, NULL, NULL),
(23, 17, NULL, NULL),
(22, 17, NULL, NULL),
(23, 17, NULL, NULL),
(24, 17, NULL, NULL),
(22, 17, NULL, NULL),
(23, 17, NULL, NULL),
(24, 17, NULL, NULL),
(25, 17, NULL, NULL),
(26, 18, NULL, NULL),
(26, 18, NULL, NULL),
(27, 18, NULL, NULL),
(26, 18, NULL, NULL),
(27, 18, NULL, NULL),
(28, 18, NULL, NULL),
(26, 18, NULL, NULL),
(27, 18, NULL, NULL),
(28, 18, NULL, NULL),
(29, 18, NULL, NULL),
(26, 18, NULL, NULL),
(27, 18, NULL, NULL),
(28, 18, NULL, NULL),
(29, 18, NULL, NULL),
(30, 18, NULL, NULL),
(26, 18, NULL, NULL),
(27, 18, NULL, NULL),
(28, 18, NULL, NULL),
(29, 18, NULL, NULL),
(30, 18, NULL, NULL),
(31, 18, NULL, NULL),
(32, 19, NULL, NULL),
(32, 19, NULL, NULL),
(33, 19, NULL, NULL),
(32, 19, NULL, NULL),
(33, 19, NULL, NULL),
(34, 19, NULL, NULL),
(35, 20, NULL, NULL),
(35, 20, NULL, NULL),
(36, 20, NULL, NULL),
(35, 20, NULL, NULL),
(36, 20, NULL, NULL),
(37, 20, NULL, NULL),
(38, 24, NULL, NULL),
(38, 24, NULL, NULL),
(39, 24, NULL, NULL),
(38, 24, NULL, NULL),
(39, 24, NULL, NULL),
(40, 24, NULL, NULL),
(38, 24, NULL, NULL),
(39, 24, NULL, NULL),
(40, 24, NULL, NULL),
(41, 24, NULL, NULL),
(38, 24, NULL, NULL),
(39, 24, NULL, NULL),
(40, 24, NULL, NULL),
(41, 24, NULL, NULL),
(42, 24, NULL, NULL),
(38, 24, NULL, NULL),
(39, 24, NULL, NULL),
(40, 24, NULL, NULL),
(41, 24, NULL, NULL),
(42, 24, NULL, NULL),
(43, 24, NULL, NULL),
(38, 24, NULL, NULL),
(39, 24, NULL, NULL),
(40, 24, NULL, NULL),
(41, 24, NULL, NULL),
(42, 24, NULL, NULL),
(43, 24, NULL, NULL),
(44, 24, NULL, NULL),
(45, 25, NULL, NULL),
(45, 25, NULL, NULL),
(46, 25, NULL, NULL),
(45, 25, NULL, NULL),
(46, 25, NULL, NULL),
(47, 25, NULL, NULL),
(45, 25, NULL, NULL),
(46, 25, NULL, NULL),
(47, 25, NULL, NULL),
(48, 25, NULL, NULL),
(49, 21, NULL, NULL),
(49, 21, NULL, NULL),
(50, 21, NULL, NULL),
(49, 21, NULL, NULL),
(50, 21, NULL, NULL),
(51, 21, NULL, NULL),
(49, 21, NULL, NULL),
(50, 21, NULL, NULL),
(51, 21, NULL, NULL),
(52, 21, NULL, NULL),
(49, 21, NULL, NULL),
(50, 21, NULL, NULL),
(51, 21, NULL, NULL),
(52, 21, NULL, NULL),
(53, 21, NULL, NULL),
(54, 22, NULL, NULL),
(54, 22, NULL, NULL),
(55, 22, NULL, NULL),
(54, 22, NULL, NULL),
(55, 22, NULL, NULL),
(56, 22, NULL, NULL),
(54, 22, NULL, NULL),
(55, 22, NULL, NULL),
(56, 22, NULL, NULL),
(57, 22, NULL, NULL),
(54, 22, NULL, NULL),
(55, 22, NULL, NULL),
(56, 22, NULL, NULL),
(57, 22, NULL, NULL),
(58, 22, NULL, NULL),
(54, 22, NULL, NULL),
(55, 22, NULL, NULL),
(56, 22, NULL, NULL),
(57, 22, NULL, NULL),
(58, 22, NULL, NULL),
(59, 22, NULL, NULL),
(54, 22, NULL, NULL),
(55, 22, NULL, NULL),
(56, 22, NULL, NULL),
(57, 22, NULL, NULL),
(58, 22, NULL, NULL),
(59, 22, NULL, NULL),
(60, 22, NULL, NULL),
(54, 22, NULL, NULL),
(55, 22, NULL, NULL),
(56, 22, NULL, NULL),
(57, 22, NULL, NULL),
(58, 22, NULL, NULL),
(59, 22, NULL, NULL),
(60, 22, NULL, NULL),
(61, 22, NULL, NULL),
(54, 22, NULL, NULL),
(55, 22, NULL, NULL),
(56, 22, NULL, NULL),
(57, 22, NULL, NULL),
(58, 22, NULL, NULL),
(59, 22, NULL, NULL),
(60, 22, NULL, NULL),
(61, 22, NULL, NULL),
(62, 22, NULL, NULL),
(54, 22, NULL, NULL),
(55, 22, NULL, NULL),
(56, 22, NULL, NULL),
(57, 22, NULL, NULL),
(58, 22, NULL, NULL),
(59, 22, NULL, NULL),
(60, 22, NULL, NULL),
(61, 22, NULL, NULL),
(62, 22, NULL, NULL),
(63, 22, NULL, NULL),
(64, 14, NULL, NULL),
(64, 14, NULL, NULL),
(65, 14, NULL, NULL),
(64, 14, NULL, NULL),
(65, 14, NULL, NULL),
(66, 14, NULL, NULL),
(64, 14, NULL, NULL),
(65, 14, NULL, NULL),
(66, 14, NULL, NULL),
(67, 14, NULL, NULL),
(64, 14, NULL, NULL),
(65, 14, NULL, NULL),
(66, 14, NULL, NULL),
(67, 14, NULL, NULL),
(68, 14, NULL, NULL),
(64, 14, NULL, NULL),
(65, 14, NULL, NULL),
(66, 14, NULL, NULL),
(67, 14, NULL, NULL),
(68, 14, NULL, NULL),
(69, 14, NULL, NULL),
(70, 15, NULL, NULL),
(70, 15, NULL, NULL),
(71, 15, NULL, NULL),
(70, 15, NULL, NULL),
(71, 15, NULL, NULL),
(72, 15, NULL, NULL),
(70, 15, NULL, NULL),
(71, 15, NULL, NULL),
(72, 15, NULL, NULL),
(73, 15, NULL, NULL),
(70, 15, NULL, NULL),
(71, 15, NULL, NULL),
(72, 15, NULL, NULL),
(73, 15, NULL, NULL),
(74, 15, NULL, NULL),
(70, 15, NULL, NULL),
(71, 15, NULL, NULL),
(72, 15, NULL, NULL),
(73, 15, NULL, NULL),
(74, 15, NULL, NULL),
(75, 15, NULL, NULL),
(76, 20, NULL, NULL),
(76, 20, NULL, NULL),
(77, 20, NULL, NULL),
(76, 20, NULL, NULL),
(77, 20, NULL, NULL),
(78, 20, NULL, NULL),
(76, 20, NULL, NULL),
(77, 20, NULL, NULL),
(78, 20, NULL, NULL),
(79, 20, NULL, NULL),
(76, 20, NULL, NULL),
(77, 20, NULL, NULL),
(78, 20, NULL, NULL),
(79, 20, NULL, NULL),
(80, 20, NULL, NULL),
(76, 20, NULL, NULL),
(77, 20, NULL, NULL),
(78, 20, NULL, NULL),
(79, 20, NULL, NULL),
(80, 20, NULL, NULL),
(81, 20, NULL, NULL),
(82, 19, NULL, NULL),
(82, 19, NULL, NULL),
(83, 19, NULL, NULL),
(82, 19, NULL, NULL),
(83, 19, NULL, NULL),
(84, 19, NULL, NULL),
(85, 24, '2021-10-11 06:01:45', '2021-10-11 06:01:45'),
(86, 25, '2021-10-11 06:03:55', '2021-10-11 06:03:55'),
(87, 21, '2021-10-11 06:12:55', '2021-10-11 06:12:55'),
(88, 8, '2021-10-11 06:20:42', '2021-10-11 06:20:42'),
(89, 8, '2021-10-11 06:23:27', '2021-10-11 06:23:27'),
(90, 17, '2021-10-11 06:28:23', '2021-10-11 06:28:23'),
(91, 16, '2021-10-11 06:31:39', '2021-10-11 06:31:39'),
(92, 9, '2021-10-11 06:34:52', '2021-10-11 06:34:52'),
(93, 14, '2021-10-11 06:54:15', '2021-10-11 06:54:15'),
(94, 15, '2021-10-11 06:57:32', '2021-10-11 06:57:32');

-- --------------------------------------------------------

--
-- Dumping data for table `vendor_media`
--

INSERT INTO `vendor_media` (`id`, `media_type`, `vendor_id`, `path`, `created_at`, `updated_at`) VALUES
(1, 1, 6, 'prods/m4CQTNJhGvl4H3q8JodeqOgc5e2JYYC7mDPArjQF.jpg', '2021-09-30 07:00:06', '2021-09-30 07:00:06'),
(36, 1, 3, 'prods/JxG3DveO5Dqbgd9qGKtRl4TaHNt7T44Pb8q7uHUn.jpg', '2021-09-30 10:14:09', '2021-09-30 10:14:09'),
(69, 1, 4, 'prods/9kKkVzj7SQ9CK2BLsv7tNET63Ib9RLxrwUME7Dht.jpg', '2021-09-30 19:28:51', '2021-09-30 19:28:51'),
(87, 1, 2, 'prods/hJoS3IlvIgKWL4H0T7g739doKxFcbNTDZ7JIZw59.jpg', '2021-09-30 19:46:44', '2021-09-30 19:46:44'),
(94, 1, 3, 'prods/w5pcjoyeKsnu71HaX0trmRPfXbjrSRt3zBQkSE8z.jpg', '2021-09-30 19:51:24', '2021-09-30 19:51:24'),
(100, 1, 3, 'prods/CLac90WvvLNJIIegXscGV6lPgk8BoKdHsz5CNb5v.jpg', '2021-09-30 19:54:29', '2021-09-30 19:54:29'),
(104, 1, 3, 'prods/ZcOc5TXnZNi8QSIRinKxYJlr8tXntnWzz2VvT0uW.jpg', '2021-09-30 19:57:14', '2021-09-30 19:57:14'),
(138, 1, 2, 'prods/Hfq7Mggf4vN5eNIrCqjYs46sGbsYfPtU9PY52iji.png', '2021-10-02 14:15:12', '2021-10-02 14:15:12'),
(139, 1, 2, 'prods/4yM6m5CiwB1k6FIvR4L0WHTBFNaFduUzHfEKOvIq.png', '2021-10-02 14:18:46', '2021-10-02 14:18:46'),
(141, 1, 2, 'prods/AOwH67pjP7MzKFmkRLZSafozVduv3VvvJmVoMBJP.png', '2021-10-02 14:24:57', '2021-10-02 14:24:57'),
(142, 1, 2, 'prods/Hlzt2JuMy83kgdO8BtlE7fsplQDBWlRWYJaS7Jlx.png', '2021-10-02 14:25:58', '2021-10-02 14:25:58'),
(143, 1, 2, 'prods/QVRTxiiUJVT988qJeUifpQgiztMbrMgOCW0EEJra.png', '2021-10-02 14:29:07', '2021-10-02 14:29:07'),
(144, 1, 2, 'prods/dSdb4c6Jd6HbWVxqiFstslrGkR39CwhWeV38m8zY.png', '2021-10-02 14:35:30', '2021-10-02 14:35:30'),
(145, 1, 2, 'prods/YP7akGv8qqndwhWrcKxcZkWVHYZgS4I9sN2KG8Ud.png', '2021-10-02 14:36:55', '2021-10-02 14:36:55'),
(166, 1, 3, 'prods/4BNyYMD8lImrKrqOvfSCWKZtQ4g39YrZzQmoGkJ7.png', '2021-10-04 14:03:05', '2021-10-04 14:03:05'),
(168, 1, 6, 'prods/AdgijEnTH5evOeyuDo3MEf0cnL3SFO7C3JILVslc.png', '2021-10-04 14:08:54', '2021-10-04 14:08:54'),
(169, 1, 6, 'prods/W2CynbN1TGozBzwiVMBbu2pkLIgPLJGtbw1YZjsx.png', '2021-10-04 14:09:13', '2021-10-04 14:09:13'),
(170, 1, 6, 'prods/wCkBhyP7pp7IFCQDbixrL6xheFMcG6Mub6O6ZE9s.png', '2021-10-04 14:09:37', '2021-10-04 14:09:37'),
(171, 1, 6, 'prods/xUupCrLFzme0AsdCXry1PJWkFi6MsC85gc0McP7l.png', '2021-10-04 14:09:55', '2021-10-04 14:09:55'),
(172, 1, 6, 'prods/IpQrOvFuYmn59Pjia6ZHgWY4X8bGkX9yC37KcuPE.png', '2021-10-04 14:10:13', '2021-10-04 14:10:13'),
(173, 1, 6, 'prods/6Y9eHi75CXDylqphfVR97msuhLzUvFGAZ9cBrmt4.png', '2021-10-04 14:11:12', '2021-10-04 14:11:12'),
(174, 1, 6, 'prods/xmeEb1YkdcfiEbIc9h3l2jTQnSJ1PUWhPdyWJWOy.png', '2021-10-04 14:11:33', '2021-10-04 14:11:33'),
(175, 1, 6, 'prods/sLF4cQzdJnGFJVen9ozsz5qin2YET5M2zwnZ6AbK.png', '2021-10-04 14:11:55', '2021-10-04 14:11:55'),
(176, 1, 6, 'prods/wXjMN5v0x3Ukf0k1nCtDQO0WEGloHvFRiI6TDphD.png', '2021-10-04 14:14:00', '2021-10-04 14:14:00'),
(177, 1, 6, 'prods/6QgK7ieyuKd0F3MhGFueyYPwKaZaZSbotYMgaAod.png', '2021-10-04 14:14:36', '2021-10-04 14:14:36'),
(178, 1, 6, 'prods/ZXNvdtiTnrPrhrQMusqvtuS08ydY43cMMafL7dZf.png', '2021-10-04 14:15:25', '2021-10-04 14:15:25'),
(179, 1, 6, 'prods/m34y1fL0Knh40kZBwjbZ4SgwW7rWc8dvWiBYi9Ni.png', '2021-10-04 14:15:41', '2021-10-04 14:15:41'),
(180, 1, 5, 'prods/8X9BAe6H4L00JawAfzj08osUJwBi0VnYoulgHIgW.png', '2021-10-04 14:26:27', '2021-10-04 14:26:27'),
(181, 1, 5, 'prods/CMZstavXa4zt3SGEJRiMqYPYFzJWB2odXtfZHIcR.png', '2021-10-04 14:26:45', '2021-10-04 14:26:45'),
(182, 1, 5, 'prods/8PPD9OETFmq5TR9DVDUgNpZdIvbaeekLFntP3qcS.png', '2021-10-04 14:27:00', '2021-10-04 14:27:00'),
(183, 1, 5, 'prods/CqrnMyNhghqaNrAFHYgRCDMrGX1cL3UBBHkIASa2.png', '2021-10-04 14:27:16', '2021-10-04 14:27:16'),
(184, 1, 5, 'prods/PpsE5LpH0ZyuyWegLS5BtOr0sQwP9UDGJF4GvVd4.png', '2021-10-04 14:30:33', '2021-10-04 14:30:33'),
(185, 1, 5, 'prods/4706txbljktkQmX3abOLGPpzYdZOC9O6Dg9SKGHO.png', '2021-10-04 14:30:47', '2021-10-04 14:30:47'),
(186, 1, 5, 'prods/g23nZ3dzE3NG2KDKEtpzXBOxXSVm0j7Ph7veCEqH.png', '2021-10-04 14:31:02', '2021-10-04 14:31:02'),
(187, 1, 5, 'prods/tEvvOLXRwYJYmHJQyrBBSkK4aJUYnOD0eOWIQOrE.png', '2021-10-04 14:31:17', '2021-10-04 14:31:17'),
(188, 1, 4, 'prods/NDh8y32RgVoLVoEPKvDaKBK2tUpNRoPT323QHPnv.png', '2021-10-04 14:33:17', '2021-10-04 14:33:17'),
(189, 1, 4, 'prods/ZqtJeD37rXA7J0Up4diwhYRuvVH1be9J9XtI53JE.png', '2021-10-04 14:34:03', '2021-10-04 14:34:03'),
(190, 1, 4, 'prods/QA8XsbIJ7qHdQIoZzMJLMG8JG7woyf6BLldHU6LU.png', '2021-10-04 14:34:10', '2021-10-04 14:34:10'),
(191, 1, 4, 'prods/lofubIrweyYxuIuRBMk3lDyq7hfpwUMEFUCivqMf.png', '2021-10-04 14:38:05', '2021-10-04 14:38:05'),
(192, 1, 4, 'prods/PuLy8I52OHWEWHFXKbT7iSJ8tmqmBnugw5dXpt6q.png', '2021-10-04 14:38:07', '2021-10-04 14:38:07'),
(194, 1, 4, 'prods/CFpQaZbyur3GK75Iewc3wgIYr50y6IMp3eJ6apMi.png', '2021-10-04 14:38:49', '2021-10-04 14:38:49'),
(195, 1, 4, 'prods/R74nF977vgifRAuGCq2Vd5dRSGpkesJWQ1J5Q2eI.png', '2021-10-04 14:39:25', '2021-10-04 14:39:25'),
(197, 1, 4, 'prods/DhOsp64A61d18spTK3ozfSamPYsdhHYwJ3az79Jb.png', '2021-10-04 14:39:33', '2021-10-04 14:39:33'),
(199, 1, 4, 'prods/TLjf1wHNp1g6e9ODT8mIRRicmekIfplypBWqLhtx.png', '2021-10-04 14:40:39', '2021-10-04 14:40:39'),
(200, 1, 4, 'prods/6tRhp65TQIUNFDU8s00kPVq4PhbQ5QtZZywsyjNp.png', '2021-10-04 14:42:31', '2021-10-04 14:42:31'),
(201, 1, 4, 'prods/wmitQk9P4LmkxPkPLuM5APqaZEsqPqPi9M7k3Htr.png', '2021-10-04 14:42:34', '2021-10-04 14:42:34'),
(204, 1, 4, 'prods/nvD21VLG5rshblVo5bOmEVhSldh5IRvXBsAgJ1eP.png', '2021-10-04 14:45:04', '2021-10-04 14:45:04'),
(205, 1, 4, 'prods/V9IGB25adXaf2XMzkuOzC9rCMv7scyPxZo1tr53f.png', '2021-10-04 14:45:21', '2021-10-04 14:45:21'),
(206, 1, 4, 'prods/maPxMfgUhqtf4tOWwSmkidkSszw7L7kfnK2LiFNN.png', '2021-10-04 14:46:02', '2021-10-04 14:46:02'),
(207, 1, 3, 'prods/DEGvjOD6cuJmjkZVF6phRP2SAHs1GvuRR8NmaReg.png', '2021-10-04 14:50:52', '2021-10-04 14:50:52'),
(208, 1, 3, 'prods/x2KxZHGnL9599VmB9yA2ZVWPj6JZkLydhIIHUn7q.png', '2021-10-04 14:51:26', '2021-10-04 14:51:26'),
(209, 1, 3, 'prods/Jb6p2d0UFRYotgzrdga1weqDMzbHr6q5LgDbOxiF.png', '2021-10-04 14:53:04', '2021-10-04 14:53:04'),
(210, 1, 3, 'prods/oq7jCf5TlKhFKA7m5s9WxPTHb3Zo58biQRQHkCVB.png', '2021-10-04 14:57:09', '2021-10-04 14:57:09'),
(211, 1, 3, 'prods/92hZkgnMnadiPS8X2KgWrTiKM1FLmwhpSYO0nYxr.png', '2021-10-04 15:03:06', '2021-10-04 15:03:06'),
(212, 1, 3, 'prods/DBhbz2zNespA6j0m1rYaCko33Qt8XKUa7VpcJiNK.png', '2021-10-04 15:03:24', '2021-10-04 15:03:24'),
(213, 1, 3, 'prods/hxAaHyUdoDV0kkE9njQhn2QlMDS5580hpXNo4ynL.png', '2021-10-04 15:03:43', '2021-10-04 15:03:43'),
(214, 1, 3, 'prods/HZ5UlHe8AscGQAfYs0jo8V0dGw3cf5f2WM3heMRq.png', '2021-10-04 15:04:14', '2021-10-04 15:04:14'),
(215, 1, 3, 'prods/csFKGYOLuFSHAKVn5DmpPQpl8fNdl4QIxKDN0GCk.png', '2021-10-04 15:04:32', '2021-10-04 15:04:32'),
(216, 1, 3, 'prods/FEm4LFfdk2tmgf8giXNSNX1bBw5B42YANPPRhJgh.png', '2021-10-04 15:04:52', '2021-10-04 15:04:52'),
(217, 1, 3, 'prods/R2ldO3ioewyO6rC40SjQ0vapTLYmayDyX86zuPEL.png', '2021-10-04 15:08:28', '2021-10-04 15:08:28'),
(218, 1, 3, 'prods/Lf1gJVudhlXALHr6L2QVst8igJqCMg5ZuZ0eh7kl.png', '2021-10-04 15:08:54', '2021-10-04 15:08:54'),
(219, 1, 3, 'prods/Zm1D3hWkcbSg5wkrf2ZDQuFJPtZJRlsIV5nUOdc8.png', '2021-10-04 15:09:16', '2021-10-04 15:09:16'),
(220, 1, 3, 'prods/w3IeoynFQ3omUTtLpsJgm3b5gW23P7f2p2cvbMPD.png', '2021-10-04 15:09:42', '2021-10-04 15:09:42'),
(221, 1, 3, 'prods/c4Olm2ljz0ZDZZB62rA6209dETKDdQ8FEfhB6bxS.png', '2021-10-04 15:10:08', '2021-10-04 15:10:08'),
(222, 1, 3, 'prods/87Ss9n7V2r0enEbNQaXqo0gKp5QbiPIc8Dt94YUO.png', '2021-10-04 15:13:37', '2021-10-04 15:13:37'),
(223, 1, 3, 'prods/32mitA9V3VkQheGmgmhbm0Bqmn4ac6ixvkW533Rr.png', '2021-10-04 15:14:06', '2021-10-04 15:14:06'),
(224, 1, 3, 'prods/oo0gNRIIeMJ4b94lCzcIh8GdWPnLPgFjfRhDRleQ.png', '2021-10-04 15:17:19', '2021-10-04 15:17:19'),
(225, 1, 3, 'prods/Ss0Es5rIpnXHrRDHO4JCCHkjdM53346gEyb8sMAE.png', '2021-10-04 15:17:42', '2021-10-04 15:17:42'),
(226, 1, 3, 'prods/xrWv4vevvS7EcDIu0hj4nvWHC8jpHIimp1hgJ4Vv.png', '2021-10-04 15:18:13', '2021-10-04 15:18:13'),
(228, 1, 2, 'prods/S3r6jc4hFWABoJHl09YBG5ofjpYdYmOyZ0FQleSA.png', '2021-10-04 15:24:17', '2021-10-04 15:24:17'),
(229, 1, 4, 'prods/SpIU6IAj9IlIsWXoAhWNkojFfUEUPbTgAHMtnScA.png', '2021-10-04 17:58:29', '2021-10-04 17:58:29'),
(230, 1, 3, 'prods/iWys6RnOV8XxKRUqcyRwfSesFgKxxUaCNaXFPcos.png', '2021-10-04 19:38:40', '2021-10-04 19:38:40'),
(232, 1, 4, 'prods/vSQtNFXbuZvSQvXhK5x7YDiDmRq9L3OS5AnD1dcW.png', '2021-10-06 05:29:47', '2021-10-06 05:29:47'),
(233, 1, 6, 'prods/Js3qQzTO7KL5sjQI79qMKt1pLJs9km0UwDxHU9KJ.png', '2021-10-11 05:43:51', '2021-10-11 05:43:51'),
(234, 1, 6, 'prods/LQdcPrpQc2QIH6VpLKSxYP1ui2ULeDvy484fkMSw.png', '2021-10-11 05:45:38', '2021-10-11 05:45:38'),
(235, 1, 6, 'prods/gRyAZK9sl2dWh1FMlafb9Rz2ANHNCvtFFzutYcvS.png', '2021-10-11 05:46:55', '2021-10-11 05:46:55'),
(236, 1, 6, 'prods/LgnsnJKnPr8pM2FzzR7z3lfSGpg1aFspMezNvA20.png', '2021-10-11 05:58:23', '2021-10-11 05:58:23'),
(237, 1, 6, 'prods/1T6cSrBlnIn35fehKMYeXEbtNmZ8xQ0i9hxUEsKy.png', '2021-10-11 05:58:58', '2021-10-11 05:58:58'),
(238, 1, 6, 'prods/99olRx9wi9VDnqrUIRUOWTZNS285HdD0lfRKnuky.png', '2021-10-11 05:59:44', '2021-10-11 05:59:44'),
(239, 1, 5, 'prods/DYdpBDoNjsCe1nhp9OCUOurm7Sv8K6hObTjgrPz7.png', '2021-10-11 06:02:04', '2021-10-11 06:02:04'),
(241, 1, 5, 'prods/tL6tHx9UlEFukoeSYvAWr8xvvCVNgYTF14XlHMMm.jpg', '2021-10-11 06:08:18', '2021-10-11 06:08:18'),
(243, 1, 4, 'prods/5bbUi9g9kKB13GEH6wyXlB5SbCB1KdPNVbI3bLI8.png', '2021-10-11 06:18:03', '2021-10-11 06:18:03'),
(244, 1, 5, 'prods/3DmJi8X3rICmh4SHakxz1aSSHgGBEqf24JRPbU9Y.jpg', '2021-10-11 06:18:40', '2021-10-11 06:18:40'),
(245, 1, 3, 'prods/Jucqw2TQxgCdDgeeSCuyGFMvXHW8dKKRLW8JI2Mc.png', '2021-10-11 06:21:44', '2021-10-11 06:21:44'),
(246, 1, 3, 'prods/dVvI3Dlfbn6BuYBlFGk0n6jYq9Bxw5H26bbxXRL4.png', '2021-10-11 06:23:36', '2021-10-11 06:23:36'),
(248, 1, 3, 'prods/RH9oNeWw1QzwmGEhAqK6OfmTJt4AIXgnqemzOTob.png', '2021-10-11 06:31:05', '2021-10-11 06:31:05'),
(249, 1, 3, 'prods/X26xqMyrqRuqT5yJcRyE2sJhSlLTLAtAnjLtXrci.png', '2021-10-11 06:31:54', '2021-10-11 06:31:54'),
(250, 1, 3, 'prods/uGmVNr2YqEBZgGBAiNePuMAJjM0x0Ip0Q6l1WQT1.png', '2021-10-11 06:35:28', '2021-10-11 06:35:28'),
(251, 1, 2, 'prods/iot62tJP708wNtat4JmKcXSLTTw8MzjVHF3wiqbw.png', '2021-10-11 06:55:00', '2021-10-11 06:55:00'),
(252, 1, 2, 'prods/rX3DaOXR0aSX19Z8rP7kCkpzi82atsWlXMuonaci.png', '2021-10-11 06:58:06', '2021-10-11 06:58:06');

-- --------------------------------------------------------
--
-- Dumping data for table `product_images`
--

INSERT INTO `product_images` (`id`, `product_id`, `media_id`, `is_default`, `created_at`, `updated_at`) VALUES
(132, 66, 138, 1, NULL, NULL),
(133, 67, 139, 1, NULL, NULL),
(135, 71, 141, 1, NULL, NULL),
(136, 73, 142, 1, NULL, NULL),
(137, 75, 143, 1, NULL, NULL),
(138, 64, 144, 1, NULL, NULL),
(139, 70, 145, 1, NULL, NULL),
(160, 9, 166, 1, NULL, NULL),
(162, 33, 168, 1, NULL, NULL),
(163, 36, 169, 1, NULL, NULL),
(164, 37, 170, 1, NULL, NULL),
(165, 34, 171, 1, NULL, NULL),
(166, 29, 172, 1, NULL, NULL),
(167, 30, 173, 1, NULL, NULL),
(168, 26, 174, 1, NULL, NULL),
(169, 31, 175, 1, NULL, NULL),
(170, 27, 176, 1, NULL, NULL),
(171, 28, 177, 1, NULL, NULL),
(172, 32, 178, 1, NULL, NULL),
(173, 35, 179, 1, NULL, NULL),
(174, 38, 180, 1, NULL, NULL),
(175, 39, 181, 1, NULL, NULL),
(176, 40, 182, 1, NULL, NULL),
(177, 48, 183, 1, NULL, NULL),
(178, 42, 184, 1, NULL, NULL),
(179, 45, 185, 1, NULL, NULL),
(180, 46, 186, 1, NULL, NULL),
(181, 47, 187, 1, NULL, NULL),
(182, 49, 188, 1, NULL, NULL),
(183, 50, 189, 1, NULL, NULL),
(184, 50, 190, 1, NULL, NULL),
(185, 51, 191, 1, NULL, NULL),
(186, 51, 192, 1, NULL, NULL),
(188, 52, 194, 1, NULL, NULL),
(190, 53, 197, 1, NULL, NULL),
(192, 56, 199, 1, NULL, NULL),
(193, 58, 200, 1, NULL, NULL),
(194, 58, 201, 1, NULL, NULL),
(197, 60, 204, 1, NULL, NULL),
(198, 62, 205, 1, NULL, NULL),
(199, 63, 206, 1, NULL, NULL),
(200, 2, 207, 1, NULL, NULL),
(201, 3, 208, 1, NULL, NULL),
(202, 4, 209, 1, NULL, NULL),
(203, 5, 210, 1, NULL, NULL),
(204, 6, 211, 1, NULL, NULL),
(205, 7, 212, 1, NULL, NULL),
(206, 8, 213, 1, NULL, NULL),
(207, 10, 214, 1, NULL, NULL),
(208, 11, 215, 1, NULL, NULL),
(209, 12, 216, 1, NULL, NULL),
(210, 14, 217, 1, NULL, NULL),
(211, 15, 218, 1, NULL, NULL),
(212, 16, 219, 1, NULL, NULL),
(213, 17, 220, 1, NULL, NULL),
(214, 20, 221, 1, NULL, NULL),
(215, 19, 222, 1, NULL, NULL),
(216, 18, 223, 1, NULL, NULL),
(217, 22, 224, 1, NULL, NULL),
(218, 23, 225, 1, NULL, NULL),
(219, 24, 226, 1, NULL, NULL),
(221, 65, 228, 1, NULL, NULL),
(222, 54, 229, 1, NULL, NULL),
(223, 25, 230, 1, NULL, NULL),
(225, 59, 232, 1, NULL, NULL),
(226, 79, 233, 1, NULL, NULL),
(227, 80, 234, 1, NULL, NULL),
(228, 81, 235, 1, NULL, NULL),
(229, 82, 236, 1, NULL, NULL),
(230, 83, 237, 1, NULL, NULL),
(231, 84, 238, 1, NULL, NULL),
(232, 85, 239, 1, NULL, NULL),
(236, 87, 243, 1, NULL, NULL),
(237, 86, 244, 1, NULL, NULL),
(238, 88, 245, 1, NULL, NULL),
(239, 89, 246, 1, NULL, NULL),
(241, 90, 248, 1, NULL, NULL),
(242, 91, 249, 1, NULL, NULL),
(243, 92, 250, 1, NULL, NULL),
(244, 93, 251, 1, NULL, NULL),
(245, 94, 252, 1, NULL, NULL);

-- --------------------------------------------------------

--
-- Dumping data for table `product_translations`
--

INSERT INTO `product_translations` (`id`, `title`, `body_html`, `meta_title`, `meta_keyword`, `meta_description`, `product_id`, `language_id`, `created_at`, `updated_at`) VALUES
(1, 'Xiaomi', NULL, 'Xiaomi', 'Xiaomi', NULL, 1, 1, NULL, '2021-09-30 11:28:06'),
(2, 'Baby Soaps', '<p>Baby soaps&nbsp;are made using quality essential oils, herbs, fragrances, and other natural ingredients that can gently clean the baby skin.</p>', NULL, NULL, NULL, 2, 1, NULL, '2021-10-07 06:54:55'),
(3, 'Baby Soaps', '', '', '', '', 2, 1, NULL, '2021-09-30 11:28:06'),
(4, 'Baby Oil', '<p>Baby Oil is often used on babies for the purpose of maintaining baby-soft skin, but it is also often used by adults for skincare and massage.</p>', NULL, NULL, NULL, 3, 1, NULL, '2021-10-07 06:55:52'),
(5, 'Baby Soaps', '', '', '', '', 2, 1, NULL, '2021-09-30 11:28:06'),
(6, 'Baby Oil', '', '', '', '', 3, 1, NULL, '2021-09-30 11:28:06'),
(7, 'Baby Food', '<p>Baby food is any soft, easily consumed food other than breastmilk or infant formula that is made specifically for human babies between four and six months and two years old.</p>', NULL, NULL, NULL, 4, 1, NULL, '2021-10-07 06:56:27'),
(8, 'Baby Soaps', '', '', '', '', 2, 1, NULL, '2021-09-30 11:28:06'),
(9, 'Baby Oil', '', '', '', '', 3, 1, NULL, '2021-09-30 11:28:06'),
(10, 'Baby Food', '', '', '', '', 4, 1, NULL, '2021-09-30 11:28:06'),
(11, 'Baby Wipes', '<p>Baby Wipes&nbsp;also known as a wet towel or a moist towelette, disposable wipe, disinfecting wipe, or a baby wipe.</p>', NULL, NULL, NULL, 5, 1, NULL, '2021-10-07 06:57:37'),
(12, 'Cow Full Fat Milk', '<p>Full Cream Milk means milk or a combination of buffalo or cow milk or a product prepared by combination of both that&nbsp;has been standardised to fat and solids-not-fat percentage.</p>', NULL, NULL, NULL, 6, 1, NULL, '2021-10-07 06:58:25'),
(13, 'Cow Full Fat Milk', '', '', '', '', 6, 1, NULL, '2021-09-30 11:28:06'),
(14, 'Brown Bread', '<p>Brown bread is bread made with significant amounts of whole grain flour, usually wheat, and sometimes dark-coloured ingredients such as molasses or coffee.</p>', NULL, NULL, NULL, 7, 1, NULL, '2021-10-07 06:59:03'),
(15, 'Cow Full Fat Milk', '', '', '', '', 6, 1, NULL, '2021-09-30 11:28:06'),
(16, 'Brown Bread', '', '', '', '', 7, 1, NULL, '2021-09-30 11:28:06'),
(17, 'Eggs', '<p>Eggs are laid by female animals of many different species, including birds, reptiles, amphibians, a few mammals, and fish, and many of these have been eaten by humans for thousands of years.</p>', NULL, NULL, NULL, 8, 1, NULL, '2021-10-07 06:59:54'),
(18, 'Cow Full Fat Milk', '', '', '', '', 6, 1, NULL, '2021-09-30 11:28:06'),
(19, 'Brown Bread', '', '', '', '', 7, 1, NULL, '2021-09-30 11:28:06'),
(20, 'Eggs', '', '', '', '', 8, 1, NULL, '2021-09-30 11:28:06'),
(21, 'Cheese', '<p>Cheese&nbsp;is a dairy product, derived from milk and produced in wide ranges of flavors, textures and forms by coagulation of the milk protein casein.</p>', NULL, NULL, NULL, 9, 1, NULL, '2021-10-07 07:00:33'),
(22, 'Cow Full Fat Milk', '', '', '', '', 6, 1, NULL, '2021-09-30 11:28:06'),
(23, 'Brown Bread', '', '', '', '', 7, 1, NULL, '2021-09-30 11:28:06'),
(24, 'Eggs', '', '', '', '', 8, 1, NULL, '2021-09-30 11:28:06'),
(25, 'Cheese', '', '', '', '', 9, 1, NULL, '2021-09-30 11:28:06'),
(26, 'Choco lava cake', '<p>Molten chocolate cake is a popular dessert that combines the elements of a chocolate cake and a souffle. Its name derives from the dessert&#39;s liquid chocolate center.</p>', NULL, NULL, NULL, 10, 1, NULL, '2021-10-07 07:01:36'),
(27, 'Cow Full Fat Milk', '', '', '', '', 6, 1, NULL, '2021-09-30 11:28:06'),
(28, 'Brown Bread', '', '', '', '', 7, 1, NULL, '2021-09-30 11:28:06'),
(29, 'Eggs', '', '', '', '', 8, 1, NULL, '2021-09-30 11:28:06'),
(30, 'Cheese', '', '', '', '', 9, 1, NULL, '2021-09-30 11:28:06'),
(31, 'Choco lava cake', '', '', '', '', 10, 1, NULL, '2021-09-30 11:28:06'),
(32, 'Black Forest Cake', '<p>Black Forest g&acirc;teau or Black Forest cake is a chocolate sponge cake with a rich cherry filling based on the German dessert, literally Black Forest Cherry-torte.</p>', NULL, NULL, NULL, 11, 1, NULL, '2021-10-07 07:02:29'),
(33, 'Cow Full Fat Milk', '', '', '', '', 6, 1, NULL, '2021-09-30 11:28:06'),
(34, 'Brown Bread', '', '', '', '', 7, 1, NULL, '2021-09-30 11:28:06'),
(35, 'Eggs', '', '', '', '', 8, 1, NULL, '2021-09-30 11:28:06'),
(36, 'Cheese', '', '', '', '', 9, 1, NULL, '2021-09-30 11:28:06'),
(37, 'Choco lava cake', '', '', '', '', 10, 1, NULL, '2021-09-30 11:28:06'),
(38, 'Black Forest', '', '', '', '', 11, 1, NULL, '2021-09-30 11:28:06'),
(39, 'Blueberry Muffins', '<p>Muffins are&nbsp;small, round, sweet cakes, usually with fruit or bran inside. They are often eaten with butter for breakfast.</p>', NULL, NULL, NULL, 12, 1, NULL, '2021-10-07 07:03:56'),
(40, 'Cow Full Fat Milk', '', '', '', '', 6, 1, NULL, '2021-09-30 11:28:06'),
(41, 'Brown Bread', '', '', '', '', 7, 1, NULL, '2021-09-30 11:28:06'),
(42, 'Eggs', '', '', '', '', 8, 1, NULL, '2021-09-30 11:28:06'),
(43, 'Cheese', '', '', '', '', 9, 1, NULL, '2021-09-30 11:28:06'),
(44, 'Choco lava cake', '', '', '', '', 10, 1, NULL, '2021-09-30 11:28:06'),
(45, 'Black Forest', '', '', '', '', 11, 1, NULL, '2021-09-30 11:28:06'),
(46, 'Blueberry Muffins', '', '', '', '', 12, 1, NULL, '2021-09-30 11:28:06'),
(47, 'Strawberry icecreams', '', '', '', '', 13, 1, NULL, '2021-09-30 11:28:06'),
(48, 'Apple', '<p>Apple is a&nbsp;pome fruit, in which the ripened ovary and surrounding tissue both become fleshy and edible.</p>', NULL, NULL, NULL, 14, 1, NULL, '2021-10-07 07:05:02'),
(49, 'Apple', '', '', '', '', 14, 1, NULL, '2021-09-30 11:28:06'),
(50, 'Mango', '<p>Mango is an edible stone fruit produced by the tropical tree Mangifera indica which is believed to have originated from the region between northwestern Myanmar, Bangladesh, and northeastern India.</p>', NULL, NULL, NULL, 15, 1, NULL, '2021-10-07 07:05:45'),
(51, 'Apple', '', '', '', '', 14, 1, NULL, '2021-09-30 11:28:06'),
(52, 'Mango', '', '', '', '', 15, 1, NULL, '2021-09-30 11:28:06'),
(53, 'Banana', '<p>Banana is an elongated, edible fruit &ndash; botanically a berry &ndash; produced by several kinds of large herbaceous flowering plants in the genus Musa.&nbsp;</p>', NULL, NULL, NULL, 16, 1, NULL, '2021-10-07 07:06:20'),
(54, 'Apple', '', '', '', '', 14, 1, NULL, '2021-09-30 11:28:06'),
(55, 'Mango', '', '', '', '', 15, 1, NULL, '2021-09-30 11:28:06'),
(56, 'Banana', '', '', '', '', 16, 1, NULL, '2021-09-30 11:28:06'),
(57, 'Papaya', '<p>Papaya fruit is&nbsp;slightly sweet, with an agreeable musky tang, which is more pronounced in some varieties and in some climates than in others.&nbsp;</p>', NULL, NULL, NULL, 17, 1, NULL, '2021-10-07 07:07:37'),
(58, 'Broccoli', '<p>Broccoli is a plant of the Cabbage family, Brassicaceae. It is classified as the cultivar group Brassica oleracea Italica Group.</p>', NULL, NULL, NULL, 18, 1, NULL, '2021-10-07 07:08:34'),
(59, 'Brocoli', '', '', '', '', 18, 1, NULL, '2021-09-30 11:28:06'),
(60, 'Potato', '<p>Potato is a starchy tuber of the plant Solanum tuberosum and is a root vegetable native to the Americas, with the plant itself being a perennial in the nightshade family Solanaceae.</p>', NULL, NULL, NULL, 19, 1, NULL, '2021-10-07 07:09:18'),
(61, 'Brocoli', '', '', '', '', 18, 1, NULL, '2021-09-30 11:28:06'),
(62, 'Potato', '', '', '', '', 19, 1, NULL, '2021-09-30 11:28:06'),
(63, 'Carrot', '<p>Carrot is a root vegetable, typically orange in color, though purple, black, red, white, and yellow cultivars exist.</p>', NULL, NULL, NULL, 20, 1, NULL, '2021-10-07 07:10:52'),
(64, 'Brocoli', '', '', '', '', 18, 1, NULL, '2021-09-30 11:28:06'),
(65, 'Potato', '', '', '', '', 19, 1, NULL, '2021-09-30 11:28:06'),
(66, 'Carrot', '', '', '', '', 20, 1, NULL, '2021-09-30 11:28:06'),
(67, 'Raddish', '', '', '', '', 21, 1, NULL, '2021-09-30 11:28:06'),
(68, 'Tea & Coffee', '<p>Tea&nbsp;is a genteel beverage requiring preparation and time to sip. The pace is always slow, calm and tranquil, the beverage soothing.&nbsp;</p>', NULL, NULL, NULL, 22, 1, NULL, '2021-10-07 07:11:28'),
(69, 'Tea & Coffee', '', '', '', '', 22, 1, NULL, '2021-09-30 11:28:06'),
(70, 'Health Drinks', '<p>Health Drinks refers to the ability of your body to fight against pathogens and diseases. This natural potential becomes degenerated due to several reasons.</p>', NULL, NULL, NULL, 23, 1, NULL, '2021-10-07 07:12:37'),
(71, 'Tea & Coffee', '', '', '', '', 22, 1, NULL, '2021-09-30 11:28:06'),
(72, 'Health Drinks', '', '', '', '', 23, 1, NULL, '2021-09-30 11:28:06'),
(73, 'Cold Drinks', '<p>Cold drink, any of a class of nonalcoholic&nbsp;beverages, usually but not necessarily carbonated, normally containing a natural or artificial sweetening agent.</p>', NULL, NULL, NULL, 24, 1, NULL, '2021-10-07 07:13:22'),
(74, 'Tea & Coffee', '', '', '', '', 22, 1, NULL, '2021-09-30 11:28:06'),
(75, 'Health Drinks', '', '', '', '', 23, 1, NULL, '2021-09-30 11:28:06'),
(76, 'Cold Drinks', '', '', '', '', 24, 1, NULL, '2021-09-30 11:28:06'),
(77, 'Water Soda', '<p>Water Soda is a weak solution of sodium bicarbonate with some acid added to cause effervescence.</p>', NULL, NULL, NULL, 25, 1, NULL, '2021-10-07 07:14:09'),
(78, 'Vitamin B-12', NULL, NULL, NULL, NULL, 26, 1, NULL, '2021-09-30 11:28:06'),
(79, 'Vitamin B-12', '', '', '', '', 26, 1, NULL, '2021-09-30 11:28:06'),
(80, 'Folic B9', NULL, NULL, NULL, NULL, 27, 1, NULL, '2021-09-30 11:28:06'),
(81, 'Vitamin B-12', '', '', '', '', 26, 1, NULL, '2021-09-30 11:28:06'),
(82, 'Folic B9', '', '', '', '', 27, 1, NULL, '2021-09-30 11:28:06'),
(83, 'Vitamin C + Zinc', NULL, NULL, NULL, NULL, 28, 1, NULL, '2021-09-30 11:28:06'),
(84, 'Vitamin B-12', '', '', '', '', 26, 1, NULL, '2021-09-30 11:28:06'),
(85, 'Folic B9', '', '', '', '', 27, 1, NULL, '2021-09-30 11:28:06'),
(86, 'Vitamin C + Zinc', '', '', '', '', 28, 1, NULL, '2021-09-30 11:28:06'),
(87, 'Casein Protein', NULL, NULL, NULL, NULL, 29, 1, NULL, '2021-09-30 11:28:06'),
(88, 'Vitamin B-12', '', '', '', '', 26, 1, NULL, '2021-09-30 11:28:06'),
(89, 'Folic B9', '', '', '', '', 27, 1, NULL, '2021-09-30 11:28:06'),
(90, 'Vitamin C + Zinc', '', '', '', '', 28, 1, NULL, '2021-09-30 11:28:06'),
(91, 'Casein Protein', '', '', '', '', 29, 1, NULL, '2021-09-30 11:28:06'),
(92, 'Hemp Protein', NULL, NULL, NULL, NULL, 30, 1, NULL, '2021-09-30 11:28:06'),
(93, 'Vitamin B-12', '', '', '', '', 26, 1, NULL, '2021-09-30 11:28:06'),
(94, 'Folic B9', '', '', '', '', 27, 1, NULL, '2021-09-30 11:28:06'),
(95, 'Vitamin C + Zinc', '', '', '', '', 28, 1, NULL, '2021-09-30 11:28:06'),
(96, 'Casein Protein', '', '', '', '', 29, 1, NULL, '2021-09-30 11:28:06'),
(97, 'Hemp Protein', '', '', '', '', 30, 1, NULL, '2021-09-30 11:28:06'),
(98, 'Brown Rice Protein', NULL, NULL, NULL, NULL, 31, 1, NULL, '2021-09-30 11:28:06'),
(99, 'Thermometers', NULL, NULL, NULL, NULL, 32, 1, NULL, '2021-09-30 11:28:06'),
(100, 'Thermometers', '', '', '', '', 32, 1, NULL, '2021-09-30 11:28:06'),
(101, 'Pulse Oximeter', NULL, NULL, NULL, NULL, 33, 1, NULL, '2021-09-30 11:28:06'),
(102, 'Thermometers', '', '', '', '', 32, 1, NULL, '2021-09-30 11:28:06'),
(103, 'Pulse Oximeter', '', '', '', '', 33, 1, NULL, '2021-09-30 11:28:06'),
(104, 'Breathe Free Vaporizer', NULL, NULL, NULL, NULL, 34, 1, NULL, '2021-09-30 11:28:06'),
(105, 'VLCC', NULL, NULL, NULL, NULL, 35, 1, NULL, '2021-09-30 11:28:06'),
(106, 'VLCC', '', '', '', '', 35, 1, NULL, '2021-09-30 11:28:06'),
(107, 'Purifying Cleanser', NULL, NULL, NULL, NULL, 36, 1, NULL, '2021-09-30 11:28:06'),
(108, 'VLCC', '', '', '', '', 35, 1, NULL, '2021-09-30 11:28:06'),
(109, 'Purifying Cleanser', '', '', '', '', 36, 1, NULL, '2021-09-30 11:28:06'),
(110, 'Pixi By Petra Glow Tonic', NULL, NULL, NULL, NULL, 37, 1, NULL, '2021-09-30 11:28:06'),
(111, 'Samsung Galaxy A52', '<p>Galaxy A52&nbsp;is a part fo the A series and was launched alongside the&nbsp;Galaxy&nbsp;A72. The new&nbsp;Galaxy A52&nbsp;has a big 6.5-inch full-HD.</p>', NULL, NULL, NULL, 38, 1, NULL, '2021-10-07 06:36:02'),
(112, 'Samsung Galaxy A11', '', '', '', '', 38, 1, NULL, '2021-09-30 11:28:06'),
(113, 'Redmi note 10', '<p>Redmi Note 10 is a&nbsp;line of Android-based smartphones&nbsp;as part of the Redmi Note series by Redmi, a sub-brand of Xiaomi Inc.</p>', NULL, NULL, NULL, 39, 1, NULL, '2021-10-07 06:38:23'),
(114, 'Samsung Galaxy A11', '', '', '', '', 38, 1, NULL, '2021-09-30 11:28:06'),
(115, 'Samsung Galaxy A41', '', '', '', '', 39, 1, NULL, '2021-09-30 11:28:06'),
(116, 'OnePlus 9 Pro', '<p>OnePlus 9 Pro&#39;s 6.7&quot;3&nbsp;Fluid Display 2.0 is&nbsp;the pinnacle of mobile displays. With breakthrough LTPO technology, Smart 120 Hz, and exacting color accuracy, the display sets a new standard.&nbsp;</p>', NULL, NULL, NULL, 40, 1, NULL, '2021-10-07 06:43:04'),
(117, 'Samsung Galaxy A11', '', '', '', '', 38, 1, NULL, '2021-09-30 11:28:06'),
(118, 'Samsung Galaxy A41', '', '', '', '', 39, 1, NULL, '2021-09-30 11:28:06'),
(119, 'OnePlus 7T', '', '', '', '', 40, 1, NULL, '2021-09-30 11:28:06'),
(120, 'Huawei Mate 40E', '', '', '', '', 41, 1, NULL, '2021-09-30 11:28:06'),
(121, 'Samsung Galaxy A11', '', '', '', '', 38, 1, NULL, '2021-09-30 11:28:06'),
(122, 'Samsung Galaxy A41', '', '', '', '', 39, 1, NULL, '2021-09-30 11:28:06'),
(123, 'OnePlus 7T', '', '', '', '', 40, 1, NULL, '2021-09-30 11:28:06'),
(124, 'Huawei Mate 40E', '', '', '', '', 41, 1, NULL, '2021-09-30 11:28:06'),
(125, 'Iphone 12', '<p>iPhone 12&nbsp;and&nbsp;iPhone 12&nbsp;Mini are a range of smartphones designed, developed, and marketed by Apple Inc.&nbsp;</p>', NULL, NULL, NULL, 42, 1, NULL, '2021-10-07 06:43:56'),
(126, 'Samsung Galaxy A11', '', '', '', '', 38, 1, NULL, '2021-09-30 11:28:06'),
(127, 'Samsung Galaxy A41', '', '', '', '', 39, 1, NULL, '2021-09-30 11:28:06'),
(128, 'OnePlus 7T', '', '', '', '', 40, 1, NULL, '2021-09-30 11:28:06'),
(129, 'Huawei Mate 40E', '', '', '', '', 41, 1, NULL, '2021-09-30 11:28:06'),
(130, 'Iphone 11', '', '', '', '', 42, 1, NULL, '2021-09-30 11:28:06'),
(131, 'Oppo A53S', '', '', '', '', 43, 1, NULL, '2021-09-30 11:28:06'),
(132, 'Samsung Galaxy A11', '', '', '', '', 38, 1, NULL, '2021-09-30 11:28:06'),
(133, 'Samsung Galaxy A41', '', '', '', '', 39, 1, NULL, '2021-09-30 11:28:06'),
(134, 'OnePlus 7T', '', '', '', '', 40, 1, NULL, '2021-09-30 11:28:06'),
(135, 'Huawei Mate 40E', '', '', '', '', 41, 1, NULL, '2021-09-30 11:28:06'),
(136, 'Iphone 11', '', '', '', '', 42, 1, NULL, '2021-09-30 11:28:06'),
(137, 'Oppo A53S', '', '', '', '', 43, 1, NULL, '2021-09-30 11:28:06'),
(138, 'Oppo A74S', '', '', '', '', 44, 1, NULL, '2021-09-30 11:28:06'),
(139, 'HP Envy X360', '<p>HP Envy x360&nbsp;Convertible Touchscreen 11th Gen Intel Core i5-1135G7 13.3 inches FHD 1920 x 1080, LED Laptop.</p>', NULL, NULL, NULL, 45, 1, NULL, '2021-10-07 06:45:17'),
(140, 'HP', '', '', '', '', 45, 1, NULL, '2021-09-30 11:28:06'),
(141, 'Lenovo Ideapad', '<p>IdeaPad&nbsp; is a&nbsp;line of consumer-oriented laptop computers&nbsp;designed, developed and marketed by Lenovo.</p>', NULL, NULL, NULL, 46, 1, NULL, '2021-10-07 06:48:10'),
(142, 'HP', '', '', '', '', 45, 1, NULL, '2021-09-30 11:28:06'),
(143, 'Lenovo', '', '', '', '', 46, 1, NULL, '2021-09-30 11:28:06'),
(144, 'Dell Inspiron', '<p>Dell Inspiron&nbsp;series of laptop computers was introduced before 1999 as a consumer-oriented line, available to the general public through electronics.</p>', NULL, NULL, NULL, 47, 1, NULL, '2021-10-07 06:51:02'),
(145, 'HP', '', '', '', '', 45, 1, NULL, '2021-09-30 11:28:06'),
(146, 'Lenovo', '', '', '', '', 46, 1, NULL, '2021-09-30 11:28:06'),
(147, 'Dell', '', '', '', '', 47, 1, NULL, '2021-09-30 11:28:06'),
(148, 'Apple Macbook', '<p>Apple MacBook lineup came from the merging of the PowerBook and iBook lines as Apple transitioned over to using Intel instead of PowerPC processors.</p>', NULL, NULL, NULL, 48, 1, NULL, '2021-10-07 06:52:01'),
(149, 'Sunglasses', '<p>Brow-line&nbsp;sunglasses for men&nbsp;have a thick top frame that runs throughout your brow-line and has an extra-thin rim around the bottom half of the lens. Get the right vintage look with such a style.</p>', NULL, NULL, NULL, 49, 1, NULL, '2021-10-07 06:52:31'),
(150, 'Sunglasses', '', '', '', '', 49, 1, NULL, '2021-09-30 11:28:06'),
(151, 'Watches', '<p>A good wrist watch can go a long way in helping men create a lasting impression, provided it matches their attire and the occasion. Men&rsquo;s watches are designed in different styles to suit different occasions from formal to semi-formal to casual occasions.</p>', NULL, NULL, NULL, 50, 1, NULL, '2021-10-07 06:53:15'),
(152, 'Sunglasses', '', '', '', '', 49, 1, NULL, '2021-09-30 11:28:06'),
(153, 'Watches', '', '', '', '', 50, 1, NULL, '2021-09-30 11:28:06'),
(154, 'Jackets', '<p>Denim, leather, hooded, bomber and sports jackets are the perfect styles to complete casual outfits. While tailored and textured styles add a special style note.</p>', NULL, NULL, NULL, 51, 1, NULL, '2021-10-07 06:54:20'),
(155, 'Sunglasses', '', '', '', '', 49, 1, NULL, '2021-09-30 11:28:06'),
(156, 'Watches', '', '', '', '', 50, 1, NULL, '2021-09-30 11:28:06'),
(157, 'Jackets', '', '', '', '', 51, 1, NULL, '2021-09-30 11:28:06'),
(158, 'Coats', '<p>The double-breasted coat is the most formal design. As with suits and blazers, shorter&nbsp;men<strong>&nbsp;</strong>are often advised to avoid this style, as it can be wider in appearance and makes you feel shorter.</p>', NULL, NULL, NULL, 52, 1, NULL, '2021-10-07 06:55:06'),
(159, 'Sunglasses', '', '', '', '', 49, 1, NULL, '2021-09-30 11:28:06'),
(160, 'Watches', '', '', '', '', 50, 1, NULL, '2021-09-30 11:28:06'),
(161, 'Jackets', '', '', '', '', 51, 1, NULL, '2021-09-30 11:28:06'),
(162, 'Coats', '', '', '', '', 52, 1, NULL, '2021-09-30 11:28:06'),
(163, 'Denim', '<p>There are different types of jeans you can go&nbsp;for. You can wear jeans almost anywhere, as long as it compliments your body. A fit refers to how the jeans sit from your waist to your thighs. It is essential to look&nbsp;for&nbsp;an ideal fit, as comfort should be your primary concern.</p>', NULL, NULL, NULL, 53, 1, NULL, '2021-10-07 06:56:54'),
(164, 'Solid Dresses', '<p>Choose from the exclusive range of&nbsp;<em>women</em>&nbsp;formal&nbsp;<em>wear</em>&nbsp;online at great price.&nbsp;<em>Women Solid</em>&nbsp;Single-Breasted Open-Front Formal Blazer.</p>', NULL, NULL, NULL, 54, 1, NULL, '2021-10-07 07:17:20'),
(165, 'Bubble skirt', '', '', '', '', 54, 1, NULL, '2021-09-30 11:28:06'),
(166, 'Circular skirt', '', '', '', '', 55, 1, NULL, '2021-09-30 11:28:06'),
(167, 'Bubble skirt', '', '', '', '', 54, 1, NULL, '2021-09-30 11:28:06'),
(168, 'Circular skirt', '', '', '', '', 55, 1, NULL, '2021-09-30 11:28:06'),
(169, 'Printed Dresses', '<p>Printed Dresses&nbsp;Buy from the trendy collection of Floral&nbsp;<em>Dress</em>&nbsp;for Women &amp; Girls Online.&nbsp;</p>', NULL, NULL, NULL, 56, 1, NULL, '2021-10-07 07:17:53'),
(170, 'Bubble skirt', '', '', '', '', 54, 1, NULL, '2021-09-30 11:28:06'),
(171, 'Circular skirt', '', '', '', '', 55, 1, NULL, '2021-09-30 11:28:06'),
(172, 'Printed', '', '', '', '', 56, 1, NULL, '2021-09-30 11:28:06'),
(173, 'Solids', '', '', '', '', 57, 1, NULL, '2021-09-30 11:28:06'),
(174, 'Bubble skirt', '', '', '', '', 54, 1, NULL, '2021-09-30 11:28:06'),
(175, 'Circular skirt', '', '', '', '', 55, 1, NULL, '2021-09-30 11:28:06'),
(176, 'Printed', '', '', '', '', 56, 1, NULL, '2021-09-30 11:28:06'),
(177, 'Solids', '', '', '', '', 57, 1, NULL, '2021-09-30 11:28:06'),
(178, 'Party-wear Dresses', '<p>Party Wear&nbsp;Salwar Suits are an elegant combination of comfort and glamour.&nbsp;</p>', NULL, NULL, NULL, 58, 1, NULL, '2021-10-07 07:18:47'),
(179, 'Bubble skirt', '', '', '', '', 54, 1, NULL, '2021-09-30 11:28:06'),
(180, 'Circular skirt', '', '', '', '', 55, 1, NULL, '2021-09-30 11:28:06'),
(181, 'Printed', '', '', '', '', 56, 1, NULL, '2021-09-30 11:28:06'),
(182, 'Solids', '', '', '', '', 57, 1, NULL, '2021-09-30 11:28:06'),
(183, 'Partywear', '', '', '', '', 58, 1, NULL, '2021-09-30 11:28:06'),
(184, 'Casual', '<p>Casual wear&nbsp; is&nbsp;a Western dress code that is relaxed, occasional, spontaneous and suited for everyday use.</p>', NULL, NULL, NULL, 59, 1, NULL, '2021-10-07 07:21:41'),
(185, 'Bubble skirt', '', '', '', '', 54, 1, NULL, '2021-09-30 11:28:06'),
(186, 'Circular skirt', '', '', '', '', 55, 1, NULL, '2021-09-30 11:28:06'),
(187, 'Printed', '', '', '', '', 56, 1, NULL, '2021-09-30 11:28:06'),
(188, 'Solids', '', '', '', '', 57, 1, NULL, '2021-09-30 11:28:06'),
(189, 'Partywear', '', '', '', '', 58, 1, NULL, '2021-09-30 11:28:06'),
(190, 'Casual', '', '', '', '', 59, 1, NULL, '2021-09-30 11:28:06'),
(191, 'Denim', '<p>Denim is&nbsp;a strong cotton fabric made using a twill weave, which creates a subtle diagonal ribbing pattern.</p>', NULL, NULL, NULL, 60, 1, NULL, '2021-10-07 07:20:10'),
(192, 'Bubble skirt', '', '', '', '', 54, 1, NULL, '2021-09-30 11:28:06'),
(193, 'Circular skirt', '', '', '', '', 55, 1, NULL, '2021-09-30 11:28:06'),
(194, 'Printed', '', '', '', '', 56, 1, NULL, '2021-09-30 11:28:06'),
(195, 'Solids', '', '', '', '', 57, 1, NULL, '2021-09-30 11:28:06'),
(196, 'Partywear', '', '', '', '', 58, 1, NULL, '2021-09-30 11:28:06'),
(197, 'Casual', '', '', '', '', 59, 1, NULL, '2021-09-30 11:28:06'),
(198, 'Denim', '', '', '', '', 60, 1, NULL, '2021-09-30 11:28:06'),
(199, 'High Ankle', '', '', '', '', 61, 1, NULL, '2021-09-30 11:28:06'),
(200, 'Bubble skirt', '', '', '', '', 54, 1, NULL, '2021-09-30 11:28:06'),
(201, 'Circular skirt', '', '', '', '', 55, 1, NULL, '2021-09-30 11:28:06'),
(202, 'Printed', '', '', '', '', 56, 1, NULL, '2021-09-30 11:28:06'),
(203, 'Solids', '', '', '', '', 57, 1, NULL, '2021-09-30 11:28:06'),
(204, 'Partywear', '', '', '', '', 58, 1, NULL, '2021-09-30 11:28:06'),
(205, 'Casual', '', '', '', '', 59, 1, NULL, '2021-09-30 11:28:06'),
(206, 'Denim', '', '', '', '', 60, 1, NULL, '2021-09-30 11:28:06'),
(207, 'High Ankle', '', '', '', '', 61, 1, NULL, '2021-09-30 11:28:06'),
(208, 'Long Coats', '<p>Long Coat is a garment worn on the upper body by either gender for warmth or fashion.</p>', NULL, NULL, NULL, 62, 1, NULL, '2021-10-07 07:21:20'),
(209, 'Bubble skirt', '', '', '', '', 54, 1, NULL, '2021-09-30 11:28:06'),
(210, 'Circular skirt', '', '', '', '', 55, 1, NULL, '2021-09-30 11:28:06'),
(211, 'Printed', '', '', '', '', 56, 1, NULL, '2021-09-30 11:28:06'),
(212, 'Solids', '', '', '', '', 57, 1, NULL, '2021-09-30 11:28:06'),
(213, 'Partywear', '', '', '', '', 58, 1, NULL, '2021-09-30 11:28:06'),
(214, 'Casual', '', '', '', '', 59, 1, NULL, '2021-09-30 11:28:06'),
(215, 'Denim', '', '', '', '', 60, 1, NULL, '2021-09-30 11:28:06'),
(216, 'High Ankle', '', '', '', '', 61, 1, NULL, '2021-09-30 11:28:06'),
(217, 'Long Coats', '', '', '', '', 62, 1, NULL, '2021-09-30 11:28:06'),
(218, 'Fluffy Jackets', '<p>Puffer jackets, also called quilted jackets, have a signature quilted design with sections that are puffy between the stitching.&nbsp;</p>', NULL, NULL, NULL, 63, 1, NULL, '2021-10-07 07:22:39'),
(219, 'Margherita pizza', '<p>Margherita Pizza, as the Italians call it, is a simple pizza hailing from Naples. When done right, margherita pizza features a&nbsp;bubbly crust, crushed San Marzano tomato sauce, fresh mozzarella and basil, a drizzle of olive oil, and a sprinkle of salt.</p>', NULL, NULL, NULL, 64, 1, NULL, '2021-10-07 07:23:58'),
(220, 'Margherita pizza', '', '', '', '', 64, 1, NULL, '2021-09-30 11:28:06'),
(221, 'Mushroom Risotto', '<p>Mushroom risotto is a&nbsp;creamy Italian rice with chicken broth and your favorite mushrooms. You can make it on the stovetop with a little patience and meditative stirring.</p>', NULL, NULL, NULL, 65, 1, NULL, '2021-10-07 07:24:31'),
(222, 'Margherita pizza', '', '', '', '', 64, 1, NULL, '2021-09-30 11:28:06'),
(223, 'Mushroom Risotto', '', '', '', '', 65, 1, NULL, '2021-09-30 11:28:06'),
(224, 'Focaccia Bread', '<p>Focaccia is a flat oven-baked Italian bread similar in style and texture to pizza; in some places, it is called &quot;pizza bianca&quot;. Focaccia can be served as a side dish or as sandwich bread.</p>', NULL, NULL, NULL, 66, 1, NULL, '2021-10-07 07:25:11'),
(225, 'Margherita pizza', '', '', '', '', 64, 1, NULL, '2021-09-30 11:28:06'),
(226, 'Mushroom Risotto', '', '', '', '', 65, 1, NULL, '2021-09-30 11:28:06'),
(227, 'Focaccia Bread ', '', '', '', '', 66, 1, NULL, '2021-09-30 11:28:06'),
(228, 'Bruschetta', '<p>Bruschetta is an antipasto from Italy consisting of grilled bread rubbed with garlic and topped with olive oil and salt.</p>', NULL, NULL, NULL, 67, 1, NULL, '2021-10-07 07:26:00'),
(229, 'Margherita pizza', '', '', '', '', 64, 1, NULL, '2021-09-30 11:28:06'),
(230, 'Mushroom Risotto', '', '', '', '', 65, 1, NULL, '2021-09-30 11:28:06'),
(231, 'Focaccia Bread ', '', '', '', '', 66, 1, NULL, '2021-09-30 11:28:06'),
(232, 'Bruschetta', '', '', '', '', 67, 1, NULL, '2021-09-30 11:28:06'),
(233, 'Pasta Carbonara', '', '', '', '', 68, 1, NULL, '2021-09-30 11:28:06'),
(234, 'Margherita pizza', '', '', '', '', 64, 1, NULL, '2021-09-30 11:28:06'),
(235, 'Mushroom Risotto', '', '', '', '', 65, 1, NULL, '2021-09-30 11:28:06'),
(236, 'Focaccia Bread ', '', '', '', '', 66, 1, NULL, '2021-09-30 11:28:06'),
(237, 'Bruschetta', '', '', '', '', 67, 1, NULL, '2021-09-30 11:28:06'),
(238, 'Pasta Carbonara', '', '', '', '', 68, 1, NULL, '2021-09-30 11:28:06'),
(239, 'Caprese Salad with Pesto Sauce', '', '', '', '', 69, 1, NULL, '2021-09-30 11:28:06'),
(240, 'Dim Sums', '<p>Dim sum is a&nbsp;traditional Chinese meal made up of small plates of dumplings and other snack dishes&nbsp;and is usually accompanied by tea.&nbsp;</p>', NULL, NULL, NULL, 70, 1, NULL, '2021-10-07 07:26:27'),
(241, 'Dim Sums', '', '', '', '', 70, 1, NULL, '2021-09-30 11:28:06'),
(242, 'Hot and Sour Soup', '<p>Hot and sour soup is a soup from Asian culinary traditions. In all cases, the soup contains ingredients to make it both spicy and sour.</p>', NULL, NULL, NULL, 71, 1, NULL, '2021-10-07 07:26:49'),
(243, 'Dim Sums', '', '', '', '', 70, 1, NULL, '2021-09-30 11:28:06'),
(244, 'Hot and Sour Soup', '', '', '', '', 71, 1, NULL, '2021-09-30 11:28:06'),
(245, 'Chicken with Chestnuts', '', '', '', '', 72, 1, NULL, '2021-09-30 11:28:06'),
(246, 'Dim Sums', '', '', '', '', 70, 1, NULL, '2021-09-30 11:28:06'),
(247, 'Hot and Sour Soup', '', '', '', '', 71, 1, NULL, '2021-09-30 11:28:06'),
(248, 'Chicken with Chestnuts', '', '', '', '', 72, 1, NULL, '2021-09-30 11:28:06'),
(249, 'Spring Rolls', '<p>Spring rolls are a large variety of filled, rolled appetizers or dim sum found in East Asian, Southeast Asian cuisine.&nbsp;</p>', NULL, NULL, NULL, 73, 1, NULL, '2021-10-07 07:27:41'),
(250, 'Dim Sums', '', '', '', '', 70, 1, NULL, '2021-09-30 11:28:06'),
(251, 'Hot and Sour Soup', '', '', '', '', 71, 1, NULL, '2021-09-30 11:28:06'),
(252, 'Chicken with Chestnuts', '', '', '', '', 72, 1, NULL, '2021-09-30 11:28:06'),
(253, 'Spring Rolls', '', '', '', '', 73, 1, NULL, '2021-09-30 11:28:06'),
(254, 'Stir Fried Tofu with Rice', '', '', '', '', 74, 1, NULL, '2021-09-30 11:28:06'),
(255, 'Dim Sums', '', '', '', '', 70, 1, NULL, '2021-09-30 11:28:06'),
(256, 'Hot and Sour Soup', '', '', '', '', 71, 1, NULL, '2021-09-30 11:28:06'),
(257, 'Chicken with Chestnuts', '', '', '', '', 72, 1, NULL, '2021-09-30 11:28:06'),
(258, 'Spring Rolls', '', '', '', '', 73, 1, NULL, '2021-09-30 11:28:06'),
(259, 'Stir Fried Tofu with Rice', '', '', '', '', 74, 1, NULL, '2021-09-30 11:28:06'),
(260, 'Quick Noodles', '<p>Quick&nbsp;noodles stir fried until just crisp, and then tossed with a sweet and savory</p>', NULL, NULL, NULL, 75, 1, NULL, '2021-10-07 07:28:55'),
(261, 'VLCC', '', '', '', '', 76, 1, NULL, NULL),
(262, 'VLCC', '', '', '', '', 76, 1, NULL, NULL),
(263, 'Purifying Cleanser', '', '', '', '', 77, 1, NULL, NULL),
(264, 'VLCC', '', '', '', '', 76, 1, NULL, NULL),
(265, 'Purifying Cleanser', '', '', '', '', 77, 1, NULL, NULL),
(266, 'Pixi By Petra Glow Tonic', '', '', '', '', 78, 1, NULL, NULL),
(267, 'VLCC', '', '', '', '', 76, 1, NULL, NULL),
(268, 'Purifying Cleanser', '', '', '', '', 77, 1, NULL, NULL),
(269, 'Pixi By Petra Glow Tonic', '', '', '', '', 78, 1, NULL, NULL),
(270, 'Multani Mitti Face Pack', NULL, NULL, NULL, NULL, 79, 1, NULL, '2021-10-11 05:44:05'),
(271, 'VLCC', '', '', '', '', 76, 1, NULL, NULL),
(272, 'Purifying Cleanser', '', '', '', '', 77, 1, NULL, NULL),
(273, 'Pixi By Petra Glow Tonic', '', '', '', '', 78, 1, NULL, NULL),
(274, 'Multani mitti', '', '', '', '', 79, 1, NULL, NULL),
(275, 'Gulab Jal', NULL, NULL, NULL, NULL, 80, 1, NULL, '2021-10-11 05:45:44'),
(276, 'VLCC', '', '', '', '', 76, 1, NULL, NULL),
(277, 'Purifying Cleanser', '', '', '', '', 77, 1, NULL, NULL),
(278, 'Pixi By Petra Glow Tonic', '', '', '', '', 78, 1, NULL, NULL),
(279, 'Multani mitti', '', '', '', '', 79, 1, NULL, NULL),
(280, 'Gulab Jal ', '', '', '', '', 80, 1, NULL, NULL),
(281, 'Aloe Vera Gel', NULL, NULL, NULL, NULL, 81, 1, NULL, '2021-10-11 05:47:19'),
(282, 'Stethoscopes', NULL, NULL, NULL, NULL, 82, 1, NULL, '2021-10-11 05:58:37'),
(283, 'Stethoscopes', '', '', '', '', 82, 1, NULL, NULL),
(284, 'Blood Glucose Monitor', NULL, NULL, NULL, NULL, 83, 1, NULL, '2021-10-11 05:59:28'),
(285, 'Stethoscopes', '', '', '', '', 82, 1, NULL, NULL),
(286, 'Blood Glucose Meter', '', '', '', '', 83, 1, NULL, NULL),
(287, 'Otoscope', NULL, NULL, NULL, NULL, 84, 1, NULL, '2021-10-11 06:00:46'),
(288, 'Samsung Galaxy S7', NULL, NULL, NULL, NULL, 85, 1, NULL, '2021-10-11 06:03:06'),
(289, 'MacBook 2', NULL, NULL, NULL, NULL, 86, 1, NULL, '2021-10-11 06:09:15'),
(290, 'Shirt', NULL, NULL, NULL, NULL, 87, 1, NULL, '2021-10-11 06:18:19'),
(291, 'Tomato', NULL, NULL, NULL, NULL, 88, 1, NULL, '2021-10-11 06:22:01'),
(292, 'EggPlant', NULL, NULL, NULL, NULL, 89, 1, NULL, '2021-10-11 06:24:07'),
(293, 'Juices', NULL, NULL, NULL, NULL, 90, 1, NULL, '2021-10-11 06:31:08'),
(294, 'MamaEarth', NULL, NULL, NULL, NULL, 91, 1, NULL, '2021-10-11 06:32:14'),
(295, 'Grapes', NULL, NULL, NULL, NULL, 92, 1, NULL, '2021-10-11 06:35:31'),
(296, 'Cuisine', NULL, NULL, NULL, NULL, 93, 1, NULL, '2021-10-11 06:54:50'),
(297, 'Hakka Noodles', NULL, NULL, NULL, NULL, 94, 1, NULL, '2021-10-11 06:58:21');

-- --------------------------------------------------------

--
-- Dumping data for table `product_variants`
--

INSERT INTO `product_variants` (`id`, `sku`, `product_id`, `title`, `quantity`, `price`, `position`, `compare_at_price`, `barcode`, `cost_price`, `currency_id`, `tax_category_id`, `inventory_policy`, `fulfillment_service`, `inventory_management`, `created_at`, `updated_at`, `status`) VALUES
(1, 'sku-id', 1, NULL, 100, '500.00', 1, '500.00', '7543ebf012007e', '300.00', NULL, NULL, NULL, NULL, NULL, NULL, NULL, 1),
(2, 'sku-id-1*5', 1, 'sku-id-Black-Black', 100, '500.00', 1, '500.00', '1500cdf2d597df', '300.00', NULL, NULL, NULL, NULL, NULL, NULL, NULL, 1),
(3, 'sku-id-1*6', 1, 'sku-id-Black-Grey', 100, '500.00', 1, '500.00', '2ea56327679387', '300.00', NULL, NULL, NULL, NULL, NULL, NULL, NULL, 1),
(4, 'sku-id-7*5', 1, 'sku-id-Medium-Black', 100, '500.00', 1, '500.00', '8f47f11a19433f', '300.00', NULL, NULL, NULL, NULL, NULL, NULL, NULL, 1),
(5, 'sku-id-7*6', 1, 'sku-id-Medium-Grey', 100, '500.00', 1, '500.00', '8f7318b112bbe9', '300.00', NULL, NULL, NULL, NULL, NULL, NULL, NULL, 1),
(6, 'BBB999', 2, NULL, 400, '6.00', 1, '9.00', '540a17421e9bfe', NULL, NULL, NULL, NULL, NULL, NULL, '2021-09-30 06:44:09', '2021-09-30 10:34:24', 1),
(7, 'BBB1000', 3, NULL, 600, '4.00', 1, '6.00', '1101be3bb3a446', NULL, NULL, NULL, NULL, NULL, NULL, '2021-09-30 06:44:09', '2021-09-30 10:34:34', 1),
(8, 'BBB1001', 4, NULL, 500, '8.00', 1, '10.00', '5654f8410b1798', NULL, NULL, NULL, NULL, NULL, NULL, '2021-09-30 06:44:09', '2021-09-30 10:34:44', 1),
(9, 'BBB1002', 5, NULL, 400, '12.00', 1, '15.00', '0a9f6a56281f3e', NULL, NULL, NULL, NULL, NULL, NULL, '2021-09-30 06:44:09', '2021-09-30 10:34:58', 1),
(10, 'GS009', 6, NULL, 300, '8.00', 1, '10.00', '3a44082d4f2413', NULL, NULL, NULL, NULL, NULL, NULL, '2021-09-30 06:44:33', '2021-09-30 10:35:10', 1),
(11, 'GS010', 7, NULL, 500, '8.00', 1, '11.00', '472ff5dd6bc8a2', NULL, NULL, NULL, NULL, NULL, NULL, '2021-09-30 06:44:33', '2021-09-30 10:35:28', 1),
(12, 'GS011', 8, NULL, 800, '5.00', 1, '7.00', '5d94c576617b5b', NULL, NULL, NULL, NULL, NULL, NULL, '2021-09-30 06:44:33', '2021-10-11 13:26:03', 1),
(13, 'GS012', 9, NULL, 700, '12.00', 1, '15.00', 'fddcc3bd36385e', NULL, NULL, NULL, NULL, NULL, NULL, '2021-09-30 06:44:33', '2021-09-30 10:35:57', 1),
(14, 'GS013', 10, NULL, 400, '14.00', 1, '16.00', '6a2874a57a1b1b', NULL, NULL, NULL, NULL, NULL, NULL, '2021-09-30 06:44:33', '2021-09-30 10:36:09', 1),
(15, 'GS014', 11, NULL, 100, '20.00', 1, '25.00', '2f635abe5b44ef', NULL, NULL, NULL, NULL, NULL, NULL, '2021-09-30 06:44:33', '2021-09-30 10:36:32', 1),
(16, 'GS015', 12, NULL, 400, '10.00', 1, '13.00', 'e50e6071960c75', NULL, NULL, NULL, NULL, NULL, NULL, '2021-09-30 06:44:33', '2021-09-30 10:36:44', 1),
(17, 'GS0161632985148c302727', 13, NULL, 0, '0.00', 1, '0.00', '089368951578a2', NULL, NULL, NULL, NULL, NULL, NULL, '2021-09-30 06:44:33', '2021-09-30 06:59:08', 1),
(18, 'FR559', 14, NULL, 400, '10.00', 1, '12.00', 'b7ccf5463b3598', NULL, NULL, NULL, NULL, NULL, NULL, '2021-09-30 06:44:46', '2021-09-30 10:37:03', 1),
(19, 'FR560', 15, NULL, 500, '9.00', 1, '14.00', '4b54793d168d90', NULL, NULL, NULL, NULL, NULL, NULL, '2021-09-30 06:44:46', '2021-09-30 10:37:18', 1),
(20, 'FR561', 16, NULL, 400, '6.00', 1, '8.00', '3aac0ca4fc1e57', NULL, NULL, NULL, NULL, NULL, NULL, '2021-09-30 06:44:46', '2021-09-30 10:37:32', 1),
(21, 'FR562', 17, NULL, 422, '11.00', 1, '15.00', '6e8b2ddab549a6', NULL, NULL, NULL, NULL, NULL, NULL, '2021-09-30 06:44:46', '2021-09-30 10:37:45', 1),
(22, 'Veg458', 18, NULL, 455, '4.00', 1, '6.00', '7c3cad23d7668f', NULL, NULL, NULL, NULL, NULL, NULL, '2021-09-30 06:44:56', '2021-09-30 10:38:01', 1),
(23, 'Veg459', 19, NULL, 466, '2.00', 1, '3.00', 'd898463461a184', NULL, NULL, NULL, NULL, NULL, NULL, '2021-09-30 06:44:56', '2021-09-30 10:38:13', 1),
(24, 'Veg460', 20, NULL, 488, '4.00', 1, '5.00', '15401750b30fe4', NULL, NULL, NULL, NULL, NULL, NULL, '2021-09-30 06:44:56', '2021-09-30 10:38:29', 1),
(25, 'Veg4611632997958217cab5', 21, NULL, 0, '0.00', 1, '0.00', '0f70dac86e60d8', NULL, NULL, NULL, NULL, NULL, NULL, '2021-09-30 06:44:56', '2021-09-30 10:32:38', 1),
(26, 'BEV665', 22, NULL, 800, '12.00', 1, '17.00', 'b05a93d40a9020', NULL, NULL, NULL, NULL, NULL, NULL, '2021-09-30 06:46:21', '2021-09-30 10:38:56', 1),
(27, 'BEV666', 23, NULL, 466, '14.00', 1, '15.00', '79adc92f047f51', NULL, NULL, NULL, NULL, NULL, NULL, '2021-09-30 06:46:21', '2021-09-30 10:39:07', 1),
(28, 'BEV667', 24, NULL, 799, '8.00', 1, '15.00', '731cb98f3a0569', NULL, NULL, NULL, NULL, NULL, NULL, '2021-09-30 06:46:21', '2021-09-30 10:38:45', 1),
(29, 'BEV668', 25, NULL, 999, '4.00', 1, '7.00', '16182cb5ea205c', NULL, NULL, NULL, NULL, NULL, NULL, '2021-09-30 06:46:21', '2021-09-30 10:36:19', 1),
(30, 'HD004', 26, NULL, 200, '12.00', 1, '15.00', '98147aa5c2ad6b', NULL, NULL, NULL, NULL, NULL, NULL, '2021-09-30 06:46:44', '2021-09-30 07:06:11', 1),
(31, 'HD005', 27, NULL, 300, '10.00', 1, '14.00', '29e74bb136403c', NULL, NULL, NULL, NULL, NULL, NULL, '2021-09-30 06:46:44', '2021-09-30 07:06:19', 1),
(32, 'HD006', 28, NULL, 400, '11.00', 1, '14.00', '7692cc5cef8d33', NULL, NULL, NULL, NULL, NULL, NULL, '2021-09-30 06:46:44', '2021-09-30 07:06:29', 1),
(33, 'HD007', 29, NULL, 500, '14.00', 1, '17.00', '7f38702cdae291', NULL, NULL, NULL, NULL, NULL, NULL, '2021-09-30 06:46:44', '2021-09-30 07:06:38', 1),
(34, 'HD008', 30, NULL, 600, '14.00', 1, '18.00', '1757c4e443597b', NULL, NULL, NULL, NULL, NULL, NULL, '2021-09-30 06:46:44', '2021-09-30 07:06:50', 1),
(35, 'HD009', 31, NULL, 500, '15.00', 1, '20.00', 'ecfc05ff4813de', NULL, NULL, NULL, NULL, NULL, NULL, '2021-09-30 06:46:44', '2021-09-30 07:07:48', 1),
(36, 'HC710', 32, NULL, 400, '10.00', 1, '16.00', '37a32727f31d5b', NULL, NULL, NULL, NULL, NULL, NULL, '2021-09-30 06:46:51', '2021-09-30 07:07:01', 1),
(37, 'HC711', 33, NULL, 500, '12.00', 1, '14.00', '43d856be07ff72', NULL, NULL, NULL, NULL, NULL, NULL, '2021-09-30 06:46:51', '2021-09-30 07:07:10', 1),
(38, 'HC712', 34, NULL, 400, '20.00', 1, '24.00', '196d4debe98826', NULL, NULL, NULL, NULL, NULL, NULL, '2021-09-30 06:46:51', '2021-09-30 07:07:21', 1),
(39, 'SKN801', 35, NULL, 399, '15.00', 1, '17.00', '8d76351fd4df3c', NULL, NULL, NULL, NULL, NULL, NULL, '2021-09-30 06:46:58', '2021-09-30 07:07:58', 1),
(40, 'SKN802', 36, NULL, 400, '14.00', 1, '15.00', '0f5807fc93c6fa', NULL, NULL, NULL, NULL, NULL, NULL, '2021-09-30 06:46:58', '2021-09-30 07:09:25', 1),
(41, 'SKN803', 37, NULL, 700, '14.00', 1, '17.00', 'bad5ec2f993648', NULL, NULL, NULL, NULL, NULL, NULL, '2021-09-30 06:46:58', '2021-09-30 07:15:01', 1),
(42, 'NNDD445', 38, NULL, 400, '25.00', 1, '30.00', '3ce3f94e8cbae3', NULL, NULL, NULL, NULL, NULL, NULL, '2021-09-30 06:48:26', '2021-09-30 07:23:44', 1),
(43, 'NNDD446', 39, NULL, 500, '22.00', 1, '30.00', '01906196e646c5', NULL, NULL, NULL, NULL, NULL, NULL, '2021-09-30 06:48:26', '2021-09-30 07:23:53', 1),
(44, 'NNDD447', 40, NULL, 300, '30.00', 1, '40.00', '98ba17cb6e9e78', NULL, NULL, NULL, NULL, NULL, NULL, '2021-09-30 06:48:26', '2021-09-30 07:24:04', 1),
(45, 'NNDD4481632984523b5f9e3d', 41, NULL, 0, '0.00', 1, '0.00', 'f41b1d002d6fbe', NULL, NULL, NULL, NULL, NULL, NULL, '2021-09-30 06:48:26', '2021-09-30 06:48:43', 1),
(46, 'NNDD449', 42, NULL, 400, '60.00', 1, '75.00', 'ec9dc0387d3c32', NULL, NULL, NULL, NULL, NULL, NULL, '2021-09-30 06:48:26', '2021-09-30 07:24:15', 1),
(47, 'NNDD4501632984635fc9bd44', 43, NULL, 0, '0.00', 1, '0.00', '77e871899ff54f', NULL, NULL, NULL, NULL, NULL, NULL, '2021-09-30 06:48:26', '2021-09-30 06:50:35', 1),
(48, 'NNDD4511632984642c59925e', 44, NULL, 0, '0.00', 1, '0.00', 'c36b02c6824b44', NULL, NULL, NULL, NULL, NULL, NULL, '2021-09-30 06:48:26', '2021-09-30 06:50:42', 1),
(49, 'Lap748', 45, NULL, 600, '80.00', 1, '90.00', '62e75f3bf029aa', NULL, NULL, NULL, NULL, NULL, NULL, '2021-09-30 06:50:27', '2021-09-30 07:24:24', 1),
(50, 'Lap749', 46, NULL, 400, '50.00', 1, '60.00', '9e8b0060b536f8', NULL, NULL, NULL, NULL, NULL, NULL, '2021-09-30 06:50:27', '2021-09-30 07:24:33', 1),
(51, 'Lap750', 47, NULL, 300, '80.00', 1, '100.00', '6b19a5de91fe0e', NULL, NULL, NULL, NULL, NULL, NULL, '2021-09-30 06:50:27', '2021-09-30 07:24:43', 1),
(52, 'Lap751', 48, NULL, 400, '150.00', 1, '160.00', '0d3ffbe2cb912e', NULL, NULL, NULL, NULL, NULL, NULL, '2021-09-30 06:50:27', '2021-09-30 07:24:53', 1),
(53, 'MllN859', 49, NULL, 255, '10.00', 1, '15.00', '63160218e45733', NULL, NULL, NULL, NULL, NULL, NULL, '2021-09-30 06:52:27', '2021-09-30 09:47:48', 1),
(54, 'MllN860', 50, NULL, 400, '14.00', 1, '18.00', 'e6cda4c16384cf', NULL, NULL, NULL, NULL, NULL, NULL, '2021-09-30 06:52:27', '2021-09-30 09:48:01', 1),
(55, 'MllN861', 51, NULL, 300, '15.00', 1, '18.00', '88141fa0bc9d56', NULL, NULL, NULL, NULL, NULL, NULL, '2021-09-30 06:52:27', '2021-09-30 09:48:12', 1),
(56, 'MllN862', 52, NULL, 200, '10.00', 1, '14.00', 'b06e76c322adb3', NULL, NULL, NULL, NULL, NULL, NULL, '2021-09-30 06:52:27', '2021-09-30 09:48:23', 1),
(57, 'MllN863', 53, NULL, 500, '14.00', 1, '20.00', '728e0f79cd6b2a', NULL, NULL, NULL, NULL, NULL, NULL, '2021-09-30 06:52:27', '2021-09-30 09:48:34', 1),
(58, 'WOMM85', 54, NULL, 400, '14.00', 1, '16.00', 'b6d01c1b05baf7', NULL, NULL, NULL, NULL, NULL, NULL, '2021-09-30 06:55:28', '2021-09-30 09:48:44', 1),
(59, 'WOMM8616329867343d892e8', 55, NULL, 0, '0.00', 1, '0.00', 'b66f0e6734902c', NULL, NULL, NULL, NULL, NULL, NULL, '2021-09-30 06:55:28', '2021-09-30 07:25:34', 1),
(60, 'WOMM87', 56, NULL, 500, '12.00', 1, '14.00', 'ad4fce8cb68940', NULL, NULL, NULL, NULL, NULL, NULL, '2021-09-30 06:55:28', '2021-09-30 09:49:04', 1),
(61, 'WOMM881632986727221f5ac', 57, NULL, 0, '0.00', 1, '0.00', '3539c0111b354a', NULL, NULL, NULL, NULL, NULL, NULL, '2021-09-30 06:55:28', '2021-09-30 07:25:27', 1),
(62, 'WOMM89', 58, NULL, 255, '20.00', 1, '25.00', '8f1644f6f8ba54', NULL, NULL, NULL, NULL, NULL, NULL, '2021-09-30 06:55:28', '2021-09-30 09:42:47', 1),
(63, 'WOMM90', 59, NULL, 400, '8.00', 1, '12.00', '3432390fbcc4e3', NULL, NULL, NULL, NULL, NULL, NULL, '2021-09-30 06:55:28', '2021-09-30 09:48:55', 1),
(64, 'WOMM91', 60, NULL, 500, '15.00', 1, '20.00', 'e62d8de04deb85', NULL, NULL, NULL, NULL, NULL, NULL, '2021-09-30 06:55:28', '2021-09-30 09:49:16', 1),
(65, 'WOMM92163298674417bff45', 61, NULL, 0, '0.00', 1, '0.00', 'bda276d709ccac', NULL, NULL, NULL, NULL, NULL, NULL, '2021-09-30 06:55:28', '2021-09-30 07:25:44', 1),
(66, 'WOMM93', 62, NULL, 455, '20.00', 1, '24.00', 'ed9b664251c9ab', NULL, NULL, NULL, NULL, NULL, NULL, '2021-09-30 06:55:28', '2021-09-30 09:49:27', 1),
(67, 'WOMM94', 63, NULL, 600, '20.00', 1, '25.00', '5f59da4062b597', NULL, NULL, NULL, NULL, NULL, NULL, '2021-09-30 06:55:28', '2021-09-30 09:49:39', 1),
(68, 'ITA555', 64, NULL, 400, '12.00', 1, '15.00', 'b97885487baaaf', NULL, NULL, NULL, NULL, NULL, NULL, '2021-09-30 06:55:51', '2021-09-30 10:47:07', 1),
(69, 'ITA556', 65, NULL, 400, '8.00', 1, '11.00', 'f4ee8ceb18a0a3', NULL, NULL, NULL, NULL, NULL, NULL, '2021-09-30 06:55:51', '2021-09-30 10:47:19', 1),
(70, 'ITA557', 66, NULL, 500, '8.00', 1, '10.00', '9cc9c6b55f2a7e', NULL, NULL, NULL, NULL, NULL, NULL, '2021-09-30 06:55:51', '2021-09-30 10:47:29', 1),
(71, 'ITA558', 67, NULL, 600, '10.00', 1, '12.00', '3bb36e21b7bb45', NULL, NULL, NULL, NULL, NULL, NULL, '2021-09-30 06:55:51', '2021-09-30 10:47:41', 1),
(72, 'ITA5591632985026efc489d', 68, NULL, 0, '0.00', 1, '0.00', '630005f272c378', NULL, NULL, NULL, NULL, NULL, NULL, '2021-09-30 06:55:51', '2021-09-30 06:57:06', 1),
(73, 'ITA56016329849731bc6d08', 69, NULL, 0, '0.00', 1, '0.00', 'ce4c0457bc56eb', NULL, NULL, NULL, NULL, NULL, NULL, '2021-09-30 06:55:51', '2021-09-30 06:56:13', 1),
(74, 'CN907', 70, NULL, 300, '5.00', 1, '8.00', 'c1bd0ef36052bb', NULL, NULL, NULL, NULL, NULL, NULL, '2021-09-30 06:56:05', '2021-09-30 10:47:53', 1),
(75, 'CN908', 71, NULL, 200, '12.00', 1, '14.00', 'c16c2b1fc1490a', NULL, NULL, NULL, NULL, NULL, NULL, '2021-09-30 06:56:05', '2021-09-30 10:48:04', 1),
(76, 'CN909163298503630bbff8', 72, NULL, 0, '0.00', 1, '0.00', 'af209bfcf7b3c3', NULL, NULL, NULL, NULL, NULL, NULL, '2021-09-30 06:56:05', '2021-09-30 06:57:16', 1),
(77, 'CN910', 73, NULL, 300, '5.00', 1, '8.00', 'c1f9e0b4037f58', NULL, NULL, NULL, NULL, NULL, NULL, '2021-09-30 06:56:05', '2021-09-30 10:48:19', 1),
(78, 'CN911163298498441696c1', 74, NULL, 0, '0.00', 1, '0.00', 'bfefa84dd6928b', NULL, NULL, NULL, NULL, NULL, NULL, '2021-09-30 06:56:05', '2021-09-30 06:56:24', 1),
(79, 'CN912', 75, NULL, 255, '8.00', 1, '11.00', '4889d3654284b5', NULL, NULL, NULL, NULL, NULL, NULL, '2021-09-30 06:56:05', '2021-09-30 10:48:30', 1),
(80, 'SKN8851633930822da6f991', 76, NULL, 0, '0.00', 1, '0.00', 'cf0393eab0a418', NULL, NULL, NULL, NULL, NULL, NULL, '2021-10-11 05:40:12', '2021-10-11 05:40:22', 1),
(81, 'SKN88616339308335de0443', 77, NULL, 0, '0.00', 1, '0.00', '97431ca279313e', NULL, NULL, NULL, NULL, NULL, NULL, '2021-10-11 05:40:13', '2021-10-11 05:40:33', 1),
(82, 'SKN8871633930847a0f8dba', 78, NULL, 0, '0.00', 1, '0.00', '32d792bc75263e', NULL, NULL, NULL, NULL, NULL, NULL, '2021-10-11 05:40:13', '2021-10-11 05:40:47', 1),
(83, 'SKN888', 79, NULL, 455, '12.00', 1, '15.00', '3bbf66a907e373', NULL, NULL, NULL, NULL, NULL, NULL, '2021-10-11 05:40:13', '2021-10-11 05:44:05', 1),
(84, 'SKN889', 80, NULL, 500, '8.00', 1, '10.00', '6d11fdaaf85cd1', NULL, NULL, NULL, NULL, NULL, NULL, '2021-10-11 05:40:13', '2021-10-11 05:45:44', 1),
(85, 'SKN890', 81, NULL, 400, '14.00', 1, '18.00', 'fa67fcc118c14b', NULL, NULL, NULL, NULL, NULL, NULL, '2021-10-11 05:40:13', '2021-10-11 05:47:19', 1),
(86, 'HHT415', 82, NULL, 555, '8.00', 1, '10.00', '8f399b92c1ac57', NULL, NULL, NULL, NULL, NULL, NULL, '2021-10-11 05:57:35', '2021-10-11 05:58:37', 1),
(87, 'HHT416', 83, NULL, 255, '16.00', 1, '20.00', 'dedb2167b9da06', NULL, NULL, NULL, NULL, NULL, NULL, '2021-10-11 05:57:35', '2021-10-11 05:59:28', 1),
(88, 'HHT417', 84, NULL, 455, '20.00', 1, '25.00', '6e00c823fa7bc6', NULL, NULL, NULL, NULL, NULL, NULL, '2021-10-11 05:57:35', '2021-10-11 06:00:46', 1),
(89, 'Mobile101', 85, NULL, 555, '44.00', 1, '50.00', '038323ea75f100', NULL, NULL, NULL, NULL, NULL, NULL, '2021-10-11 06:01:45', '2021-10-11 06:03:06', 1),
(90, 'Lapi505', 86, NULL, 200, '150.00', 1, '170.00', 'dac0622314f927', NULL, NULL, NULL, NULL, NULL, NULL, '2021-10-11 06:03:55', '2021-10-11 06:07:03', 1),
(91, 'Shirt22', 87, NULL, 566, '12.00', 1, '15.00', '4a68129ba87fbd', NULL, NULL, NULL, NULL, NULL, NULL, '2021-10-11 06:12:55', '2021-10-11 06:18:19', 1),
(92, 'tomato102', 88, NULL, 888, '3.00', 1, '5.00', '3cb02801aeb07e', NULL, NULL, NULL, NULL, NULL, NULL, '2021-10-11 06:20:42', '2021-10-11 06:22:01', 1),
(93, 'Brinjal205', 89, NULL, 789, '4.00', 1, '6.00', '9ad5c7984094b4', NULL, NULL, NULL, NULL, NULL, NULL, '2021-10-11 06:23:27', '2021-10-11 06:24:07', 1),
(94, 'Bev525', 90, NULL, 455, '25.00', 1, '30.00', '8f1edbe0200a72', NULL, NULL, NULL, NULL, NULL, NULL, '2021-10-11 06:28:23', '2021-10-11 06:29:48', 1),
(95, 'Mama205', 91, NULL, 555, '35.00', 1, '50.00', '68f88e61aed193', NULL, NULL, NULL, NULL, NULL, NULL, '2021-10-11 06:31:39', '2021-10-11 06:32:14', 1),
(96, 'Fruit485', 92, NULL, 666, '20.00', 1, '25.00', 'f05cfeab925e78', NULL, NULL, NULL, NULL, NULL, NULL, '2021-10-11 06:34:52', '2021-10-11 06:35:31', 1),
(97, 'Cuisine20', 93, NULL, 456, '20.00', 1, '30.00', '5dc4be3f118e66', NULL, NULL, NULL, NULL, NULL, NULL, '2021-10-11 06:54:15', '2021-10-11 06:54:50', 1),
(98, 'chinese', 94, NULL, 458, '7.00', 1, '9.00', '4675602195d76c', NULL, NULL, NULL, NULL, NULL, NULL, '2021-10-11 06:57:32', '2021-10-11 06:58:21', 1);

-- --------------------------------------------------------

--
-- Dumping data for table `product_variant_sets`
--


INSERT INTO `product_variant_sets` (`id`, `product_id`, `product_variant_id`, `variant_type_id`, `variant_option_id`, `created_at`, `updated_at`) VALUES
(1, 1, 2, 1, 1, NULL, NULL),
(2, 1, 2, 2, 5, NULL, NULL),
(3, 1, 3, 1, 1, NULL, NULL),
(4, 1, 3, 2, 6, NULL, NULL),
(5, 1, 3, 1, 1, NULL, NULL),
(6, 1, 3, 2, 6, NULL, NULL),
(7, 1, 4, 1, 7, NULL, NULL),
(8, 1, 4, 2, 5, NULL, NULL),
(9, 1, 5, 1, 7, NULL, NULL),
(10, 1, 5, 2, 6, NULL, NULL);


-- --------------------------------------------------------


--
-- Dumping data for table `variant_option_translations`
--

INSERT INTO `variant_option_translations` (`id`, `title`, `variant_option_id`, `language_id`, `created_at`, `updated_at`) VALUES
(1, 'Small', 1, 1, NULL, '2021-09-30 11:28:06'),
(2, 'White', 2, 1, NULL, '2021-09-30 11:28:06'),
(3, 'Black', 3, 1, NULL, '2021-09-30 11:28:06'),
(4, 'Blue', 4, 1, NULL, '2021-09-30 11:29:53'),
(5, 'Medium', 5, 1, NULL, '2021-09-30 11:28:06'),
(6, 'Large', 6, 1, NULL, '2021-09-30 11:28:06'),
(7, 'IPhone', 7, 1, NULL, '2021-09-30 11:28:06'),
(8, 'Samsung', 8, 1, NULL, '2021-09-30 11:28:06'),
(9, 'OnePlus', 9, 1, NULL, '2021-09-30 11:28:06');

-- --------------------------------------------------------


--
-- Dumping data for table `variant_translations`
--

INSERT INTO `variant_translations` (`id`, `title`, `variant_id`, `language_id`, `created_at`, `updated_at`) VALUES
(1, 'Size', 1, 1, NULL, '2021-09-30 11:28:06'),
(2, 'Color', 2, 1, NULL, '2021-09-30 11:28:06'),
(3, 'Phones', 3, 1, NULL, '2021-09-30 11:28:06');



-- --------------------------------------------------------

--
-- Dumping data for table `vendor_categories`
--

INSERT INTO `vendor_categories` (`id`, `vendor_id`, `category_id`, `status`, `created_at`, `updated_at`) VALUES
(1, 2, 3, 1, '2021-09-30 06:39:28', '2021-09-30 06:39:28'),
(2, 2, 14, 1, '2021-09-30 06:39:29', '2021-09-30 06:39:29'),
(3, 2, 15, 1, '2021-09-30 06:39:30', '2021-09-30 06:39:30'),
(4, 6, 5, 1, '2021-09-30 06:39:40', '2021-09-30 06:39:40'),
(5, 6, 18, 1, '2021-09-30 06:39:40', '2021-09-30 06:39:40'),
(6, 6, 19, 1, '2021-09-30 06:39:41', '2021-09-30 06:39:41'),
(7, 6, 20, 1, '2021-09-30 06:39:41', '2021-09-30 06:39:41'),
(8, 5, 23, 1, '2021-09-30 06:39:53', '2021-09-30 06:39:53'),
(9, 5, 24, 1, '2021-09-30 06:39:54', '2021-09-30 06:39:54'),
(10, 5, 25, 1, '2021-09-30 06:39:55', '2021-09-30 06:39:55'),
(11, 4, 12, 1, '2021-09-30 06:40:12', '2021-09-30 06:40:12'),
(12, 4, 21, 1, '2021-09-30 06:40:12', '2021-09-30 06:40:12'),
(13, 4, 22, 1, '2021-09-30 06:40:13', '2021-09-30 06:40:13'),
(14, 3, 4, 1, '2021-09-30 06:40:24', '2021-09-30 06:40:24'),
(15, 3, 8, 1, '2021-09-30 06:40:24', '2021-09-30 06:40:24'),
(16, 3, 9, 1, '2021-09-30 06:40:25', '2021-09-30 06:40:25'),
(17, 3, 10, 1, '2021-09-30 06:40:26', '2021-09-30 06:40:26'),
(18, 3, 16, 1, '2021-09-30 06:40:27', '2021-09-30 06:40:27'),
(19, 3, 17, 1, '2021-09-30 06:40:27', '2021-09-30 06:40:27');


-- --------------------------------------------------------

INSERT INTO `banners` (`id`, `name`, `description`, `image`, `validity_on`, `sorting`, `status`, `start_date_time`, `end_date_time`, `redirect_category_id`, `redirect_vendor_id`, `link`, `created_at`, `updated_at`, `image_mobile`) VALUES
(1, 'Grocery', NULL, 'banner/LASrxkkBVHcfsMjxOczvpP6sJn1T1GSoV45BNQ1Y.png', 1, 1, 1, '2021-09-30 15:40:00', '2025-09-30 12:00:00', NULL, 3, 'vendor', NULL, '2021-10-11 10:23:02', 'banner/NLZRZGGvLbpeiLOhNEcVv0hiixNUTBzTJAwfHCUI.png'),
(3, 'electronics', NULL, 'banner/3dDPzQvmBl0yb8T5RDhU6ucEvRBLVA6PHgrT8fkk.png', 1, 3, 1, '2021-09-30 16:33:00', '2025-09-30 12:00:00', NULL, 5, 'vendor', NULL, '2021-10-11 10:23:34', 'banner/OJzwi3lvAawCMoL239ID0V8M2HvDEHOCRrUpPjnv.png'),
(5, 'Banner', NULL, 'banner/6H1PO631pguQBQut94RqD3W5Skb0kpSO6I2oc8Ja.png', 0, 4, 1, '2021-10-02 21:35:00', '2025-10-24 12:00:00', NULL, NULL, NULL, '2021-10-02 16:06:08', '2021-10-08 06:08:12', 'banner/uYqevoab62TpmIoSqcuM4FiZpYIKtQanIg1ciFg4.png'),
(7, 'Voltaic Cloths', NULL, 'banner/x3w0dxghln3cGuLXmd8aTu4II0Rjs3hJf6IA5zwk.png', 1, 2, 1, '2021-10-03 15:01:00', '2025-10-31 12:00:00', 22, NULL, 'category', '2021-10-03 09:33:06', '2021-10-11 10:23:17', 'banner/RR0KbYvyzxCmv8DvsWgLFQZCulebG4tRSe5ygbly.png');



INSERT INTO `mobile_banners` (`id`, `name`, `description`, `image`, `validity_on`, `sorting`, `status`, `start_date_time`, `end_date_time`, `redirect_category_id`, `redirect_vendor_id`, `link`, `created_at`, `updated_at`) VALUES
(1, 'Grocery', NULL, 'banner/nM3RVKeOfMQS0DPI53NYQzxeHXhOn8Mha9toXV80.png', 1, 1, 1, '2021-09-30 15:40:00', '2025-09-30 12:00:00', NULL, 3, 'vendor', NULL, '2021-11-15 09:59:35'),
(3, 'electronics', NULL, 'banner/LaQ6thmpyJdJBF4enSBKZamCqDLjIK9FaOCOCpYh.png', 1, 3, 1, '2021-09-30 16:33:00', '2025-09-30 12:00:00', NULL, 5, 'vendor', NULL, '2021-11-15 10:00:18'),
(5, 'Pharmacy', NULL, 'banner/jlhnVb70zqQN9PhnswDSIcY81i9cEcmtw0rOrrGv.jpg', 1, 4, 1, '2021-10-02 21:35:00', '2025-10-24 12:00:00', NULL, NULL, NULL, '2021-10-02 16:06:08', '2021-11-15 10:00:51'),
(7, 'Voltaic Cloths', NULL, 'banner/8BadDmFDHaFC1CwCSZwQWJIrgrPW9pfi2NX4kfNo.png', 1, 2, 1, '2021-10-03 15:01:00', '2025-10-31 12:00:00', 22, NULL, 'category', '2021-10-03 09:33:06', '2021-11-15 09:59:55');



INSERT INTO `cab_booking_layouts` (`id`, `title`, `slug`, `order_by`, `is_active`, `created_at`, `updated_at`) VALUES
(1, 'Vendors', 'vendors', 1, 1, NULL, '2021-10-02 11:52:09'),
(2, 'Featured Products', 'featured_products', 2, 1, NULL, NULL),
(3, 'New Products', 'new_products', 3, 1, NULL, NULL),
(4, 'On Sale', 'on_sale', 4, 1, NULL, NULL),
(5, 'Best Sellers', 'best_sellers', 5, 1, NULL, NULL),
(6, 'Brands', 'brands', 6, 1, NULL, NULL);


INSERT INTO `cab_booking_layout_transaltions` (`id`, `title`, `cab_booking_layout_id`, `language_id`, `created_at`, `updated_at`, `body_html`) VALUES
(1, NULL, 1, 1, '2021-10-02 11:47:30', '2021-10-02 11:47:30', NULL),
(2, NULL, 2, 1, '2021-10-02 11:47:30', '2021-10-02 11:47:30', NULL),
(3, NULL, 3, 1, '2021-10-02 11:47:30', '2021-10-02 11:47:30', NULL),
(4, NULL, 4, 1, '2021-10-02 11:47:30', '2021-10-02 11:47:30', NULL),
(5, NULL, 5, 1, '2021-10-02 11:47:30', '2021-10-02 11:47:30', NULL),
(6, NULL, 6, 1, '2021-10-02 11:47:30', '2021-10-02 11:47:30', NULL);


INSERT INTO `app_stylings` (`id`, `name`, `type`, `created_at`, `updated_at`) VALUES
(1, 'Regular Font', 2, NULL, NULL),
(2, 'Medium Font', 2, NULL, NULL),
(3, 'Bold Font', 2, NULL, NULL),
(4, 'Primary Color', 4, NULL, NULL),
(5, 'Secondary Color', 4, NULL, NULL),
(6, 'Tertiary Color', 4, NULL, NULL),
(7, 'Tab Bar Style', 3, NULL, NULL),
(8, 'Home Page Style', 3, NULL, NULL),
(9, 'Home Tag Line', 1, NULL, NULL);



INSERT INTO `app_styling_options` (`id`, `app_styling_id`, `name`, `image`, `is_selected`, `created_at`, `updated_at`, `template_id`) VALUES
(1, 1, 'CircularStd-Book', NULL, 1, NULL, NULL, NULL),
(2, 1, 'SFProText-Regular', NULL, 0, NULL, NULL, NULL),
(3, 1, 'Futura-Normal', NULL, 0, NULL, NULL, NULL),
(4, 1, 'Eina02-Regular', NULL, 0, NULL, NULL, NULL),
(5, 2, 'CircularStd-Medium', NULL, 1, NULL, NULL, NULL),
(6, 2, 'SFProText-Medium', NULL, 0, NULL, NULL, NULL),
(7, 2, 'Futura-Medium', NULL, 0, NULL, NULL, NULL),
(8, 2, 'Eina02-SemiBold', NULL, 0, NULL, NULL, NULL),
(9, 3, 'CircularStd-Bold', NULL, 1, NULL, NULL, NULL),
(10, 3, 'SFProText-Bold', NULL, 0, NULL, NULL, NULL),
(11, 3, 'FuturaBT-Heavy', NULL, 0, NULL, NULL, NULL),
(12, 3, 'Eina02-Bold', NULL, 0, NULL, NULL, NULL),
(13, 4, '#7FA2E2', NULL, 1, NULL, '2021-10-21 08:19:25', NULL),
(14, 5, '#fff', NULL, 1, NULL, NULL, NULL),
(15, 6, '#fff', NULL, 1, NULL, NULL, NULL),
(16, 7, 'Tab 1', 'bar.png', 0, NULL, '2021-10-04 09:24:47', 1),
(17, 7, 'Tab 2', 'bar_two.png', 0, NULL, '2021-10-04 09:24:47', 2),
(18, 7, 'Tab 3', 'bar_three.png', 0, NULL, '2021-10-04 09:24:47', 3),
(19, 7, 'Tab 4', 'bar_four.png', 1, NULL, '2021-10-04 09:24:47', 4),
(20, 7, 'Tab 5', 'bar_five.png', 0, NULL, '2021-10-04 09:24:47', 5),
(21, 8, 'Home Page 1', 'home.png', 0, NULL, '2021-10-04 09:24:49', 1),
(22, 8, 'Home Page 4', 'home_four.png', 0, NULL, '2021-10-04 09:24:49', 2),
(23, 8, 'Home Page 5', 'home_five.png', 1, NULL, '2021-10-04 09:24:49', 3),
(24, 9, 'Create a free account and join us!', NULL, 1, NULL, NULL, NULL),
(25, 8, 'Home Page 6', 'home_six.png', 0, '2021-10-12 14:10:14', '2021-10-12 14:10:14', 4);



INSERT INTO `loyalty_cards` (`id`, `name`, `description`, `image`, `minimum_points`, `per_order_minimum_amount`, `per_order_points`, `per_purchase_minimum_amount`, `amount_per_loyalty_point`, `redeem_points_per_primary_currency`, `status`, `created_at`, `updated_at`, `loyalty_check`) VALUES
(1, 'Gold Plan', 'Gold Loyalty Card', '2f3120/loyalty/image/im5953PjFoo5xub5X4JKes2yV2CwnoAaBiy8ACh1.png', 400, NULL, 5, NULL, 10, 10, '0', '2021-11-16 05:03:53', '2021-11-16 05:15:49', '0'),
(2, 'Silver Plan', 'Silver Loyalty Card', '2f3120/loyalty/image/EAJdZtUl3sjzDLyvZfAjadapVc1S3eAQBSAqvjbr.png', 600, NULL, 8, NULL, 14, 10, '0', '2021-11-16 05:04:29', '2021-11-16 05:15:49', '0'),
(3, 'Platinum Plan', 'Platinum Loyalty Card', '2f3120/loyalty/image/rHwJcu9Q1NWp7TXnANRWoBOhdlWBPVbrBZgS2w1g.png', 800, NULL, 10, NULL, 20, 10, '0', '2021-11-16 05:07:24', '2021-11-16 05:15:49', '0');


UPDATE `client_preferences` SET `dinein_check` = 0 WHERE `client_preferences`.`id` = 1;
UPDATE `client_preferences` SET `takeaway_check` = 0 WHERE `client_preferences`.`id` = 1;
UPDATE `client_preferences` SET `delivery_check` = 1 WHERE `client_preferences`.`id` = 1;


UPDATE `client_preferences` SET `business_type` = 'food_grocery_ecommerce' , `is_hyperlocal` = 0 WHERE `client_preferences`.`id` = 1;

INSERT INTO `service_areas` (`id`, `name`, `description`, `geo_array`, `zoom_level`, `polygon`, `vendor_id`, `created_at`, `updated_at`) VALUES
(1, 'Chandigarh', 'Chandigarh', '(30.642988440280938, 76.74979602976379),(30.67990403017512, 76.5911809174591),(30.76313377904788, 76.60560047312316),(30.803837034274903, 76.67426502390441),(30.79764417197607, 76.75975238962707),(30.756938295554697, 76.8548527924591),(30.692599732830992, 76.910127755838),(30.64180690860332, 76.8768254487091)', 12, 0x000000000103000000010000000900000072b6f2e39aa43e4064a07ca8fc2f53404f05c6300eae3e4064a07ce8d5255340c97b3fbc5cc33e4064a07c28c22653403b868d43c8cd3e4064a07c28272b5340737b906832cc3e4064a07cc89f305340567f48b5c6c13e4064a07ce8b53653403aba51374eb13e4064a07c883f3a534052cc22754da43e4064a07ce81d38534072b6f2e39aa43e4064a07ca8fc2f5340, 6, '2022-01-20 11:22:14', '2022-01-20 11:22:14'),
(2, 'Chandigarh', 'Chandigarh', '(30.629104531559918, 76.71718036814269),(30.658937705069583, 76.5747014252716),(30.77080382519401, 76.59186756296691),(30.79705435475599, 76.70791065378722),(30.79410521437037, 76.7889348237091),(30.739824889082012, 76.87545215769347),(30.700865804466762, 76.89673816843566),(30.64121613735185, 76.85176288767394)', 12, 0x0000000001030000000100000009000000b4d09cfe0ca13e4064a07c48e62d53400a603524b0a83e4064a07ce8c724534009d7446653c53e4064a07c28e1255340b5cf12c10bcc3e4064a07c684e2d5340c64db57a4acb3e4064a07ce87d325340c35ff72965bd3e4064a07c6807385340c911fdf06bb33e4064a07c2864395340f997a3bd26a43e4064a07c4883365340b4d09cfe0ca13e4064a07c48e62d5340, 5, '2022-01-20 11:22:40', '2022-01-20 11:22:40'),
(3, 'Chandigarh', 'Chandigarh', '(30.6610603833352, 76.74390232074217),(30.71036722182931, 76.6415921400781),(30.761123978394096, 76.64296543109373),(30.794455429525133, 76.68691074359373),(30.796814740476577, 76.76175510394529),(30.772334073751097, 76.84552585589842),(30.71420442218065, 76.8887845228906),(30.664013597281752, 76.8338528822656)', 12, 0x00000000010300000001000000090000001d1bd7403ba93e4064c07a189c2f534042e851a0dab53e4064c07ad80f29534070676305d9c23e4064c07a5826295340a9f0576e61cb3e4064c07a58f62b53405051030dfccb3e4064c07a98c0305340f05894afb7c53e4064c07a181d365340aaecdb19d6b63e4064c07ad8e1385340a86c8ccbfca93e4064c07ad85d3553401d1bd7403ba93e4064c07a189c2f5340, 4, '2022-01-20 11:23:42', '2022-01-20 11:23:42'),
(4, 'Chandigarh', 'Chandigarh', '(30.629104531559918, 76.72507679148254),(30.67193145676885, 76.55719196482238),(30.774048660693385, 76.55032550974425),(30.81799064953693, 76.58877765818175),(30.8221183945217, 76.67701160593566),(30.826540781553327, 76.75116932077941),(30.77434364031262, 76.83494007273254),(30.711492570444996, 76.90532123728332),(30.654802963134202, 76.8987981049591),(30.639739193436668, 76.81811725779113)', 12, 0x000000000103000000010000000b000000b4d09cfe0ca13e4064a07ca8672e5340d1f92fb303ac3e4064a07c08a9235340d130930d28c63e4064a07c8838235340e631d0d567d13e4064a07c88ae25534025e9e15976d23e4064a07c28542b5340f294392d98d33e4064a07c28133053401f0283623bc63e4064a07ca86f3553408268896024b63e4064a07cc8f03953403cfcbf2aa1a73e4064a07ce885395340a8c7a1f2c5a33e4064a07c085c345340b4d09cfe0ca13e4064a07ca8672e5340, 3, '2022-01-20 11:24:10', '2022-01-20 11:24:10'),
(5, 'Chandigarh', 'Chandigarh', '(30.629399954618368, 76.7230168549591),(30.66779727075835, 76.58671772165832),(30.75251270609739, 76.55581867380675),(30.81799064953693, 76.5966740815216),(30.82329771764514, 76.66499530954894),(30.82329771764514, 76.74395954294738),(30.814157584629733, 76.80404102488097),(30.74838197242348, 76.86755573435363),(30.70263701341705, 76.90154468699035),(30.64712368748285, 76.86961567087707)', 12, 0x000000000103000000010000000b0000009530fd5a20a13e4064a07ce8452e5340e2430ec3f4aa3e4064a07cc88c255340448336aca4c03e4064a07c8892235340e631d0d567d13e4064a07ce82f2653404628a4a3c3d23e4064a07c488f2a53404628a4a3c3d23e4064a07c089d2f53406ac6a7a16cd03e4064a07c68753353408e7900f695bf3e4064a07c0886375340d995f104e0b33e4064a07ce8b2395340ad34e2e5a9a53e4064a07cc8a73753409530fd5a20a13e4064a07ce8452e5340, 2, '2022-01-20 11:24:37', '2022-01-20 11:24:37');

UPDATE `clients` SET `logo` = 'Clientlogo/6156d4f0f2ede.png' WHERE  1;